Container	            CPU-usage(%)	Memory-usage(bytes)
rfsim5g-oai-cuup	0.00028204431233	13160448.0
rfsim5g-oai-cuup	0.0001774506818131	13365248.0
rfsim5g-oai-cuup	0.0008226450151391	13381632.0
rfsim5g-oai-cuup	0.0016630861714588	13398016.0
rfsim5g-oai-cuup	0.0005247323387549	13414400.0
rfsim5g-oai-cuup	0.0002327589007291	13430784.0
rfsim5g-oai-cuup	0.001050364060572	13438976.0
rfsim5g-oai-cuup	0.0013340139091419	13459456.0
rfsim5g-oai-cuup	0.0012582902413153	13471744.0
rfsim5g-oai-cuup	0.0003240230929019	13484032.0
rfsim5g-oai-cuup	0.0006131066914169	13500416.0
rfsim5g-oai-cuup	0.0009767743304163	13520896.0
rfsim5g-oai-cuup	0.0012517179475778	13524992.0
rfsim5g-oai-cuup	0.0001864884506791	13545472.0
rfsim5g-oai-cuup	0.0016048012049532	13553664.0
rfsim5g-oai-cuup	0.000165476579	    13570048.0
rfsim5g-oai-cuup	0.0008043080376085	13582336.0
rfsim5g-oai-cuup	0.0010068241284587	13602816.0
rfsim5g-oai-cuup	0.0006080877459409	13611008.0
rfsim5g-oai-cuup	0.0010309098867722	13668352.0
rfsim5g-oai-cuup	0.000588319083092	13676544.0
rfsim5g-oai-cuup	0.0007213187294148	13692928.0
rfsim5g-oai-cuup	0.0011327776918145	13709312.0
rfsim5g-oai-cuup	0.0008611735228453	13721600.0
rfsim5g-oai-cuup	0.0012734254014535	13737984.0
rfsim5g-oai-cuup	0.0008419321870377	13750272.0
rfsim5g-oai-cuup	0.0007958590142143	13762560.0
rfsim5g-oai-cuup	0.0004521030165298	13783040.0
rfsim5g-oai-cuup	0.0013716143182557	13819904.0
rfsim5g-oai-cuup	0.0008215415120945	13807616.0
rfsim5g-oai-cuup	0.0006825189283002	14684160.0
rfsim5g-oai-cuup	0.000809719644213	13840384.0
rfsim5g-oai-cuup	0.0002196147551772	13852672.0
rfsim5g-oai-cuup	0.0019737077922077	13864960.0
rfsim5g-oai-cuup	0.0007590706168831	13877248.0
rfsim5g-oai-cuup	0.0002821398078273	13893632.0
rfsim5g-oai-cuup	0.0002086958328678	13914112.0
rfsim5g-oai-cuup	0.0010199982348341	13922304.0
rfsim5g-oai-cuup	0.0011409603843145	13938688.0
rfsim5g-oai-cuup	0.0001265359848061	13950976.0
rfsim5g-oai-cuup	0.0005622532008237	13971456.0
rfsim5g-oai-cuup	0.0004493075700599	13979648.0
rfsim5g-oai-cuup	0.0002665973229474	13996032.0
rfsim5g-oai-cuup	0.0012222136270033	14008320.0
rfsim5g-oai-cuup	0.0001329509781567	14024704.0
rfsim5g-oai-cuup	0.0012649945277942	14036992.0
rfsim5g-oai-cuup	8.66714852478e-05	14053376.0
rfsim5g-oai-cuup	0.0013155841123626	14065664.0
rfsim5g-oai-cuup	0.0006434775571908	14082048.0
rfsim5g-oai-cuup	0.0005800404170649	14094336.0
rfsim5g-oai-cuup	0.000306103621529	14110720.0
rfsim5g-oai-cuup	0.0010300713856961	14127104.0
rfsim5g-oai-cuup	0.0004721038520464	14139392.0
rfsim5g-oai-cuup	0.0012752862114248	14151680.0
rfsim5g-oai-cuup	0.0002406785292186	14168064.0
rfsim5g-oai-cuup	0.0005522265922521	14180352.0
rfsim5g-oai-cuup	0.0006126788721496	14196736.0
rfsim5g-oai-cuup	0.0006334000955805	14209024.0
rfsim5g-oai-cuup	0.0005359840016385	14225408.0
rfsim5g-oai-cuup	0.0008752836921396	14237696.0
rfsim5g-oai-cuup	0.0006133104326847	14258176.0
rfsim5g-oai-cuup	0.000633791368853	14266368.0
rfsim5g-oai-cuup	0.0001140199319068	14282752.0
rfsim5g-oai-cuup	0.00123141999053	14295040.0
rfsim5g-oai-cuup	0.000227503844688	14311424.0
rfsim5g-oai-cuup	0.0002401802856054	14323712.0
rfsim5g-oai-cuup	0.001149544107427	14344192.0
rfsim5g-oai-cuup	0.0018810741139282	14352384.0
rfsim5g-oai-cuup	0.001161035912755	14368768.0
rfsim5g-oai-cuup	0.0001520788762712	14381056.0
rfsim5g-oai-cuup	0.0005645472137412	14397440.0
rfsim5g-oai-cuup	0.0006250554176642	14540800.0
rfsim5g-oai-cuup	0.0007586879671892	14426112.0
rfsim5g-oai-cuup	0.0002414805627218	14442496.0
rfsim5g-oai-cuup	0.0004576958170712	14454784.0
rfsim5g-oai-cuup	0.0012816907896187	14471168.0
rfsim5g-oai-cuup	0.0006857965610382	14487552.0
rfsim5g-oai-cuup	0.0011867381689614	14499840.0
rfsim5g-oai-cuup	0.0012738049278608	14516224.0
rfsim5g-oai-cuup	7.9858159299e-05	14532608.0
rfsim5g-oai-cuup	0.0002508545957717	14540800.0
rfsim5g-oai-cuup	0.0003229708057345	14561280.0
rfsim5g-oai-cuup	0.0013490668042827	14573568.0
rfsim5g-oai-cuup	0.0028736801560656	14585856.0
rfsim5g-oai-cuup	0.0012358148294829	14598144.0
rfsim5g-oai-cuup	0.0009413239383938	14614528.0
rfsim5g-oai-cuup	0.0007453143894389	14630912.0
rfsim5g-oai-cuup	0.0003337446644664	14647296.0
rfsim5g-oai-cuup	0.0011386991479473	14655488.0
rfsim5g-oai-cuup	0.0002547565342481	14671872.0
rfsim5g-oai-cuup	0.0006013949098152	14684160.0
rfsim5g-oai-cuup	0.0012988385083545	14704640.0
rfsim5g-oai-cuup	0.0004331336035093	14716928.0
rfsim5g-oai-cuup	0.0002838841212228	14733312.0
rfsim5g-oai-cuup	0.0016475781469193	14745600.0
rfsim5g-oai-cuup	0.0010276411632412	14757888.0
rfsim5g-oai-cuup	0.001614797254054	14770176.0
rfsim5g-oai-cuup	4.18438054053e-05	14786560.0
rfsim5g-oai-cuup	0.0011980363675675	14798848.0
rfsim5g-oai-cuup	2.91384432432e-05	14815232.0
rfsim5g-oai-cuup	0.0003593386606818	14831616.0
rfsim5g-oai-cuup	0.000880936026478	14843904.0
rfsim5g-oai-cuup	0.001451805880486	14864384.0
rfsim5g-oai-cuup	0.0006564355957562	14880768.0
rfsim5g-oai-cuup	0.0002805114456634	14893056.0
rfsim5g-oai-cuup	0.0013067452153373	14905344.0
rfsim5g-oai-cuup	0.0010451138826957	14921728.0
rfsim5g-oai-cuup	0.0006814397916161	14934016.0
rfsim5g-oai-cuup	0.0004237340646828	14950400.0
rfsim5g-oai-cuup	9.11836475508e-05	14962688.0
rfsim5g-oai-cuup	0.0025509673520331	14983168.0
rfsim5g-oai-cuup	0.0002565753574635	14991360.0
rfsim5g-oai-cuup	0.0007680208134297	15011840.0
rfsim5g-oai-cuup	0.0006841236294981	15020032.0
rfsim5g-oai-cuup	0.0003253102907056	15036416.0
rfsim5g-oai-cuup	0.000954071652791	15048704.0
rfsim5g-oai-cuup	0.0009808207593142	15065088.0
rfsim5g-oai-cuup	0.0005799495857883	15077376.0
rfsim5g-oai-cuup	0.0004779620121384	15093760.0
rfsim5g-oai-cuup	0.0010788724360962	15110144.0
rfsim5g-oai-cuup	0.0007215583884306	15126528.0
rfsim5g-oai-cuup	0.0013643949538951	15142912.0
rfsim5g-oai-cuup	0.0001241879132299	15155200.0
rfsim5g-oai-cuup	0.0002798629458461	15167488.0
rfsim5g-oai-cuup	0.0007027234540912	15183872.0
rfsim5g-oai-cuup	0.0007757823235477	15200256.0
rfsim5g-oai-cuup	0.0004137942803604	15216640.0
rfsim5g-oai-cuup	0.0011634854109038	15224832.0
rfsim5g-oai-cuup	3.2050209205e-05	15245312.0
rfsim5g-oai-cuup	0.0004090337384604	15257600.0
rfsim5g-oai-cuup	0.0007909073077859	15396864.0
rfsim5g-oai-cuup	0.0016143644816364	15286272.0
rfsim5g-oai-cuup	0.0009322104065838	15302656.0
rfsim5g-oai-cuup	0.0003770562927938	15314944.0
rfsim5g-oai-cuup	0.0009395200392532	15327232.0
rfsim5g-oai-cuup	0.0010924544907108	15339520.0
rfsim5g-oai-cuup	0.0005333155706313	15355904.0
rfsim5g-oai-cuup	0.0006571267315898	15372288.0
rfsim5g-oai-cuup	0.0009526324762009	15388672.0
rfsim5g-oai-cuup	0.00098189265784	15400960.0
rfsim5g-oai-cuup	0.0010531309130662	15417344.0
rfsim5g-oai-cuup	0.0005873028674243	15429632.0
rfsim5g-oai-cuup	0.000229231534835	15441920.0
rfsim5g-oai-cuup	0.0006891391122144	15458304.0
rfsim5g-oai-cuup	0.0008641114866377	15470592.0
rfsim5g-oai-cuup	0.0009627006132772	15486976.0
rfsim5g-oai-cuup	0.0016421981288329	15499264.0
rfsim5g-oai-cuup	0.0004267302027843	15515648.0
rfsim5g-oai-cuup	0.000181526517501	15527936.0
rfsim5g-oai-cuup	0.0012818705361098	15544320.0
rfsim5g-oai-cuup	0.0005772053389455	15560704.0
rfsim5g-oai-cuup	0.0013528039654408	15572992.0
rfsim5g-oai-cuup	0.0013433706780372	15585280.0
rfsim5g-oai-cuup	0.001014747630515	15605760.0
rfsim5g-oai-cuup	0.0004054995029052	15618048.0
rfsim5g-oai-cuup	0.0007569686057044	15630336.0
rfsim5g-oai-cuup	0.0008182549812365	15642624.0
rfsim5g-oai-cuup	0.0009978865484274	15663104.0
rfsim5g-oai-cuup	0.0006986121336669	15671296.0
rfsim5g-oai-cuup	0.0014455039537169	15687680.0
rfsim5g-oai-cuup	0.0019561747257122	15699968.0
rfsim5g-oai-cuup	0.0002469778357812	15716352.0
rfsim5g-oai-cuup	0.0008143965006193	15728640.0
rfsim5g-oai-cuup	0.0004522879578835	15745024.0
rfsim5g-oai-cuup	0.0017938540867187	15757312.0
rfsim5g-oai-cuup	0.0008750931807154	15773696.0
rfsim5g-oai-cuup	0.0008272208989458	15785984.0
rfsim5g-oai-cuup	0.0007950142252216	15802368.0
rfsim5g-oai-cuup	0.000821545336216	15814656.0
rfsim5g-oai-cuup	0.0012991963907518	15831040.0
rfsim5g-oai-cuup	0.0005226977364983	15847424.0
rfsim5g-oai-cuup	0.0001282178123897	15863808.0
rfsim5g-oai-cuup	0.0001168748308219	15876096.0
rfsim5g-oai-cuup	0.0016514189524497	15892480.0
rfsim5g-oai-cuup	0.0004511719299828	16031744.0
rfsim5g-oai-cuup	0.0003069176441396	15917056.0
rfsim5g-oai-cuup	0.0008993838759206	15937536.0
rfsim5g-oai-cuup	1.73125125169e-05	15949824.0
rfsim5g-oai-cuup	0.0015696240459289	15962112.0
rfsim5g-oai-cuup	0.0002524091323794	15978496.0
rfsim5g-oai-cuup	0.0003890491266128	15994880.0
rfsim5g-oai-cuup	0.0010574174632228	16003072.0
rfsim5g-oai-cuup	0.0001664160169932	16019456.0
rfsim5g-oai-cuup	0.0012613827311142	16035840.0
rfsim5g-oai-cuup	0.0001499503917015	16052224.0
rfsim5g-oai-cuup	0.0017457743104533	16068608.0
rfsim5g-oai-cuup	0.0007496219049065	16080896.0
rfsim5g-oai-cuup	0.0007165879863718	16093184.0
rfsim5g-oai-cuup	0.000144760257707	16109568.0
rfsim5g-oai-cuup	0.0024941063811073	16121856.0
rfsim5g-oai-cuup	0.0001999751748098	16134144.0
rfsim5g-oai-cuup	6.36884647521e-05	16150528.0
rfsim5g-oai-cuup	0.001308662604673	16166912.0
rfsim5g-oai-cuup	0.00060652236952	16179200.0
rfsim5g-oai-cuup	0.0005109480221874	16195584.0
rfsim5g-oai-cuup	6.1890454672e-05	16203776.0
rfsim5g-oai-cuup	0.000980596299633	16224256.0
rfsim5g-oai-cuup	0.0008154851787558	16236544.0
rfsim5g-oai-cuup	0.0001754262233843	16252928.0
rfsim5g-oai-cuup	0.0006718478103232	16265216.0
rfsim5g-oai-cuup	0.0010138288436493	16281600.0
rfsim5g-oai-cuup	0.0009310554755866	16289792.0
rfsim5g-oai-cuup	0.0003586895377796	16310272.0
rfsim5g-oai-cuup	0.0008162363881463	16322560.0
rfsim5g-oai-cuup	0.0012530673733184	16461824.0
rfsim5g-oai-cuup	0.000540931990256	16355328.0
rfsim5g-oai-cuup	0.0021178649680689	16363520.0
rfsim5g-oai-cuup	0.0002071827199508	16384000.0
rfsim5g-oai-cuup	0.0002754555744699	16392192.0
rfsim5g-oai-cuup	0.0004283247628943	16412672.0
rfsim5g-oai-cuup	0.0017556413680277	16424960.0
rfsim5g-oai-cuup	0.0009807731523445	16441344.0
rfsim5g-oai-cuup	0.0006613575877945	16449536.0
rfsim5g-oai-cuup	0.0023524780852216	16470016.0
rfsim5g-oai-cuup	0.0006467261894014	16605184.0
rfsim5g-oai-cuup	0.0002935043107339	16498688.0
rfsim5g-oai-cuup	0.0006682182755784	16510976.0
rfsim5g-oai-cuup	0.0009997552512836	16527360.0
rfsim5g-oai-cuup	0.0008577592078063	16662528.0
rfsim5g-oai-cuup	0.0008181885794305	16556032.0
rfsim5g-oai-cuup	0.0006054669866619	16568320.0
rfsim5g-oai-cuup	0.0006659632595279	16580608.0
rfsim5g-oai-cuup	0.0012454726271317	16596992.0
rfsim5g-oai-cuup	0.0012002918666637	16613376.0
rfsim5g-oai-cuup	0.0008263218091507	16625664.0
rfsim5g-oai-cuup	0.0016885268812498	16642048.0
rfsim5g-oai-cuup	0.0011680048576617	16650240.0
rfsim5g-oai-cuup	0.0004069475503818	16666624.0
rfsim5g-oai-cuup	0.0018376636691448	16683008.0
rfsim5g-oai-cuup	0.0003072881404976	16699392.0
rfsim5g-oai-cuup	0.0005256784935226	16711680.0
rfsim5g-oai-cuup	0.0010037319592218	16728064.0
rfsim5g-oai-cuup	0.0007614780755311	16744448.0
rfsim5g-oai-cuup	0.0006987367065562	16752640.0
rfsim5g-oai-cuup	0.0014476889722697	16764928.0
rfsim5g-oai-cuup	0.0006017625274749	16785408.0
rfsim5g-oai-cuup	0.0010490476264591	16801792.0
rfsim5g-oai-cuup	0.0006519587548638	16814080.0
rfsim5g-oai-cuup	0.0003393759199555	16830464.0
rfsim5g-oai-cuup	0.0005279906837131	16838656.0
rfsim5g-oai-cuup	0.0002618914311051	16859136.0
rfsim5g-oai-cuup	0.001524448220818	16871424.0
rfsim5g-oai-cuup	0.0004860526992573	16887808.0
rfsim5g-oai-cuup	0.0009004245205631	16900096.0
rfsim5g-oai-cuup	0.0006582707947447	16916480.0
rfsim5g-oai-cuup	0.000739709735085	16928768.0
rfsim5g-oai-cuup	0.0006525507861296	16945152.0
rfsim5g-oai-cuup	0.0005751758992031	16957440.0
rfsim5g-oai-cuup	0.001048258772411	16973824.0
rfsim5g-oai-cuup	0.0009704526981061	17113088.0
rfsim5g-oai-cuup	0.0002400543132392	17006592.0
rfsim5g-oai-cuup	0.00037016915008	17018880.0
rfsim5g-oai-cuup	0.0002235767846627	17035264.0
rfsim5g-oai-cuup	0.0008986206896551	17043456.0
rfsim5g-oai-cuup	0.000154331762961	17063936.0
rfsim5g-oai-cuup	0.0013606261859582	17076224.0
rfsim5g-oai-cuup	7.85604866308e-05	17092608.0
rfsim5g-oai-cuup	0.0008603380362544	17104896.0
rfsim5g-oai-cuup	0.0001357171181912	17121280.0
rfsim5g-oai-cuup	0.0015377966924996	17129472.0
rfsim5g-oai-cuup	0.0006097149767189	17149952.0
rfsim5g-oai-cuup	0.0002576917182767	17162240.0
rfsim5g-oai-cuup	0.001687955313955	17203200.0
rfsim5g-oai-cuup	0.0001498216400705	17190912.0
rfsim5g-oai-cuup	0.0004716040471425	17207296.0
rfsim5g-oai-cuup	0.0014183066044029	17219584.0
rfsim5g-oai-cuup	0.0002555319323993	17231872.0
rfsim5g-oai-cuup	0.0005547726706693	17248256.0
rfsim5g-oai-cuup	0.0001534849508876	17264640.0
rfsim5g-oai-cuup	0.0013528324096602	17281024.0
rfsim5g-oai-cuup	0.0014223977201045	17289216.0
rfsim5g-oai-cuup	0.0008803169775615	17305600.0
rfsim5g-oai-cuup	0.000328521457684	17317888.0
rfsim5g-oai-cuup	0.0018374756653081	17338368.0
rfsim5g-oai-cuup	0.0007984878925917	17350656.0
rfsim5g-oai-cuup	0.0010774405527342	17367040.0
rfsim5g-oai-cuup	0.0010860963464741	17383424.0
rfsim5g-oai-cuup	0.0007369144253192	17399808.0
rfsim5g-oai-cuup	0.0021076499056079	17412096.0
rfsim5g-oai-cuup	0.0001525637312603	17428480.0
rfsim5g-oai-cuup	0.0002050689174295	17440768.0
rfsim5g-oai-cuup	0.0008662265682988	17453056.0
rfsim5g-oai-cuup	0.0013957506916484	17469440.0
rfsim5g-oai-cuup	0.0008405352347106	17485824.0
rfsim5g-oai-cuup	0.0005837214979747	17498112.0
rfsim5g-oai-cuup	0.0004099853920895	17514496.0
rfsim5g-oai-cuup	0.0012235423740067	17522688.0
rfsim5g-oai-cuup	0.0010703818861911	17539072.0
rfsim5g-oai-cuup	0.0006215196784495	17555456.0
rfsim5g-oai-cuup	0.0006195370774143	17571840.0
rfsim5g-oai-cuup	0.0010534829644312	17584128.0
rfsim5g-oai-cuup	0.0009124065851778	17600512.0
rfsim5g-oai-cuup	0.0016827917439074	17735680.0
rfsim5g-oai-cuup	0.0003586821901704	17629184.0
rfsim5g-oai-cuup	0.0011261404349595	17641472.0
rfsim5g-oai-cuup	0.0006694740697201	17657856.0
rfsim5g-oai-cuup	0.0004303418082876	17670144.0
rfsim5g-oai-cuup	0.0005090574735715	17686528.0
rfsim5g-oai-cuup	0.0015446400597707	17694720.0
rfsim5g-oai-cuup	6.24563316829e-05	17838080.0
rfsim5g-oai-cuup	0.0002227717816638	17727488.0
rfsim5g-oai-cuup	0.0006967231888223	17743872.0
rfsim5g-oai-cuup	0.0005295365993854	17756160.0
rfsim5g-oai-cuup	0.0016440488581345	17768448.0
rfsim5g-oai-cuup	0.0006929363628134	17784832.0
rfsim5g-oai-cuup	0.0001303404091608	17801216.0
rfsim5g-oai-cuup	0.0004860587716122	17813504.0
rfsim5g-oai-cuup	0.0018390808364261	17829888.0
rfsim5g-oai-cuup	0.0003629715569195	17842176.0
rfsim5g-oai-cuup	0.001640641070118	17858560.0
rfsim5g-oai-cuup	0.0012174510641136	17866752.0
rfsim5g-oai-cuup	0.0001546578824471	18010112.0
rfsim5g-oai-cuup	0.0016924768489882	17899520.0
rfsim5g-oai-cuup	0.0001722338075461	17915904.0
rfsim5g-oai-cuup	0.0009676995891137	17932288.0
rfsim5g-oai-cuup	0.0002910596889635	17944576.0
rfsim5g-oai-cuup	0.0011110746466828	17960960.0
rfsim5g-oai-cuup	0.0009070655774597	17973248.0
rfsim5g-oai-cuup	0.000451409847871	17989632.0
rfsim5g-oai-cuup	0.0001643909217751	18124800.0
rfsim5g-oai-cuup	0.0002263895249316	18018304.0
rfsim5g-oai-cuup	0.0008545541871373	18030592.0
rfsim5g-oai-cuup	0.0002665659915968	18046976.0
rfsim5g-oai-cuup	0.0010694516595158	18059264.0
rfsim5g-oai-cuup	0.0008322335581973	18075648.0
rfsim5g-oai-cuup	0.0005953737941945	18083840.0
rfsim5g-oai-cuup	0.0005987907007405	18104320.0
rfsim5g-oai-cuup	0.0006814160715463	18145280.0
rfsim5g-oai-cuup	0.0005207186844893	18255872.0
rfsim5g-oai-cuup	0.0001564081779861	18145280.0
rfsim5g-oai-cuup	0.0008520899172733	18161664.0
rfsim5g-oai-cuup	0.001333112436039	18169856.0
rfsim5g-oai-cuup	0.0012074729074841	18190336.0
rfsim5g-oai-cuup	8.88557331754e-05	18202624.0
rfsim5g-oai-cuup	0.0010843969037124	18214912.0
rfsim5g-oai-cuup	0.0008605720676271	18227200.0
rfsim5g-oai-cuup	0.0010767449369208	18243584.0
rfsim5g-oai-cuup	0.0001452904320642	18255872.0
rfsim5g-oai-cuup	0.0022536913252204	18276352.0
rfsim5g-oai-cuup	1.65942838003e-05	18292736.0
rfsim5g-oai-cuup	0.0014905991554719	18305024.0
rfsim5g-oai-cuup	0.0006801326959261	18317312.0
rfsim5g-oai-cuup	0.0007452339517787	18333696.0
rfsim5g-oai-cuup	0.0020597869426333	18350080.0
rfsim5g-oai-cuup	0.0006732578859023	18362368.0
rfsim5g-oai-cuup	0.0001025560351404	18374656.0
rfsim5g-oai-cuup	0.0019729717262877	18391040.0
rfsim5g-oai-cuup	0.0007663193817714	18407424.0
rfsim5g-oai-cuup	0.0012408669144481	18419712.0
rfsim5g-oai-cuup	0.0002186302084499	18436096.0
rfsim5g-oai-cuup	0.0012502493115106	18448384.0
rfsim5g-oai-cuup	0.0006590753867854	18460672.0
rfsim5g-oai-cuup	0.0006774518744339	18477056.0
rfsim5g-oai-cuup	0.000621823513818	18493440.0
rfsim5g-oai-cuup	0.0017487938674972	18505728.0
rfsim5g-oai-cuup	0.0001774257185145	18644992.0
rfsim5g-oai-cuup	0.0011534352903897	18530304.0
rfsim5g-oai-cuup	0.0018593552804309	18550784.0
rfsim5g-oai-cuup	0.0001658674120682	18563072.0
rfsim5g-oai-cuup	3.88637454166e-05	18579456.0
rfsim5g-oai-cuup	0.000632043212237	18591744.0
rfsim5g-oai-cuup	0.0005362835001687	18608128.0
rfsim5g-oai-cuup	0.0006834527949612	18620416.0
rfsim5g-oai-cuup	0.0015748846473962	18632704.0
rfsim5g-oai-cuup	0.0003076725394497	18771968.0
rfsim5g-oai-cuup	0.0005058789039416	18661376.0
rfsim5g-oai-cuup	1.8920597054e-05	18677760.0
rfsim5g-oai-cuup	0.0021628855573307	18694144.0
rfsim5g-oai-cuup	0.0005463840881485	18702336.0
rfsim5g-oai-cuup	0.0006757878925906	18718720.0
rfsim5g-oai-cuup	0.0007163442217595	18735104.0
rfsim5g-oai-cuup	0.00072270755249	18751488.0
rfsim5g-oai-cuup	0.0007562302726431	18763776.0
rfsim5g-oai-cuup	0.0004647441845451	18780160.0
rfsim5g-oai-cuup	0.0006423687030621	18919424.0
rfsim5g-oai-cuup	0.0010675885390889	18931712.0
rfsim5g-oai-cuup	0.0008100759872981	18825216.0
rfsim5g-oai-cuup	0.0007022798872937	18833408.0
rfsim5g-oai-cuup	0.0015009008005724	18853888.0
rfsim5g-oai-cuup	0.0001599141509012	18862080.0
rfsim5g-oai-cuup	0.0006714013826401	18882560.0
rfsim5g-oai-cuup	0.0010934183693624	18890752.0
rfsim5g-oai-cuup	0.0008301042686272	18911232.0
rfsim5g-oai-cuup	0.0001774443103258	18923520.0
rfsim5g-oai-cuup	0.0009930947086065	18935808.0
rfsim5g-oai-cuup	0.0002788440552065	18952192.0
rfsim5g-oai-cuup	0.000723435989729	18968576.0
rfsim5g-oai-cuup	0.0007893846347838	18980864.0
rfsim5g-oai-cuup	0.0019442667720447	18993152.0
rfsim5g-oai-cuup	0.0008379234503782	19005440.0
rfsim5g-oai-cuup	0.0005038915434119	19025920.0
rfsim5g-oai-cuup	8.67228181099e-05	19038208.0
rfsim5g-oai-cuup	0.0008772985354691	19054592.0
rfsim5g-oai-cuup	0.0009326494050343	19070976.0
rfsim5g-oai-cuup	0.00094410194508	19087360.0
rfsim5g-oai-cuup	0.0001822352402745	19095552.0
rfsim5g-oai-cuup	0.0026159232694101	19111936.0
rfsim5g-oai-cuup	0.0002224049682658	19128320.0
rfsim5g-oai-cuup	0.0008576807024727	19140608.0
rfsim5g-oai-cuup	0.0003334773993949	19156992.0
rfsim5g-oai-cuup	3.71089224801e-05	19169280.0
rfsim5g-oai-cuup	0.0016954197712528	19230720.0
rfsim5g-oai-cuup	0.0009528658952578	19197952.0
rfsim5g-oai-cuup	0.0002942838271687	19218432.0
rfsim5g-oai-cuup	0.0007100474910394	19230720.0
rfsim5g-oai-cuup	0.0011519808691755	19247104.0
rfsim5g-oai-cuup	0.0009969202732974	19259392.0
rfsim5g-oai-cuup	0.000638777172939	19275776.0
rfsim5g-oai-cuup	0.0006548211281598	19288064.0
rfsim5g-oai-cuup	0.0008277829340986	19304448.0
rfsim5g-oai-cuup	0.0006979375648526	19316736.0
rfsim5g-oai-cuup	0.0011573318467821	19333120.0
rfsim5g-oai-cuup	0.0005779916911891	19345408.0
rfsim5g-oai-cuup	0.001007672732387	19361792.0
rfsim5g-oai-cuup	3.59191838324e-05	19369984.0
rfsim5g-oai-cuup	0.0015886760212913	19390464.0
rfsim5g-oai-cuup	0.000402820029455	19402752.0
rfsim5g-oai-cuup	0.0009876647357224	19419136.0
rfsim5g-oai-cuup	0.0005738817214858	19431424.0
rfsim5g-oai-cuup	0.0007597650139093	19443712.0
rfsim5g-oai-cuup	0.000390606976331	19472384.0
rfsim5g-oai-cuup	0.0006462304276388	19476480.0
rfsim5g-oai-cuup	0.0017766405257782	19488768.0
rfsim5g-oai-cuup	0.0005668715085039	19505152.0
rfsim5g-oai-cuup	0.0002964084415584	19517440.0
rfsim5g-oai-cuup	0.0010316817840054	19533824.0
rfsim5g-oai-cuup	0.0008769820232399	19546112.0
rfsim5g-oai-cuup	0.0010435477785372	19562496.0
rfsim5g-oai-cuup	0.0008404540315483	19701760.0
rfsim5g-oai-cuup	4.57854918421e-05	19595264.0
rfsim5g-oai-cuup	0.0005992759122605	19607552.0
rfsim5g-oai-cuup	0.0007666634621894	19619840.0
rfsim5g-oai-cuup	0.0015842424155124	19636224.0
rfsim5g-oai-cuup	3.49510249307e-05	19652608.0
rfsim5g-oai-cuup	0.0006866588808864	19664896.0
rfsim5g-oai-cuup	0.0001193164986149	19681280.0
rfsim5g-oai-cuup	0.0009752018957345	19693568.0
rfsim5g-oai-cuup	5.59214962762e-05	19709952.0
rfsim5g-oai-cuup	0.0009810340555179	19845120.0
rfsim5g-oai-cuup	0.0009388256601218	19738624.0
rfsim5g-oai-cuup	0.0007963552100802	19750912.0
rfsim5g-oai-cuup	0.0007137742600734	19763200.0
rfsim5g-oai-cuup	0.0005524197978515	19779584.0
rfsim5g-oai-cuup	0.0006403663599691	19791872.0
rfsim5g-oai-cuup	0.0010923839771388	19808256.0
rfsim5g-oai-cuup	0.0002845720098798	19824640.0
rfsim5g-oai-cuup	0.000535418820833	19836928.0
rfsim5g-oai-cuup	0.0004205064787093	19857408.0
rfsim5g-oai-cuup	0.0008211062176165	19869696.0
rfsim5g-oai-cuup	1.17721889509e-05	19881984.0
rfsim5g-oai-cuup	0.0007372198035125	19898368.0
rfsim5g-oai-cuup	0.001630137473925	19906560.0
rfsim5g-oai-cuup	0.0009699015518269	19927040.0
rfsim5g-oai-cuup	0.0008608928310896	19939328.0
rfsim5g-oai-cuup	0.00013237754493	19955712.0
rfsim5g-oai-cuup	0.0008533278400424	19963904.0
rfsim5g-oai-cuup	0.0007991679061199	19984384.0
rfsim5g-oai-cuup	0.0010175630529212	19996672.0
rfsim5g-oai-cuup	8.53215300993e-05	20013056.0
rfsim5g-oai-cuup	0.0005883641036137	20021248.0
rfsim5g-oai-cuup	0.000982981629151	20041728.0
rfsim5g-oai-cuup	0.0011845506880656	20176896.0
rfsim5g-oai-cuup	0.0007215073517041	20066304.0
rfsim5g-oai-cuup	0.0001155106153897	20078592.0
rfsim5g-oai-cuup	0.0001020377376952	20094976.0
rfsim5g-oai-cuup	0.0006265043869662	20111360.0
rfsim5g-oai-cuup	4.09914543853e-05	20131840.0
rfsim5g-oai-cuup	0.001863857921002	20144128.0
rfsim5g-oai-cuup	0.0006596328634403	20156416.0
rfsim5g-oai-cuup	0.0009933426607264	20164608.0
rfsim5g-oai-cuup	3.89172090803e-05	20185088.0
rfsim5g-oai-cuup	0.0006136435096993	20193280.0
rfsim5g-oai-cuup	0.0001096679294187	20213760.0
rfsim5g-oai-cuup	0.0017914321935333	20348928.0
rfsim5g-oai-cuup	0.0012848656498188	20365312.0
rfsim5g-oai-cuup	0.0003076075166982	20258816.0
rfsim5g-oai-cuup	0.0004941817301768	20271104.0
rfsim5g-oai-cuup	0.0010197185822405	20410368.0
rfsim5g-oai-cuup	0.0010103063011528	20422656.0
rfsim5g-oai-cuup	7.20416483323e-05	20312064.0
rfsim5g-oai-cuup	0.0009730495581087	20328448.0
rfsim5g-oai-cuup	3.78087715422e-05	20344832.0
rfsim5g-oai-cuup	0.0014718351303579	20357120.0
rfsim5g-oai-cuup	0.0002239524083075	20373504.0
rfsim5g-oai-cuup	0.000803390501908	20385792.0
rfsim5g-oai-cuup	0.0010683936262804	20398080.0
rfsim5g-oai-cuup	0.0008089103305139	20537344.0
rfsim5g-oai-cuup	0.0001195734115914	20430848.0
rfsim5g-oai-cuup	0.000724022327333	20439040.0
rfsim5g-oai-cuup	0.0006734300253312	20582400.0
rfsim5g-oai-cuup	0.000399980317873	20471808.0
rfsim5g-oai-cuup	0.000938808648479	20484096.0
rfsim5g-oai-cuup	0.0011939642370262	20500480.0
rfsim5g-oai-cuup	0.0006252763791693	20516864.0
rfsim5g-oai-cuup	0.0006611847223484	20529152.0
rfsim5g-oai-cuup	0.0001272388666727	20545536.0
rfsim5g-oai-cuup	0.0004933149544979	20557824.0
rfsim5g-oai-cuup	0.0017607074961618	20574208.0
rfsim5g-oai-cuup	0.0001382349642881	20586496.0
rfsim5g-oai-cuup	0.0011005877889771	20602880.0
rfsim5g-oai-cuup	0.0010536973964523	20615168.0
rfsim5g-oai-cuup	0.0003978873590025	20631552.0
rfsim5g-oai-cuup	0.0005445289843697	20643840.0
rfsim5g-oai-cuup	0.0008812042024532	20660224.0
rfsim5g-oai-cuup	0.0005184151041779	20672512.0
rfsim5g-oai-cuup	0.0007581916483802	20688896.0
rfsim5g-oai-cuup	0.0011401600365003	20705280.0
rfsim5g-oai-cuup	0.0012382691898233	20717568.0
rfsim5g-oai-cuup	0.0006985309791747	20729856.0
rfsim5g-oai-cuup	0.0021711921916095	20742144.0
rfsim5g-oai-cuup	6.17789419221e-05	20762624.0
rfsim5g-oai-cuup	0.000604286185487	20774912.0
rfsim5g-oai-cuup	0.0006805558378462	20791296.0
rfsim5g-oai-cuup	0.0015844010608188	20799488.0
rfsim5g-oai-cuup	0.0002611898776492	20815872.0
rfsim5g-oai-cuup	0.0008523853045396	20828160.0
rfsim5g-oai-cuup	0.0010403900084711	20848640.0
rfsim5g-oai-cuup	0.0017603960720496	20856832.0
rfsim5g-oai-cuup	0.0006029841945695	20877312.0
rfsim5g-oai-cuup	0.0005613509296	    20889600.0
rfsim5g-oai-cuup	0.0015334526178473	20901888.0
rfsim5g-oai-cuup	0.0001840173786149	20918272.0
rfsim5g-oai-cuup	0.0006098664322985	20930560.0
rfsim5g-oai-cuup	0.001006119173963	20946944.0
rfsim5g-oai-cuup	0.0016785287289869	20963328.0
rfsim5g-oai-cuup	0.0012560480743573	20971520.0
rfsim5g-oai-cuup	0.0007066665925464	20987904.0
rfsim5g-oai-cuup	0.0001046055768033	21000192.0
rfsim5g-oai-cuup	0.000952112581601	21020672.0
rfsim5g-oai-cuup	0.0010670695586302	21032960.0
rfsim5g-oai-cuup	0.0010771549138872	21049344.0
rfsim5g-oai-cuup	0.0002589895283292	21061632.0
rfsim5g-oai-cuup	0.0006748169749234	21078016.0
rfsim5g-oai-cuup	0.0007797917621695	21086208.0
rfsim5g-oai-cuup	0.0003048972200159	21106688.0
rfsim5g-oai-cuup	0.0011167963236128	21118976.0
rfsim5g-oai-cuup	0.0011881315903384	21135360.0
rfsim5g-oai-cuup	0.0003326092762531	21143552.0
rfsim5g-oai-cuup	0.0013392585923296	21168128.0
rfsim5g-oai-cuup	0.0006556110942775	21184512.0
rfsim5g-oai-cuup	0.0004767997279457	21196800.0
rfsim5g-oai-cuup	0.0005251361386138	21213184.0
rfsim5g-oai-cuup	0.0012024129426456	21225472.0
rfsim5g-oai-cuup	0.0003780991659976	21241856.0
rfsim5g-oai-cuup	7.93727656595e-05	21254144.0
rfsim5g-oai-cuup	0.0008271975627365	21393408.0
rfsim5g-oai-cuup	0.0004291345745728	21282816.0
rfsim5g-oai-cuup	0.0013821815914411	21299200.0
rfsim5g-oai-cuup	0.0001461872554741	21307392.0
rfsim5g-oai-cuup	0.0006598425091325	21450752.0
rfsim5g-oai-cuup	8.34077772734e-05	21340160.0
rfsim5g-oai-cuup	0.0017178129606813	21352448.0
rfsim5g-oai-cuup	0.000342985226827	21368832.0
rfsim5g-oai-cuup	0.000786405020264	21385216.0
rfsim5g-oai-cuup	0.0001040013073604	21393408.0
rfsim5g-oai-cuup	0.0015324805421187	21409792.0
rfsim5g-oai-cuup	0.0016619296725983	21426176.0
rfsim5g-oai-cuup	0.0002264619078607	21442560.0
rfsim5g-oai-cuup	0.0009357582299216	21454848.0
rfsim5g-oai-cuup	4.16161838296e-05	21471232.0
rfsim5g-oai-cuup	0.000236939849624	21483520.0
rfsim5g-oai-cuup	0.0007366393827133	21499904.0
rfsim5g-oai-cuup	0.001103159012692	21512192.0
rfsim5g-oai-cuup	0.0005261725377583	21528576.0
rfsim5g-oai-cuup	0.0005772430413825	21536768.0
rfsim5g-oai-cuup	0.0002637883972382	21557248.0
rfsim5g-oai-cuup	0.0004345028008163	21569536.0
rfsim5g-oai-cuup	0.0012561026097529	21585920.0
rfsim5g-oai-cuup	0.0001630615536907	21598208.0
rfsim5g-oai-cuup	0.001455776350424	21614592.0
rfsim5g-oai-cuup	0.0010201727147967	21626880.0
rfsim5g-oai-cuup	0.0006391866183716	21643264.0
rfsim5g-oai-cuup	0.000168944112666	21659648.0
rfsim5g-oai-cuup	0.0013323276584365	21671936.0
rfsim5g-oai-cuup	0.0006436491220251	21688320.0
rfsim5g-oai-cuup	0.001561534495053	21823488.0
rfsim5g-oai-cuup	0.0007316010047052	21716992.0
rfsim5g-oai-cuup	0.0005705679312617	21725184.0
rfsim5g-oai-cuup	0.0014172735662491	21745664.0
rfsim5g-oai-cuup	0.000855049553338	21880832.0
rfsim5g-oai-cuup	8.90452649467e-05	21778432.0
rfsim5g-oai-cuup	0.0015767823927964	21909504.0
rfsim5g-oai-cuup	0.0006778798967138	21803008.0
rfsim5g-oai-cuup	0.0009896362472688	21815296.0
rfsim5g-oai-cuup	0.0003996858354461	21831680.0
rfsim5g-oai-cuup	0.0011939203706612	21843968.0
rfsim5g-oai-cuup	0.0018193136260629	21856256.0
rfsim5g-oai-cuup	0.0003633858735892	22024192.0
rfsim5g-oai-cuup	0.0015001242813401	21889024.0
rfsim5g-oai-cuup	0.0006732372183183	21905408.0
rfsim5g-oai-cuup	0.0010478467960437	22044672.0
rfsim5g-oai-cuup	0.0003467137476044	21929984.0
rfsim5g-oai-cuup	0.0007688335284679	22073344.0
rfsim5g-oai-cuup	0.0010559517366983	21962752.0
rfsim5g-oai-cuup	0.0007965403711894	21979136.0
rfsim5g-oai-cuup	0.001036883743116	21991424.0
rfsim5g-oai-cuup	0.0019756126044039	22007808.0
rfsim5g-oai-cuup	0.0001498357956394	22016000.0
rfsim5g-oai-cuup	0.0006176619373033	22036480.0
rfsim5g-oai-cuup	0.000687153487363	22048768.0
rfsim5g-oai-cuup	0.0014893562111664	
rfsim5g-oai-cuup	0.0006001965804433	
rfsim5g-oai-cuup	0.0008372017582514	
rfsim5g-oai-cuup	0.000669492596836	
rfsim5g-oai-cuup	0.0010532482630744	
rfsim5g-oai-cuup	0.0006213926903916	
rfsim5g-oai-cuup	0.0013844534772021	
rfsim5g-oai-cuup	0.0001484199897236	
rfsim5g-oai-cuup	0.0001217919633774	
rfsim5g-oai-cuup	0.0004741293953735	
rfsim5g-oai-cuup	0.001758386284223	
rfsim5g-oai-cuup	0.0010429298509443	
rfsim5g-oai-cuup	0.0003983107025846	
rfsim5g-oai-cuup	0.0001362700218419	
rfsim5g-oai-cuup	0.0014616467282489	
rfsim5g-oai-cuup	0.0007351799918092	
rfsim5g-oai-cuup	0.0012676271278522	
rfsim5g-oai-cuup	0.0001705249230351	
rfsim5g-oai-cuup	0.0005543532913799	
rfsim5g-oai-cuup	0.0013045498913436	
rfsim5g-oai-cuup	0.0007347964301852	
rfsim5g-oai-cuup	0.0009647291685494	
rfsim5g-oai-cuup	0.0005601150926344	
rfsim5g-oai-cuup	0.0006759625621328	
rfsim5g-oai-cuup	0.0005037601896373	
rfsim5g-oai-cuup	0.0009311163438637	
rfsim5g-oai-cuup	0.0013530755628454	
rfsim5g-oai-cuup	0.0005348983058463	
rfsim5g-oai-cuup	0.0004204526933855	
rfsim5g-oai-cuup	0.0011994270495084	
rfsim5g-oai-cuup	0.0002550027134024	
rfsim5g-oai-cuup	0.0008805838041012	
rfsim5g-oai-cuup	0.0009117140789791	
rfsim5g-oai-cuup	0.0004772957879273	
rfsim5g-oai-cuup	0.0014799702238691	
rfsim5g-oai-cuup	0.000483295108207	
rfsim5g-oai-cuup	0.0012925713843568	
rfsim5g-oai-cuup	0.0001860070522173	
rfsim5g-oai-cuup	0.0018687998187204	
rfsim5g-oai-cuup	8.11650086218e-05	
rfsim5g-oai-cuup	0.0011196377570987	
rfsim5g-oai-cuup	0.0009163274557551	
rfsim5g-oai-cuup	0.0002185583771796	
rfsim5g-oai-cuup	0.0007963523068226	
rfsim5g-oai-cuup	0.0016108575422683	
rfsim5g-oai-cuup	0.0002637742823177	
rfsim5g-oai-cuup	0.0006791205970412	
rfsim5g-oai-cuup	0.0007109698177175	
rfsim5g-oai-cuup	0.0009120293632391	
rfsim5g-oai-cuup	7.52134352983e-05	
rfsim5g-oai-cuup	0.0016405900517256	
rfsim5g-oai-cuup	0.00083420235441	
rfsim5g-oai-cuup	0.0001305862945875	
rfsim5g-oai-cuup	0.0003233219759198	
rfsim5g-oai-cuup	0.0024788259255091	
rfsim5g-oai-cuup	0.0010323882975132	
rfsim5g-oai-cuup	0.0014705057399243	
rfsim5g-oai-cuup	0.0008207641148432	
rfsim5g-oai-cuup	0.0006753262470069	
rfsim5g-oai-cuup	0.0006197021728914	
rfsim5g-oai-cuup	0.0024912443556131	
rfsim5g-oai-cuup	0.0002248181067017	
rfsim5g-oai-cuup	0.0011256133455414	
rfsim5g-oai-cuup	0.000215734429085	
rfsim5g-oai-cuup	0.0008183243346263	
rfsim5g-oai-cuup	0.0005568524182156	
rfsim5g-oai-cuup	0.0007175752595349	
rfsim5g-oai-cuup	0.0005758515213345	
rfsim5g-oai-cuup	0.0004792775697139	
rfsim5g-oai-cuup	0.0005826695469723	
rfsim5g-oai-cuup	0.0014012693574587	
rfsim5g-oai-cuup	0.0007985784450861	
rfsim5g-oai-cuup	0.0002809446039365	
rfsim5g-oai-cuup	0.000619329252888	
rfsim5g-oai-cuup	0.0006840247123401	
rfsim5g-oai-cuup	0.0013092340093245	
rfsim5g-oai-cuup	8.01670939594e-05	
rfsim5g-oai-cuup	0.0007315743039625	
rfsim5g-oai-cuup	0.0001600081860297	
rfsim5g-oai-cuup	0.0015246543201547	
rfsim5g-oai-cuup	0.0009800532434111	
rfsim5g-oai-cuup	0.000439181005413	
rfsim5g-oai-cuup	0.0008323410906025	
rfsim5g-oai-cuup	0.0002536798739905	
rfsim5g-oai-cuup	0.0011836821851572	
rfsim5g-oai-cuup	0.0006787605243312	
rfsim5g-oai-cuup	0.0004883280397462	
rfsim5g-oai-cuup	0.0001156598278844	
rfsim5g-oai-cuup	0.0007909629179604	
rfsim5g-oai-cuup	0.0004017094415193	
rfsim5g-oai-cuup	0.0005982612393681	
rfsim5g-oai-cuup	0.0009227583817109	
rfsim5g-oai-cuup	0.0002228322486688	
rfsim5g-oai-cuup	0.0005116696400127	
rfsim5g-oai-cuup	0.0005461190096937	
rfsim5g-oai-cuup	0.0012904769034724	
rfsim5g-oai-cuup	0.0008856896097222	
rfsim5g-oai-cuup	0.0019504422625829	
rfsim5g-oai-cuup	0.0001450207984272	
rfsim5g-oai-cuup	4.64673949467e-05	
rfsim5g-oai-cuup	0.0005021795791325	
rfsim5g-oai-cuup	0.0002185463608273	
rfsim5g-oai-cuup	0.0008179277353	
rfsim5g-oai-cuup	0.0011856477434197	
rfsim5g-oai-cuup	0.0010336671112296	
rfsim5g-oai-cuup	0.0006283737885658	
rfsim5g-oai-cuup	0.0008901005823775	
rfsim5g-oai-cuup	0.0009741189428291	
rfsim5g-oai-cuup	0.0016582981648299	
rfsim5g-oai-cuup	0.0014011293336611	
rfsim5g-oai-cuup	0.0004870168093524	
rfsim5g-oai-cuup	4.16964034244e-05	
rfsim5g-oai-cuup	0.0013082321507957	
rfsim5g-oai-cuup	0.0001990303858806	
rfsim5g-oai-cuup	0.0004589142437983	
rfsim5g-oai-cuup	0.0012370673957499	
rfsim5g-oai-cuup	0.0008621249248044	
rfsim5g-oai-cuup	8.96975469554e-05	
rfsim5g-oai-cuup	0.0011900620724996	
rfsim5g-oai-cuup	0.0010769979056658	
rfsim5g-oai-cuup	0.0009054643182646	
rfsim5g-oai-cuup	0.0009323487285818	
rfsim5g-oai-cuup	0.0004761899152387	
rfsim5g-oai-cuup	0.0008340756471017	
rfsim5g-oai-cuup	0.0006007538123947	
rfsim5g-oai-cuup	0.0016033624656441	
rfsim5g-oai-cuup	0.0003490606215089	
rfsim5g-oai-cuup	0.0006846845686674	
rfsim5g-oai-cuup	0.0008644873469573	
rfsim5g-oai-cuup	0.0006976769605388	
rfsim5g-oai-cuup	0.0001653182831914	
rfsim5g-oai-cuup	0.0012397019252651	
rfsim5g-oai-cuup	0.0012755630793678	
rfsim5g-oai-cuup	0.0001820804272976	
rfsim5g-oai-cuup	0.0009398351063829	
rfsim5g-oai-cuup	0.0001595906021011	
rfsim5g-oai-cuup	0.0009076086946778	
rfsim5g-oai-cuup	0.0005989004817927	
rfsim5g-oai-cuup	0.0003792880224089	
rfsim5g-oai-cuup	0.0006080882689075	
rfsim5g-oai-cuup	0.000161855343294	
rfsim5g-oai-cuup	0.0013165870612977	
rfsim5g-oai-cuup	0.0004553276957455	
rfsim5g-oai-cuup	0.0005387172808132	
rfsim5g-oai-cuup	6.4542439743e-06	
rfsim5g-oai-cuup	0.0008953875065025	
rfsim5g-oai-cuup	0.0005960439569967	
rfsim5g-oai-cuup	0.0008531303103866	
rfsim5g-oai-cuup	0.000232433259926	
rfsim5g-oai-cuup	0.0010805696906202	
rfsim5g-oai-cuup	0.0004172324944944	
rfsim5g-oai-cuup	0.0006797572854973	
rfsim5g-oai-cuup	0.0005960050914911	
rfsim5g-oai-cuup	0.0005350184094092	
rfsim5g-oai-cuup	0.0009881646174711	
rfsim5g-oai-cuup	0.0002019250950486	
rfsim5g-oai-cuup	0.0005241023335058	
rfsim5g-oai-cuup	6.01764363354e-05	
rfsim5g-oai-cuup	0.0011244622584541	
rfsim5g-oai-cuup	0.0005105037094547	
rfsim5g-oai-cuup	0.0003306575139392	
rfsim5g-oai-cuup	0.0001475250464642	
rfsim5g-oai-cuup	0.0010194832507301	
rfsim5g-oai-cuup	0.0009574945349145	
rfsim5g-oai-cuup	0.001343773539955	
rfsim5g-oai-cuup	0.0005095240353572	
rfsim5g-oai-cuup	0.0006551015073586	
rfsim5g-oai-cuup	7.33191058267e-05	
rfsim5g-oai-cuup	0.0004157858241012	
rfsim5g-oai-cuup	0.0001875678046574	
rfsim5g-oai-cuup	0.0001879785891928	
rfsim5g-oai-cuup	0.0016886495139045	
rfsim5g-oai-cuup	0.0011683287260948	
rfsim5g-oai-cuup	0.0003075554643475	
rfsim5g-oai-cuup	0.000733859564272	
rfsim5g-oai-cuup	0.0004666544127434	
rfsim5g-oai-cuup	0.0007401242570244	
rfsim5g-oai-cuup	0.0005537562364913	
rfsim5g-oai-cuup	0.0009401816912824	
rfsim5g-oai-cuup	0.0014126453755403	
rfsim5g-oai-cuup	9.37226269364e-05	
rfsim5g-oai-cuup	0.0007169386272874	
rfsim5g-oai-cuup	0.0002674433229472	
rfsim5g-oai-cuup	0.0019741930925527	
rfsim5g-oai-cuup	0.0010058867737502	
rfsim5g-oai-cuup	0.000233794070603	
rfsim5g-oai-cuup	0.0008873958863682	
rfsim5g-oai-cuup	0.0011077389218048	
rfsim5g-oai-cuup	0.0003679245914637	
rfsim5g-oai-cuup	0.0009828156851517	
rfsim5g-oai-cuup	0.0005768158613399	
rfsim5g-oai-cuup	0.0011878651499801	
rfsim5g-oai-cuup	0.00029119891465	
rfsim5g-oai-cuup	0.0013808530806732	
rfsim5g-oai-cuup	0.0006451229842712	
rfsim5g-oai-cuup	0.0008836550484215	
rfsim5g-oai-cuup	0.0012911428889532	
rfsim5g-oai-cuup	0.0004279562893851	
rfsim5g-oai-cuup	0.001441961410853	
rfsim5g-oai-cuup	0.0002713720635062	
rfsim5g-oai-cuup	0.0004377236509887	
rfsim5g-oai-cuup	0.0010077009943022	
rfsim5g-oai-cuup	0.0012641107362305	
rfsim5g-oai-cuup	0.000376091431125	
rfsim5g-oai-cuup	0.0005496093936844	
rfsim5g-oai-cuup	0.0006483134106913	
rfsim5g-oai-cuup	0.0005952063200318	
rfsim5g-oai-cuup	0.00143231513796	
rfsim5g-oai-cuup	0.0002130519514767	
rfsim5g-oai-cuup	0.0012862839750351	
rfsim5g-oai-cuup	0.0004854393679676	
rfsim5g-oai-cuup	0.0005602174534106	
rfsim5g-oai-cuup	0.0007357532234152	
rfsim5g-oai-cuup	0.0009237579181454	
rfsim5g-oai-cuup	6.66777483264e-05	
rfsim5g-oai-cuup	0.0007616703805202	
rfsim5g-oai-cuup	0.0007633308554261	
rfsim5g-oai-cuup	0.0004205847203034	
rfsim5g-oai-cuup	4.20108545489e-05	
rfsim5g-oai-cuup	0.001277896651536	
rfsim5g-oai-cuup	0.0009938703271806	
rfsim5g-oai-cuup	0.0001846483418848	
rfsim5g-oai-cuup	0.0007446255969436	
rfsim5g-oai-cuup	0.0006504085426801	
rfsim5g-oai-cuup	0.0007494729282499	
rfsim5g-oai-cuup	0.0001386729988526	
rfsim5g-oai-cuup	0.0007794779145706	
rfsim5g-oai-cuup	0.0009768014958961	
rfsim5g-oai-cuup	0.0001499827970904	
rfsim5g-oai-cuup	0.001261406711589	
rfsim5g-oai-cuup	0.0006067685305011	
rfsim5g-oai-cuup	0.0006921824267035	
rfsim5g-oai-cuup	0.001052838654632	
rfsim5g-oai-cuup	0.0005409385693115	
rfsim5g-oai-cuup	0.00072193486461	
rfsim5g-oai-cuup	0.00016409450357	
rfsim5g-oai-cuup	0.0014152324701195	
rfsim5g-oai-cuup	0.0003453825807879	
rfsim5g-oai-cuup	0.0002988597830897	
rfsim5g-oai-cuup	0.0005075379371403	
rfsim5g-oai-cuup	0.0006916548684628	
rfsim5g-oai-cuup	0.0001974505656777	
rfsim5g-oai-cuup	0.001730731541642	
rfsim5g-oai-cuup	8.17123676678e-05	
rfsim5g-oai-cuup	0.0006439880936775	
rfsim5g-oai-cuup	0.0005778891947393	
rfsim5g-oai-cuup	0.001098639271202	
rfsim5g-oai-cuup	0.0007881421549351	
rfsim5g-oai-cuup	0.0008768290487868	
rfsim5g-oai-cuup	0.0008352612989402	
rfsim5g-oai-cuup	0.0009410524656214	
rfsim5g-oai-cuup	0.0005453726898484	
rfsim5g-oai-cuup	0.0012946288325276	
rfsim5g-oai-cuup	0.0001519046862238	
rfsim5g-oai-cuup	0.0008560195572036	
rfsim5g-oai-cuup	0.0009338223075734	
rfsim5g-oai-cuup	0.0004139319049543	
rfsim5g-oai-cuup	0.000571954633248	
rfsim5g-oai-cuup	0.0013526419844585	
rfsim5g-oai-cuup	0.0010624149485694	
rfsim5g-oai-cuup	0.0005323725433007	
rfsim5g-oai-cuup	0.0006583180920758	
rfsim5g-oai-cuup	0.0006922087184779	
rfsim5g-oai-cuup	0.0011886619851027	
rfsim5g-oai-cuup	4.6471142932e-05	
rfsim5g-oai-cuup	0.0010944675412555	
rfsim5g-oai-cuup	0.0011402682484938	
rfsim5g-oai-cuup	0.0006762016720509	
rfsim5g-oai-cuup	0.0014220643676627	
rfsim5g-oai-cuup	0.0005866616417645	
rfsim5g-oai-cuup	0.0004740556296691	
rfsim5g-oai-cuup	0.0004744345651013	
rfsim5g-oai-cuup	0.0005500470020156	
rfsim5g-oai-cuup	0.0013838481405187	
rfsim5g-oai-cuup	0.0010922911599884	
rfsim5g-oai-cuup	0.000143141803442	
rfsim5g-oai-cuup	0.0011377228244812	
rfsim5g-oai-cuup	0.0010124681939046	
rfsim5g-oai-cuup	0.0007919272516534	
rfsim5g-oai-cuup	0.0004435175564192	
rfsim5g-oai-cuup	0.0004618097288363	
rfsim5g-oai-cuup	0.0002983803031291	
rfsim5g-oai-cuup	0.0018417478417813	
rfsim5g-oai-cuup	0.000697920542762	
rfsim5g-oai-cuup	0.0007885955036711	
rfsim5g-oai-cuup	0.0006141645838297	
rfsim5g-oai-cuup	0.0004808846245479	
rfsim5g-oai-cuup	0.0012380379675554	
rfsim5g-oai-cuup	0.0006273322077011	
rfsim5g-oai-cuup	0.0007594089114989	
rfsim5g-oai-cuup	7.87568195772e-05	
rfsim5g-oai-cuup	0.0011704076835365	
rfsim5g-oai-cuup	0.0009275273725388	
rfsim5g-oai-cuup	8.52155006591e-05	
rfsim5g-oai-cuup	0.0013593665737319	
rfsim5g-oai-cuup	1.7916747714e-06	
rfsim5g-oai-cuup	0.0007777950114999	
rfsim5g-oai-cuup	0.00020662869839	
rfsim5g-oai-cuup	0.0008174634571154	
rfsim5g-oai-cuup	0.0008883490386977	
rfsim5g-oai-cuup	0.0003114387689724	
rfsim5g-oai-cuup	0.0009320062523474	
rfsim5g-oai-cuup	0.000935013432605	
rfsim5g-oai-cuup	0.0002992669730243	
rfsim5g-oai-cuup	1.89906341333e-05	
rfsim5g-oai-cuup	0.0005773980382605	
rfsim5g-oai-cuup	9.29149543884e-05	
rfsim5g-oai-cuup	0.0015274957931095	
rfsim5g-oai-cuup	6.32169125743e-05	
rfsim5g-oai-cuup	0.0002636221977537	
rfsim5g-oai-cuup	0.0010889281656022	
rfsim5g-oai-cuup	0.0010225971151728	
rfsim5g-oai-cuup	0.0012137223223006	
rfsim5g-oai-cuup	0.0002280655670103	
rfsim5g-oai-cuup	0.0003854278459034	
rfsim5g-oai-cuup	0.0006820738361367	
rfsim5g-oai-cuup	0.0010988333333333	
rfsim5g-oai-cuup	0.0007522116269893	
rfsim5g-oai-cuup	0.0001024373054495	
rfsim5g-oai-cuup	0.0005242385900302	
rfsim5g-oai-cuup	0.0021821950687764	
rfsim5g-oai-cuup	0.0002357176121549	
rfsim5g-oai-cuup	3.52954463724e-05	
rfsim5g-oai-cuup	0.000166914209296	
rfsim5g-oai-cuup	0.000439208208534	
rfsim5g-oai-cuup	0.0016068784563962	
rfsim5g-oai-cuup	0.0002652504232321	
rfsim5g-oai-cuup	0.0005657452359247	
rfsim5g-oai-cuup	0.0006569224281094	
rfsim5g-oai-cuup	0.0005698133685866	
rfsim5g-oai-cuup	0.0007976488943274	
rfsim5g-oai-cuup	0.0011339019753518	
rfsim5g-oai-cuup	0.000351230652976	
rfsim5g-oai-cuup	0.0007118402898163	
rfsim5g-oai-cuup	0.0015163570253811	
rfsim5g-oai-cuup	0.000620867315642	
rfsim5g-oai-cuup	0.0003768383729854	
rfsim5g-oai-cuup	0.0009012914592698	
rfsim5g-oai-cuup	0.0010316315974125	
rfsim5g-oai-cuup	0.0007350945948908	
rfsim5g-oai-cuup	0.0011856957650242	
rfsim5g-oai-cuup	0.0008371304434634	
rfsim5g-oai-cuup	0.0005569908157153	
rfsim5g-oai-cuup	0.0005371936242429	
rfsim5g-oai-cuup	0.0010685167071286	
rfsim5g-oai-cuup	0.0007084785036415	
rfsim5g-oai-cuup	0.0007233176561465	
rfsim5g-oai-cuup	0.0005146988302802	
rfsim5g-oai-cuup	0.0006630577840175	
rfsim5g-oai-cuup	0.0015354896822213	
rfsim5g-oai-cuup	0.0005429875651825	
rfsim5g-oai-cuup	0.0002996718812675	
rfsim5g-oai-cuup	0.0009825750492071	
rfsim5g-oai-cuup	0.0012685959263108	
rfsim5g-oai-cuup	0.0006537019926134	
rfsim5g-oai-cuup	0.0004914263661896	
rfsim5g-oai-cuup	0.000399770092996	
rfsim5g-oai-cuup	0.0002373153106608	
rfsim5g-oai-cuup	0.001877073004178	
rfsim5g-oai-cuup	0.0008524344085539	
rfsim5g-oai-cuup	1.10790321868e-05	
rfsim5g-oai-cuup	0.0012573604574153	
rfsim5g-oai-cuup	0.0006505484568855	
rfsim5g-oai-cuup	0.000927578369906	
rfsim5g-oai-cuup	0.0001421269773695	
rfsim5g-oai-cuup	0.0017096216894465	
rfsim5g-oai-cuup	0.0001373696616625	
rfsim5g-oai-cuup	0.0005728977369482	
rfsim5g-oai-cuup	0.002346795380522	
rfsim5g-oai-cuup	7.95614936465e-05	
rfsim5g-oai-cuup	0.0008675104821322	
rfsim5g-oai-cuup	0.0006555647736134	
rfsim5g-oai-cuup	0.0001396024504634	
rfsim5g-oai-cuup	0.0010461849067611	
rfsim5g-oai-cuup	0.0012127979265309	
rfsim5g-oai-cuup	0.0002815578619034	
rfsim5g-oai-cuup	0.0001926890645884	
rfsim5g-oai-cuup	0.0013212677329466	
rfsim5g-oai-cuup	0.0007675638068915	
rfsim5g-oai-cuup	0.0006823036179515	
rfsim5g-oai-cuup	0.0006438106741824	
rfsim5g-oai-cuup	0.0003457299020265	
rfsim5g-oai-cuup	0.0010674520869681	
rfsim5g-oai-cuup	0.0002932995123696	
rfsim5g-oai-cuup	0.0009373617247515	
rfsim5g-oai-cuup	0.0006917156156416	
rfsim5g-oai-cuup	0.0002705360661429	
rfsim5g-oai-cuup	0.0007567650709604	
rfsim5g-oai-cuup	0.0005690467696842	
rfsim5g-oai-cuup	0.0008351509720205	
rfsim5g-oai-cuup	0.0001211569320127	
rfsim5g-oai-cuup	0.0008060200905918	
rfsim5g-oai-cuup	0.0001627507460691	
rfsim5g-oai-cuup	0.0006643612311255	
rfsim5g-oai-cuup	0.0009046959378201	
rfsim5g-oai-cuup	0.0006381772304129	
rfsim5g-oai-cuup	0.0003633837944487	
rfsim5g-oai-cuup	0.000253777722972	
rfsim5g-oai-cuup	0.001183581565849	
rfsim5g-oai-cuup	0.0009127586431101	
rfsim5g-oai-cuup	0.0012691113171298	
rfsim5g-oai-cuup	0.0009935118398713	
rfsim5g-oai-cuup	0.0001873697167366	
rfsim5g-oai-cuup	0.0007803380171566	
rfsim5g-oai-cuup	0.0006083328513528	
rfsim5g-oai-cuup	0.000616688552963	
rfsim5g-oai-cuup	7.07166173732e-05	
rfsim5g-oai-cuup	0.0017154194983021	
rfsim5g-oai-cuup	0.0008130042363433	
rfsim5g-oai-cuup	0.0007705139130435	
rfsim5g-oai-cuup	0.001767983322185	
rfsim5g-oai-cuup	8.28256633222e-05	
rfsim5g-oai-cuup	0.0001533624539877	
rfsim5g-oai-cuup	0.0015373755493586	
rfsim5g-oai-cuup	0.0003381342108198	
rfsim5g-oai-cuup	0.0010882664584495	
rfsim5g-oai-cuup	0.0007334486730535	
rfsim5g-oai-cuup	0.001238196432111	
rfsim5g-oai-cuup	0.0007267330470212	
rfsim5g-oai-cuup	0.0005912587820724	
rfsim5g-oai-cuup	0.0010176313082394	
rfsim5g-oai-cuup	0.0010393776092982	
rfsim5g-oai-cuup	0.0005078458969306	
rfsim5g-oai-cuup	0.0015758533783107	
rfsim5g-oai-cuup	0.0001535820413642	
rfsim5g-oai-cuup	0.0020730174216027	
rfsim5g-oai-cuup	0.0005748976121215	
rfsim5g-oai-cuup	6.12512227087e-05	
rfsim5g-oai-cuup	0.0011537820770628	
rfsim5g-oai-cuup	0.0008818999091853	
rfsim5g-oai-cuup	0.0008193125324338	
rfsim5g-oai-cuup	5.05117410482e-05	
rfsim5g-oai-cuup	0.0018935583897158	
rfsim5g-oai-cuup	0.0003136455006765	
rfsim5g-oai-cuup	4.3517253044e-06	
rfsim5g-oai-cuup	4.5569857916e-05	
rfsim5g-oai-cuup	0.0005947929722916	
rfsim5g-oai-cuup	0.0003686365847725	
rfsim5g-oai-cuup	0.0004779591340306	
rfsim5g-oai-cuup	0.0009234322549257	
rfsim5g-oai-cuup	0.0012244127895289	
rfsim5g-oai-cuup	0.000559966563177	
rfsim5g-oai-cuup	0.0007423511201447	
rfsim5g-oai-cuup	6.95570123516e-05	
rfsim5g-oai-cuup	0.0001933753257077	
rfsim5g-oai-cuup	0.00061060526432	
rfsim5g-oai-cuup	0.0015672356357373	
rfsim5g-oai-cuup	0.0003088835843306	
rfsim5g-oai-cuup	0.0006157501443225	
rfsim5g-oai-cuup	0.0006581774057462	
rfsim5g-oai-cuup	0.0011009209556374	
rfsim5g-oai-cuup	0.0001196729872551	
rfsim5g-oai-cuup	0.0012022045720788	
rfsim5g-oai-cuup	0.0007402489540449	
rfsim5g-oai-cuup	0.0007888907520834	
rfsim5g-oai-cuup	0.0003020925461056	
rfsim5g-oai-cuup	0.0002107336417492	
rfsim5g-oai-cuup	0.0017984232510151	
rfsim5g-oai-cuup	0.0009801917060506	
rfsim5g-oai-cuup	7.11481728017e-05	
rfsim5g-oai-cuup	4.92952599038e-05	
rfsim5g-oai-cuup	0.0012602396381955	
rfsim5g-oai-cuup	0.0010620423402794	
rfsim5g-oai-cuup	0.0004058824822532	
rfsim5g-oai-cuup	0.000800380108223	
rfsim5g-oai-cuup	0.000920486040567	
rfsim5g-oai-cuup	0.0001729764631676	
rfsim5g-oai-cuup	0.0010985231882613	
rfsim5g-oai-cuup	0.0006851216032608	
rfsim5g-oai-cuup	0.0006978533967391	
rfsim5g-oai-cuup	0.0011908494225544	
rfsim5g-oai-cuup	0.0002006180706522	
rfsim5g-oai-cuup	0.0017241053068268	
rfsim5g-oai-cuup	0.0001713423716438	
rfsim5g-oai-cuup	0.0010579240981048	
rfsim5g-oai-cuup	0.0001823955062891	
rfsim5g-oai-cuup	0.0007830901135364	
rfsim5g-oai-cuup	0.0006301391392042	
rfsim5g-oai-cuup	0.0001299345456911	
rfsim5g-oai-cuup	0.0014770979862715	
rfsim5g-oai-cuup	0.0001564848301582	
rfsim5g-oai-cuup	0.0010448691664147	
rfsim5g-oai-cuup	0.0009184533817155	
rfsim5g-oai-cuup	0.0006719627725698	
rfsim5g-oai-cuup	0.0011814374790367	
rfsim5g-oai-cuup	0.0007569020929764	
rfsim5g-oai-cuup	0.0006154869859796	
rfsim5g-oai-cuup	0.0001104638089488	
rfsim5g-oai-cuup	0.0015497628303052	
rfsim5g-oai-cuup	0.0001994896479994	
rfsim5g-oai-cuup	0.0001990201514609	
rfsim5g-oai-cuup	0.0008162095101895	
rfsim5g-oai-cuup	0.0004806468654926	
rfsim5g-oai-cuup	0.0006198449512558	
rfsim5g-oai-cuup	0.0011000975994315	
rfsim5g-oai-cuup	0.000390907796851	
rfsim5g-oai-cuup	0.0007112361389078	
rfsim5g-oai-cuup	0.0006448740240603	
rfsim5g-oai-cuup	0.0003823051969473	
rfsim5g-oai-cuup	0.000609837625635	
rfsim5g-oai-cuup	0.0010813404418869	
rfsim5g-oai-cuup	0.0001432343187209	
rfsim5g-oai-cuup	0.0006889626855837	
rfsim5g-oai-cuup	0.001065662764649	
rfsim5g-oai-cuup	0.0007032896551724	
rfsim5g-oai-cuup	0.0007530433497536	
rfsim5g-oai-cuup	0.0005281190804598	
rfsim5g-oai-cuup	0.00116134484948	
rfsim5g-oai-cuup	0.0006723735423684	
rfsim5g-oai-cuup	0.0009441739656215	
rfsim5g-oai-cuup	0.0010293030145978	
rfsim5g-oai-cuup	0.0003528798911635	
rfsim5g-oai-cuup	0.0010206174704276	
rfsim5g-oai-cuup	0.0009448673566878	
rfsim5g-oai-cuup	0.0004615873521383	
rfsim5g-oai-cuup	0.0009828831892629	
rfsim5g-oai-cuup	0.0013968052652043	
rfsim5g-oai-cuup	0.0005295383911621	
rfsim5g-oai-cuup	0.0001885280986254	
rfsim5g-oai-cuup	0.0011872319480341	
rfsim5g-oai-cuup	0.0003661013979941	
rfsim5g-oai-cuup	0.0006722610168019	
rfsim5g-oai-cuup	0.0003737172535058	
rfsim5g-oai-cuup	0.0014626237138019	
rfsim5g-oai-cuup	0.0017288366232584	
rfsim5g-oai-cuup	0.00072866691946	
rfsim5g-oai-cuup	0.0001651160754913	
rfsim5g-oai-cuup	0.0005660538666551	
rfsim5g-oai-cuup	0.0012074788809414	
rfsim5g-oai-cuup	0.0011341807861408	
rfsim5g-oai-cuup	0.0005205002952949	
rfsim5g-oai-cuup	0.0001156837062799	
rfsim5g-oai-cuup	8.22618701496e-05	
rfsim5g-oai-cuup	0.0006752377384652	
rfsim5g-oai-cuup	0.0015241869925972	
rfsim5g-oai-cuup	0.0007591341220674	
rfsim5g-oai-cuup	0.0010636852604943	
rfsim5g-oai-cuup	0.0005160408702724	
rfsim5g-oai-cuup	0.0014293399981925	
rfsim5g-oai-cuup	0.0005631738059735	
rfsim5g-oai-cuup	0.0018469188595498	
rfsim5g-oai-cuup	9.84699261742e-05	
rfsim5g-oai-cuup	0.0010004261741926	
rfsim5g-oai-cuup	0.0001019114316771	
rfsim5g-oai-cuup	0.0007541380283568	
rfsim5g-oai-cuup	0.0009835616027378	
rfsim5g-oai-cuup	0.0009043582603671	
rfsim5g-oai-cuup	0.0007167164318413	
rfsim5g-oai-cuup	0.0001356214840014	
rfsim5g-oai-cuup	0.0010798524892713	
rfsim5g-oai-cuup	0.0001167851377492	
rfsim5g-oai-cuup	0.0009991603406488	
rfsim5g-oai-cuup	0.0001028437075648	
rfsim5g-oai-cuup	0.0012010422926978	
rfsim5g-oai-cuup	0.000123714967804	
rfsim5g-oai-cuup	0.0012293493363704	
rfsim5g-oai-cuup	0.0001470446830846	
rfsim5g-oai-cuup	0.0010818771925987	
rfsim5g-oai-cuup	0.0008680907003192	
rfsim5g-oai-cuup	0.0005486336774419	
rfsim5g-oai-cuup	0.0005987442081108	
rfsim5g-oai-cuup	0.0010115065751732	
rfsim5g-oai-cuup	0.0010899102422665	
rfsim5g-oai-cuup	0.0001370077887119	
rfsim5g-oai-cuup	0.0005173286936477	
rfsim5g-oai-cuup	0.0001399349040293	
rfsim5g-oai-cuup	0.0006667300412252	
rfsim5g-oai-cuup	0.0010766092025355	
rfsim5g-oai-cuup	0.0009066326099523	
rfsim5g-oai-cuup	0.0002178858229198	
rfsim5g-oai-cuup	0.001235063325477	
rfsim5g-oai-cuup	0.000212074265131	
rfsim5g-oai-cuup	0.0002528311108072	
rfsim5g-oai-cuup	0.0011446200050149	
rfsim5g-oai-cuup	0.0011000360619116	
rfsim5g-oai-cuup	0.0003232754564726	
rfsim5g-oai-cuup	0.000521348404371	
rfsim5g-oai-cuup	0.0004673245025904	
rfsim5g-oai-cuup	0.0011193442030563	
rfsim5g-oai-cuup	0.0002634372850363	
rfsim5g-oai-cuup	0.0009855431412238	
rfsim5g-oai-cuup	0.0008849209689258	
rfsim5g-oai-cuup	0.00049973906177	
rfsim5g-oai-cuup	0.0001676448828881	
rfsim5g-oai-cuup	0.0010634512464077	
rfsim5g-oai-cuup	0.0005633720956136	
rfsim5g-oai-cuup	0.0009495630332598	
rfsim5g-oai-cuup	0.0011533048853839	
rfsim5g-oai-cuup	0.0011646333801842	
rfsim5g-oai-cuup	0.0011819282065011	
rfsim5g-oai-cuup	0.0006944482743233	
rfsim5g-oai-cuup	0.0005027306070544	
rfsim5g-oai-cuup	0.0011915057853033	
rfsim5g-oai-cuup	0.0006770210789102	
rfsim5g-oai-cuup	0.0001462035384782	
rfsim5g-oai-cuup	0.0011581314446976	
rfsim5g-oai-cuup	0.0005737669262502	
rfsim5g-oai-cuup	0.0022830790001985	
rfsim5g-oai-cuup	0.0003057184583821	
rfsim5g-oai-cuup	6.4078823711e-05	
rfsim5g-oai-cuup	0.0002301052655265	
rfsim5g-oai-cuup	0.0014191313681368	
rfsim5g-oai-cuup	0.0004807410666066	
rfsim5g-oai-cuup	0.0009328861611161	
rfsim5g-oai-cuup	0.0017698036300269	
rfsim5g-oai-cuup	0.0003721892638106	
rfsim5g-oai-cuup	0.0010403845248602	
rfsim5g-oai-cuup	0.0006185594858216	
rfsim5g-oai-cuup	0.000691747287227	
rfsim5g-oai-cuup	0.0007852008977208	
rfsim5g-oai-cuup	0.0010861679958164	
rfsim5g-oai-cuup	0.000665258988103	
rfsim5g-oai-cuup	0.0002104880038918	
rfsim5g-oai-cuup	0.001067725228313	
rfsim5g-oai-cuup	0.0006440622691992	
rfsim5g-oai-cuup	0.0011214743603918	
rfsim5g-oai-cuup	0.000909617099625	
rfsim5g-oai-cuup	0.0006009321772897	
rfsim5g-oai-cuup	0.0007888763836814	
rfsim5g-oai-cuup	0.0011586123236922	
rfsim5g-oai-cuup	0.0007563711333166	
rfsim5g-oai-cuup	0.000208471467917	
rfsim5g-oai-cuup	0.0016213681059795	
rfsim5g-oai-cuup	0.0001296136161882	
rfsim5g-oai-cuup	0.0011381190050507	
rfsim5g-oai-cuup	0.0007243016582488	
rfsim5g-oai-cuup	0.0005268603674071	
rfsim5g-oai-cuup	0.0001158874089303	
rfsim5g-oai-cuup	0.0004960109068918	
rfsim5g-oai-cuup	0.0004511116606552	
rfsim5g-oai-cuup	0.0005564235113712	
rfsim5g-oai-cuup	0.0009460884430141	
rfsim5g-oai-cuup	0.0005427134679387	
rfsim5g-oai-cuup	0.0007242363878411	
rfsim5g-oai-cuup	0.0005440136232527	
rfsim5g-oai-cuup	0.0005723836254715	
rfsim5g-oai-cuup	0.0004688186859687	
rfsim5g-oai-cuup	0.0017749542761693	
rfsim5g-oai-cuup	0.0004726932293986	
rfsim5g-oai-cuup	0.0001530151224944	
rfsim5g-oai-cuup	0.0003994432161922	
rfsim5g-oai-cuup	0.0003874844750889	
rfsim5g-oai-cuup	0.0012293481539145	
rfsim5g-oai-cuup	0.0005558548487544	
rfsim5g-oai-cuup	0.0010568674507169	
rfsim5g-oai-cuup	0.0003116484094982	
rfsim5g-oai-cuup	0.000695184610215	
rfsim5g-oai-cuup	0.0003715121863798	
rfsim5g-oai-cuup	0.0007771616594178	
rfsim5g-oai-cuup	0.0004870827478532	
rfsim5g-oai-cuup	0.0009819791903646	
rfsim5g-oai-cuup	0.0002705723207315	
rfsim5g-oai-cuup	0.0006662328600763	
rfsim5g-oai-cuup	0.0007804811102033	
rfsim5g-oai-cuup	0.0002587497626354	
rfsim5g-oai-cuup	0.0009408119410894	
rfsim5g-oai-cuup	0.0013055010103277	
rfsim5g-oai-cuup	0.000879128805568	
rfsim5g-oai-cuup	0.0001708936910641	
rfsim5g-oai-cuup	0.0008799885496183	
rfsim5g-oai-cuup	0.0005890789776801	
rfsim5g-oai-cuup	0.0007269391258992	
rfsim5g-oai-cuup	0.0006042407797796	
rfsim5g-oai-cuup	0.0011670577010844	
rfsim5g-oai-cuup	0.0012792915120904	
rfsim5g-oai-cuup	9.64885799848e-05	
rfsim5g-oai-cuup	0.000226204308765	
rfsim5g-oai-cuup	0.0020019879542305	
rfsim5g-oai-cuup	0.0007132013867213	
rfsim5g-oai-cuup	0.0007387027689838	
rfsim5g-oai-cuup	0.000622844049583	
rfsim5g-oai-cuup	0.0012251592500111	
rfsim5g-oai-cuup	0.0001088847788164	
rfsim5g-oai-cuup	0.0005335709621147	
rfsim5g-oai-cuup	0.0006356902312475	
rfsim5g-oai-cuup	0.0019647806950842	
rfsim5g-oai-cuup	0.0009499970454739	
rfsim5g-oai-cuup	0.0003810436541919	
rfsim5g-oai-cuup	0.0013520881005394	
rfsim5g-oai-cuup	0.000348060118181	
rfsim5g-oai-cuup	0.0004876743529934	
rfsim5g-oai-cuup	0.001324799511274	
rfsim5g-oai-cuup	0.0016314082194823	
rfsim5g-oai-cuup	0.000152106253471	
rfsim5g-oai-cuup	0.0006382055129774	
rfsim5g-oai-cuup	0.001209203709667	
rfsim5g-oai-cuup	0.0005339644919602	
rfsim5g-oai-cuup	0.000629640926558	
rfsim5g-oai-cuup	0.0016019852567248	
rfsim5g-oai-cuup	0.0008682824642012	
rfsim5g-oai-cuup	0.0005995257840031	
rfsim5g-oai-cuup	0.0005344375250925	
rfsim5g-oai-cuup	0.0005714940295486	
rfsim5g-oai-cuup	0.0007075750747711	
rfsim5g-oai-cuup	0.0006282657806561	
rfsim5g-oai-cuup	0.0009402180170456	
rfsim5g-oai-cuup	0.0001017608280396	
rfsim5g-oai-cuup	0.0006741719381635	
rfsim5g-oai-cuup	0.0011558117142729	
rfsim5g-oai-cuup	0.0021468896095241	
rfsim5g-oai-cuup	0.0006496530539136	
rfsim5g-oai-cuup	0.0007459087408203	
rfsim5g-oai-cuup	0.0001119214356081	
rfsim5g-oai-cuup	0.0012315844975818	
rfsim5g-oai-cuup	0.0011390479634647	
rfsim5g-oai-cuup	0.0011113769338345	
rfsim5g-oai-cuup	7.84153701599e-05	
rfsim5g-oai-cuup	0.000199440389826	
rfsim5g-oai-cuup	0.0008525224816059	
rfsim5g-oai-cuup	0.0004473217367607	
rfsim5g-oai-cuup	0.0005133079298755	
rfsim5g-oai-cuup	0.0007491182441638	
rfsim5g-oai-cuup	0.0002203472649181	
rfsim5g-oai-cuup	6.4399306691e-05	
rfsim5g-oai-cuup	0.0015424411450498	
rfsim5g-oai-cuup	0.0005607151982907	
rfsim5g-oai-cuup	0.0002296613273301	
rfsim5g-oai-cuup	0.0005522018485648	
rfsim5g-oai-cuup	0.0009137933893242	
rfsim5g-oai-cuup	0.0007100061690982	
rfsim5g-oai-cuup	3.57848270796e-05	
rfsim5g-oai-cuup	0.0006528209880542	
rfsim5g-oai-cuup	0.0001189038731557	
rfsim5g-oai-cuup	0.0015894372151296	
rfsim5g-oai-cuup	0.0008532868665885	
rfsim5g-oai-cuup	0.0006393652515966	
rfsim5g-oai-cuup	0.0003034403217608	
rfsim5g-oai-cuup	0.0006325044529402	
rfsim5g-oai-cuup	0.0007333800796462	
rfsim5g-oai-cuup	0.0001076210204396	
rfsim5g-oai-cuup	0.0016663358561968	
rfsim5g-oai-cuup	0.0001555188224681	
rfsim5g-oai-cuup	0.0004581504917099	
rfsim5g-oai-cuup	0.001222328952844	
rfsim5g-oai-cuup	0.0007368436384343	
rfsim5g-oai-cuup	0.0005594670039643	
rfsim5g-oai-cuup	0.0002353342181574	
rfsim5g-oai-cuup	0.0016395014276154	
rfsim5g-oai-cuup	0.0007447118224403	
rfsim5g-oai-cuup	0.0008185801026098	
rfsim5g-oai-cuup	0.0012496322784378	
rfsim5g-oai-cuup	0.0006770676102415	
rfsim5g-oai-cuup	0.0012108974487129	
rfsim5g-oai-cuup	0.0001424651384692	
rfsim5g-oai-cuup	0.0002041771069621	
rfsim5g-oai-cuup	0.0021238228930378	
rfsim5g-oai-cuup	0.0001751481634967	
rfsim5g-oai-cuup	0.0008565474393648	
rfsim5g-oai-cuup	0.0013025829934247	
rfsim5g-oai-cuup	0.0005211032876407	
rfsim5g-oai-cuup	0.0008100579293436	
rfsim5g-oai-cuup	0.0005415604368661	
rfsim5g-oai-cuup	0.0005725305570578	
rfsim5g-oai-cuup	0.0003087862358032	
rfsim5g-oai-cuup	0.0005279124076077	
rfsim5g-oai-cuup	0.0014787086713539	
rfsim5g-oai-cuup	0.0011229664336929	
rfsim5g-oai-cuup	0.0005386865033588	
rfsim5g-oai-cuup	0.0007702606364931	
rfsim5g-oai-cuup	0.0007754268168555	
rfsim5g-oai-cuup	0.0016902619582452	
rfsim5g-oai-cuup	0.0001997756782945	
rfsim5g-oai-cuup	0.0012388215072234	
rfsim5g-oai-cuup	6.01899665257e-05	
rfsim5g-oai-cuup	7.47266031099e-05	
rfsim5g-oai-cuup	0.0007613642637528	
rfsim5g-oai-cuup	0.0009210610055519	
rfsim5g-oai-cuup	0.0006932846335906	
rfsim5g-oai-cuup	0.0002018741309673	
rfsim5g-oai-cuup	0.0021614055927079	
rfsim5g-oai-cuup	0.0007732890816393	
rfsim5g-oai-cuup	0.0002742701450042	
rfsim5g-oai-cuup	0.0001147632634764	
rfsim5g-oai-cuup	0.0011171255631513	
rfsim5g-oai-cuup	0.0014592613022525	
rfsim5g-oai-cuup	7.3729418357e-05	
rfsim5g-oai-cuup	0.0001460950956016	
rfsim5g-oai-cuup	0.0016805355013311	
rfsim5g-oai-cuup	0.0001769761930955	
rfsim5g-oai-cuup	0.0006134945323329	
rfsim5g-oai-cuup	0.0006306702585726	
rfsim5g-oai-cuup	0.0006727692479308	
rfsim5g-oai-cuup	0.0005662977935435	
rfsim5g-oai-cuup	0.0006321385672533	
rfsim5g-oai-cuup	0.00076891784665	
rfsim5g-oai-cuup	0.0014122840133424	
rfsim5g-oai-cuup	0.000163379597517	
rfsim5g-oai-cuup	0.0003042631823102	
rfsim5g-oai-cuup	0.0001446338730873	
rfsim5g-oai-cuup	0.0009727099806222	
rfsim5g-oai-cuup	5.4176336949e-05	
rfsim5g-oai-cuup	0.0013349521571597	
rfsim5g-oai-cuup	0.0007052323896734	
rfsim5g-oai-cuup	0.0005503194901227	
rfsim5g-oai-cuup	0.000698070054384	
rfsim5g-oai-cuup	0.0007119767631821	
rfsim5g-oai-cuup	0.0004585067677792	
rfsim5g-oai-cuup	0.0003881337903972	
rfsim5g-oai-cuup	0.0002293556280586	
rfsim5g-oai-cuup	0.0014990685375424	
rfsim5g-oai-cuup	0.0007864436979666	
rfsim5g-oai-cuup	0.0003328047005781	
rfsim5g-oai-cuup	0.0003326635269959	
rfsim5g-oai-cuup	0.0011125082248956	
rfsim5g-oai-cuup	0.0012534533390314	
rfsim5g-oai-cuup	0.0008772482961829	
rfsim5g-oai-cuup	0.0001070307249375	
rfsim5g-oai-cuup	0.0004489509885511	
rfsim5g-oai-cuup	0.0007673568551527	
rfsim5g-oai-cuup	0.0013087443532055	
rfsim5g-oai-cuup	8.29581636513e-05	
rfsim5g-oai-cuup	0.0004371553730778	
rfsim5g-oai-cuup	0.0004357739792506	
rfsim5g-oai-cuup	0.0010781239350344	
rfsim5g-oai-cuup	0.0005897783146043	
rfsim5g-oai-cuup	0.0010827988266505	
rfsim5g-oai-cuup	0.0015737909582004	
rfsim5g-oai-cuup	0.0002414651965993	
rfsim5g-oai-cuup	0.0003988831252214	
rfsim5g-oai-cuup	0.0009844787460148	
rfsim5g-oai-cuup	0.0006492021871256	
rfsim5g-oai-cuup	0.0005573163790426	
rfsim5g-oai-cuup	0.0011632882303358	
rfsim5g-oai-cuup	0.0006979028880706	
rfsim5g-oai-cuup	0.0011702684711046	
rfsim5g-oai-cuup	0.0007101023697102	
rfsim5g-oai-cuup	0.0009751223870009	
rfsim5g-oai-cuup	0.0004388853716388	
rfsim5g-oai-cuup	0.0008421868923298	
rfsim5g-oai-cuup	0.0002408209623694	
rfsim5g-oai-cuup	3.06867122793e-05	
rfsim5g-oai-cuup	0.0021397132472092	
rfsim5g-oai-cuup	0.0014080278285465	
rfsim5g-oai-cuup	0.0006197637293298	
rfsim5g-oai-cuup	0.0006008010008703	
rfsim5g-oai-cuup	0.0005657119886857	
rfsim5g-oai-cuup	0.0005797168652065	
rfsim5g-oai-cuup	0.0008404335757066	
rfsim5g-oai-cuup	0.000175384334873	
rfsim5g-oai-cuup	0.0016418701792383	
rfsim5g-oai-cuup	0.0004671301962161	
rfsim5g-oai-cuup	0.0007448086782845	
rfsim5g-oai-cuup	0.0012133712084632	
rfsim5g-oai-cuup	0.0010173786927703	
rfsim5g-oai-cuup	0.0006984636845386	
rfsim5g-oai-cuup	0.0008941863867117	
rfsim5g-oai-cuup	0.0005931119077307	
rfsim5g-oai-cuup	0.0004750443088707	
rfsim5g-oai-cuup	0.0010749079327407	
rfsim5g-oai-cuup	0.0004926200882162	
rfsim5g-oai-cuup	0.0004141659763114	
rfsim5g-oai-cuup	0.0006624984215121	
rfsim5g-oai-cuup	0.0008296403070931	
rfsim5g-oai-cuup	0.0007419187053741	
rfsim5g-oai-cuup	5.64291917541e-05	
rfsim5g-oai-cuup	0.0009691618058508	
rfsim5g-oai-cuup	0.0017740123962344	
rfsim5g-oai-cuup	0.0001342167671866	
rfsim5g-oai-cuup	0.0006414594618654	
rfsim5g-oai-cuup	5.0647319342e-05	
rfsim5g-oai-cuup	0.0002808335665914	
rfsim5g-oai-cuup	0.0016115924153498	
rfsim5g-oai-cuup	3.75833634311e-05	
rfsim5g-oai-cuup	0.0006909193679458	
rfsim5g-oai-cuup	0.0003747508860414	
rfsim5g-oai-cuup	5.85769492911e-05	
rfsim5g-oai-cuup	0.0012047757633587	
rfsim5g-oai-cuup	0.0010384285259905	
rfsim5g-oai-cuup	0.0013052763314273	
rfsim5g-oai-cuup	0.0006872654109204	
rfsim5g-oai-cuup	0.0003645771947527	
rfsim5g-oai-cuup	0.0003007463168517	
rfsim5g-oai-cuup	0.0004901900404947	
rfsim5g-oai-cuup	6.90554667834e-05	
rfsim5g-oai-cuup	0.0013940520739848	
rfsim5g-oai-cuup	0.0002784038305789	
rfsim5g-oai-cuup	0.0008144527228156	
rfsim5g-oai-cuup	0.0005917196856942	
rfsim5g-oai-cuup	0.0005425047714936	
rfsim5g-oai-cuup	0.0004430770224129	
rfsim5g-oai-cuup	0.0011904174785615	
rfsim5g-oai-cuup	4.8530732276e-06	
rfsim5g-oai-cuup	0.0013141044089255	
rfsim5g-oai-cuup	0.0002771970771786	
rfsim5g-oai-cuup	0.0009240743565299	
rfsim5g-oai-cuup	0.0006786565278115	
rfsim5g-oai-cuup	0.0010354506174207	
rfsim5g-oai-cuup	0.0006318865586273	
rfsim5g-oai-cuup	0.0012676697275223	
rfsim5g-oai-cuup	8.90154119465e-05	
rfsim5g-oai-cuup	0.0006864183835913	
rfsim5g-oai-cuup	0.0008072349398979	
rfsim5g-oai-cuup	0.000515098124708	
rfsim5g-oai-cuup	0.0012106166662959	
rfsim5g-oai-cuup	0.0002162570684937	
rfsim5g-oai-cuup	0.0012473933886504	
rfsim5g-oai-cuup	6.24322301379e-05	
rfsim5g-oai-cuup	0.0008864571647578	
rfsim5g-oai-cuup	0.0005765913968797	
rfsim5g-oai-cuup	0.0014526018351519	
rfsim5g-oai-cuup	0.0002093403411608	
rfsim5g-oai-cuup	0.0005469884802835	
rfsim5g-oai-cuup	0.0015326463890119	
rfsim5g-oai-cuup	0.0010492414045193	
rfsim5g-oai-cuup	0.0003458880416989	
rfsim5g-oai-cuup	0.0009395815025415	
rfsim5g-oai-cuup	0.0010919403592659	
rfsim5g-oai-cuup	0.0007670568191608	
rfsim5g-oai-cuup	0.0005477678963453	
rfsim5g-oai-cuup	0.0013947881279325	
rfsim5g-oai-cuup	0.0015106160518273	
rfsim5g-oai-cuup	0.0003165791614653	
rfsim5g-oai-cuup	0.001802830835589	
rfsim5g-oai-cuup	0.0008598421689663	
rfsim5g-oai-cuup	0.0004502253691599	
rfsim5g-oai-cuup	0.0001078297792742	
rfsim5g-oai-cuup	0.0003774305929918	
rfsim5g-oai-cuup	0.0011666804357592	
rfsim5g-oai-cuup	0.0002419425651392	
rfsim5g-oai-cuup	0.0005813122641509	
rfsim5g-oai-cuup	0.0003738409151135	
rfsim5g-oai-cuup	0.0007755785266319	
rfsim5g-oai-cuup	0.0004606544916526	
rfsim5g-oai-cuup	0.0016867937903012	
rfsim5g-oai-cuup	0.0002801555501834	
rfsim5g-oai-cuup	0.0002006045755224	
rfsim5g-oai-cuup	0.0010840052304243	
rfsim5g-oai-cuup	0.0008436209920224	
rfsim5g-oai-cuup	1.71661579592e-05	
rfsim5g-oai-cuup	0.0014212820095799	
rfsim5g-oai-cuup	0.0003469121978389	
rfsim5g-oai-cuup	0.0006080951542832	
rfsim5g-oai-cuup	0.0001131080876963	
rfsim5g-oai-cuup	0.0012227002598902	
rfsim5g-oai-cuup	0.000609315866634	
rfsim5g-oai-cuup	0.0005802471178835	
rfsim5g-oai-cuup	0.0007532532564035	
rfsim5g-oai-cuup	0.0004769249934435	
rfsim5g-oai-cuup	0.0005201080076929	
rfsim5g-oai-cuup	0.0007393002447766	
rfsim5g-oai-cuup	0.0006074494835701	
rfsim5g-oai-cuup	0.000642372744105	
rfsim5g-oai-cuup	0.0007134840163293	
rfsim5g-oai-cuup	0.0007398025520334	
rfsim5g-oai-cuup	0.0001183589978749	
rfsim5g-oai-cuup	0.0014812275360698	
rfsim5g-oai-cuup	0.0002077461805167	
rfsim5g-oai-cuup	0.000700317481266	
rfsim5g-oai-cuup	0.0010100495425474	
rfsim5g-oai-cuup	0.0003007171566885	
rfsim5g-oai-cuup	0.0007759915837626	
rfsim5g-oai-cuup	0.0004274471042813	
rfsim5g-oai-cuup	0.0001792194127606	
rfsim5g-oai-cuup	0.0012376688647299	
rfsim5g-oai-cuup	0.0006202643022633	
rfsim5g-oai-cuup	0.0005124793931563	
rfsim5g-oai-cuup	0.0012093943621234	
rfsim5g-oai-cuup	1.78802340586e-05	
rfsim5g-oai-cuup	0.0011269605971609	
rfsim5g-oai-cuup	0.0002420839451786	
rfsim5g-oai-cuup	0.0002077349111897	
rfsim5g-oai-cuup	0.0006864415238691	
rfsim5g-oai-cuup	0.0005892078206792	
rfsim5g-oai-cuup	0.0012588602970783	
rfsim5g-oai-cuup	0.0002465739653052	
rfsim5g-oai-cuup	0.0010203431225242	
rfsim5g-oai-cuup	0.000213316418522	
rfsim5g-oai-cuup	0.0018697347129262	
rfsim5g-oai-cuup	0.0006761192719819	
rfsim5g-oai-cuup	0.0018063089398292	
rfsim5g-oai-cuup	0.0001867717035353	
rfsim5g-oai-cuup	0.000697395776248	
rfsim5g-oai-cuup	0.0002273429287972	
rfsim5g-oai-cuup	0.00092288047105	
rfsim5g-oai-cuup	0.0002214844400828	
rfsim5g-oai-cuup	0.0019125369534401	
rfsim5g-oai-cuup	0.0013010319215336	
rfsim5g-oai-cuup	0.0010953409050379	
rfsim5g-oai-cuup	0.0004316809629959	
rfsim5g-oai-cuup	0.0002831784440481	
rfsim5g-oai-cuup	0.0012410643574274	
rfsim5g-oai-cuup	0.0017190687874268	
rfsim5g-oai-cuup	0.0002882015315777	
rfsim5g-oai-cuup	0.0001737496493844	
rfsim5g-oai-cuup	0.0008312940560531	
rfsim5g-oai-cuup	0.0010741300182685	
rfsim5g-oai-cuup	0.0008235105378069	
rfsim5g-oai-cuup	0.0008696045537583	
rfsim5g-oai-cuup	0.0011340939776645	
rfsim5g-oai-cuup	0.0001125324182976	
rfsim5g-oai-cuup	0.0012105039852011	
rfsim5g-oai-cuup	0.0007563139744672	
rfsim5g-oai-cuup	0.0015716503650609	
rfsim5g-oai-cuup	8.06546612055e-05	
rfsim5g-oai-cuup	0.0009535922224201	
rfsim5g-oai-cuup	0.0006558176921021	
rfsim5g-oai-cuup	0.000511587721643	
rfsim5g-oai-cuup	0.0007660915085092	
rfsim5g-oai-cuup	0.0002234082687338	
rfsim5g-oai-cuup	0.0011472277465917	
rfsim5g-oai-cuup	0.0002932926340627	
rfsim5g-oai-cuup	0.0007092944816686	
rfsim5g-oai-cuup	0.0013553239988424	
rfsim5g-oai-cuup	0.0014551264163124	
rfsim5g-oai-cuup	6.22715712174e-05	
rfsim5g-oai-cuup	0.0019605584784847	
rfsim5g-oai-cuup	1.63842743921e-05	
rfsim5g-oai-cuup	0.0002723087359512	
rfsim5g-oai-cuup	0.0009168359609035	
rfsim5g-oai-cuup	3.41973192224e-05	
rfsim5g-oai-cuup	0.0012665801718671	
rfsim5g-oai-cuup	6.24420659043e-05	
rfsim5g-oai-cuup	0.0003863710805273	
rfsim5g-oai-cuup	0.0007380248752895	
rfsim5g-oai-cuup	0.0003781209469089	
rfsim5g-oai-cuup	0.0012336713655799	
rfsim5g-oai-cuup	0.0009768049803523	
rfsim5g-oai-cuup	0.0005530988343856	
rfsim5g-oai-cuup	0.0001608877213121	
rfsim5g-oai-cuup	0.0008308310962955	
rfsim5g-oai-cuup	0.0005246793008115	
rfsim5g-oai-cuup	0.001312359448854	
rfsim5g-oai-cuup	9.42101132613e-05	
rfsim5g-oai-cuup	0.0007280475564076	
rfsim5g-oai-cuup	0.0012559041695146	
rfsim5g-oai-cuup	0.0001946464114832	
rfsim5g-oai-cuup	0.0006731402141718	
rfsim5g-oai-cuup	0.0005853160856687	
rfsim5g-oai-cuup	0.0006431312388933	
rfsim5g-oai-cuup	0.0002850197670081	
rfsim5g-oai-cuup	0.0006247764419384	
rfsim5g-oai-cuup	0.0008852778789407	
rfsim5g-oai-cuup	0.0012695435345321	
rfsim5g-oai-cuup	0.0006799477723055	
rfsim5g-oai-cuup	0.0001192905050967	
rfsim5g-oai-cuup	0.0006667743671973	
rfsim5g-oai-cuup	0.0011291381212991	
rfsim5g-oai-cuup	0.0006732075632513	
rfsim5g-oai-cuup	0.0007078921137627	
rfsim5g-oai-cuup	6.64045621747e-05	
rfsim5g-oai-cuup	0.0010109286886167	
rfsim5g-oai-cuup	0.0001084516912012	
rfsim5g-oai-cuup	0.0019909996179345	
rfsim5g-oai-cuup	0.0001802127654792	
rfsim5g-oai-cuup	0.0002775147084883	
rfsim5g-oai-cuup	0.0017115766657806	
rfsim5g-oai-cuup	0.0008620241671096	
rfsim5g-oai-cuup	0.0008620261828814	
rfsim5g-oai-cuup	0.0017973857408944	
rfsim5g-oai-cuup	0.0005520125221606	
rfsim5g-oai-cuup	0.0008335511097147	
rfsim5g-oai-cuup	0.0002664144206817	
rfsim5g-oai-cuup	0.0008532684187752	
rfsim5g-oai-cuup	0.00124080345715	
rfsim5g-oai-cuup	0.0009519994306406	
rfsim5g-oai-cuup	0.0002122261039877	
rfsim5g-oai-cuup	0.0004119202851737	
rfsim5g-oai-cuup	0.0009549092104656	
rfsim5g-oai-cuup	0.001040639056804	
rfsim5g-oai-cuup	0.001052722786212	
rfsim5g-oai-cuup	0.0005466679854059	
rfsim5g-oai-cuup	0.0011032648468064	
rfsim5g-oai-cuup	0.0006090420677832	
rfsim5g-oai-cuup	0.0008397961448854	
rfsim5g-oai-cuup	0.0007125388525942	
rfsim5g-oai-cuup	7.18528841222e-05	
rfsim5g-oai-cuup	0.0018576523891279	
rfsim5g-oai-cuup	0.0007067361145175	
rfsim5g-oai-cuup	0.0001953924180667	
rfsim5g-oai-cuup	0.0020689851873943	
rfsim5g-oai-cuup	0.0004933533817145	
rfsim5g-oai-cuup	0.00036877956722	
rfsim5g-oai-cuup	0.0007960766581382	
rfsim5g-oai-cuup	0.0003311887095715	
rfsim5g-oai-cuup	0.0008765171882174	
rfsim5g-oai-cuup	0.0007252004854686	
rfsim5g-oai-cuup	0.0010885767763904	
rfsim5g-oai-cuup	0.0012317253802497	
rfsim5g-oai-cuup	8.1952780931e-06	
rfsim5g-oai-cuup	0.0002648514415436	
rfsim5g-oai-cuup	5.71616361432e-05	
rfsim5g-oai-cuup	0.0011185504754003	
rfsim5g-oai-cuup	0.0001092573543487	
rfsim5g-oai-cuup	0.0014106172548019	
rfsim5g-oai-cuup	0.000598314177168	
rfsim5g-oai-cuup	0.0003437809022986	
rfsim5g-oai-cuup	0.0016580688062338	
rfsim5g-oai-cuup	7.51892311141e-05	
rfsim5g-oai-cuup	9.43438396423e-05	
rfsim5g-oai-cuup	0.0005152880015206	
rfsim5g-oai-cuup	0.000164487091352	
rfsim5g-oai-cuup	0.0016785130635977	
rfsim5g-oai-cuup	0.0015645405530105	
rfsim5g-oai-cuup	7.23202715617e-05	
rfsim5g-oai-cuup	0.0005869533994661	
rfsim5g-oai-cuup	0.0010095849125004	
rfsim5g-oai-cuup	4.78005852568e-05	
rfsim5g-oai-cuup	0.0001692990070362	
rfsim5g-oai-cuup	0.001037679128033	
rfsim5g-oai-cuup	0.0015643572367988	
rfsim5g-oai-cuup	0.0002297085609455	
rfsim5g-oai-cuup	0.0009652785246501	
rfsim5g-oai-cuup	0.000293490276969	
rfsim5g-oai-cuup	0.0013582204231099	
rfsim5g-oai-cuup	0.0006947800320877	
rfsim5g-oai-cuup	0.0010653509927134	
rfsim5g-oai-cuup	0.0002357519887693	
rfsim5g-oai-cuup	0.0007691314927468	
rfsim5g-oai-cuup	0.0005006681265848	
rfsim5g-oai-cuup	0.0002337844699838	
rfsim5g-oai-cuup	0.0020633365495439	
rfsim5g-oai-cuup	0.0001444392267921	
rfsim5g-oai-cuup	0.0010066579273095	
rfsim5g-oai-cuup	0.00048328061213	
rfsim5g-oai-cuup	0.000129810847305	
rfsim5g-oai-cuup	0.0009247488466298	
rfsim5g-oai-cuup	0.0010496732772883	
rfsim5g-oai-cuup	0.000554376716004	
rfsim5g-oai-cuup	0.0009582024549479	
rfsim5g-oai-cuup	0.0001926806779054	
rfsim5g-oai-cuup	0.0006102534029791	
rfsim5g-oai-cuup	0.0002510326464663	
rfsim5g-oai-cuup	0.001048966180474	
rfsim5g-oai-cuup	0.0006119212943494	
rfsim5g-oai-cuup	0.0005804584667004	
rfsim5g-oai-cuup	0.0004497996070726	
rfsim5g-oai-cuup	0.0012698113728174	
rfsim5g-oai-cuup	0.0001820540385422	
rfsim5g-oai-cuup	7.3762274643e-05	
rfsim5g-oai-cuup	0.0010640913785113	
rfsim5g-oai-cuup	2.27611713043e-05	
rfsim5g-oai-cuup	0.0012711907672617	
rfsim5g-oai-cuup	0.0011255045337933	
rfsim5g-oai-cuup	0.0006204098549186	
rfsim5g-oai-cuup	0.0003266799805378	
rfsim5g-oai-cuup	0.0002741054051663	
rfsim5g-oai-cuup	0.0008072409953868	
rfsim5g-oai-cuup	0.0002197305047906	
rfsim5g-oai-cuup	0.0004840065205819	
rfsim5g-oai-cuup	0.0011564499645138	
rfsim5g-oai-cuup	0.0003384793776894	
rfsim5g-oai-cuup	0.0018139817279047	
rfsim5g-oai-cuup	0.0001144293721726	
rfsim5g-oai-cuup	0.0005209419176873	
rfsim5g-oai-cuup	0.0008237048395593	
rfsim5g-oai-cuup	0.0009605932525594	
rfsim5g-oai-cuup	0.0005139692631868	
rfsim5g-oai-cuup	0.0008310919355946	
rfsim5g-oai-cuup	0.0008967796945391	
rfsim5g-oai-cuup	0.0004932003076584	
rfsim5g-oai-cuup	0.0004866579716514	
rfsim5g-oai-cuup	0.0013303734754422	
rfsim5g-oai-cuup	0.00090641834065	
rfsim5g-oai-cuup	0.0007295169615537	
rfsim5g-oai-cuup	0.000914946831626	
rfsim5g-oai-cuup	0.0007625010420823	
rfsim5g-oai-cuup	0.0005425211166786	
rfsim5g-oai-cuup	0.0008446195418754	
rfsim5g-oai-cuup	0.000769852384574	
rfsim5g-oai-cuup	0.0011561094309233	
rfsim5g-oai-cuup	0.0004813711652402	
rfsim5g-oai-cuup	0.0010760129910029	
rfsim5g-oai-cuup	0.0002715391485625	
rfsim5g-oai-cuup	0.0012788541584375	
rfsim5g-oai-cuup	0.0009371280946089	
rfsim5g-oai-cuup	0.0004440800320561	
rfsim5g-oai-cuup	0.001321447464749	
rfsim5g-oai-cuup	0.0008119783187853	
rfsim5g-oai-cuup	0.0007271295110721	
rfsim5g-oai-cuup	0.0013243735584301	
rfsim5g-oai-cuup	0.000655790813418	
rfsim5g-oai-cuup	0.0007255976978732	
rfsim5g-oai-cuup	0.0015629443992406	
rfsim5g-oai-cuup	0.0005228425775245	
rfsim5g-oai-cuup	0.0001058562064912	
rfsim5g-oai-cuup	0.0011131667796762	
rfsim5g-oai-cuup	0.0009799012903515	
rfsim5g-oai-cuup	0.0007438326814135	
rfsim5g-oai-cuup	0.0014397618244762	
rfsim5g-oai-cuup	9.14406078589e-05	
rfsim5g-oai-cuup	0.0007366478985282	
rfsim5g-oai-cuup	0.0001015360631104	
rfsim5g-oai-cuup	8.66302426304e-05	
rfsim5g-oai-cuup	0.0024734105272462	
rfsim5g-oai-cuup	0.001569935907218	
rfsim5g-oai-cuup	0.0002377610908852	
rfsim5g-oai-cuup	0.0006395842035273	
rfsim5g-oai-cuup	8.43691657038e-05	
rfsim5g-oai-cuup	0.0011948128991614	
rfsim5g-oai-cuup	0.0001304349393925	
rfsim5g-oai-cuup	0.0010849607029586	
rfsim5g-oai-cuup	0.0006148135942998	
rfsim5g-oai-cuup	0.0010427608540608	
rfsim5g-oai-cuup	0.0008784266069359	
rfsim5g-oai-cuup	0.000264537086565	
rfsim5g-oai-cuup	0.000676867879112	
rfsim5g-oai-cuup	0.001280146285021	
rfsim5g-oai-cuup	0.0006671217281897	
rfsim5g-oai-cuup	0.000561815677728	
rfsim5g-oai-cuup	7.25298478958e-05	
rfsim5g-oai-cuup	0.001142746205867	
rfsim5g-oai-cuup	0.0005956082373962	
rfsim5g-oai-cuup	0.0004445530273901	
rfsim5g-oai-cuup	0.0006679425055978	
rfsim5g-oai-cuup	0.0004473614756293	
rfsim5g-oai-cuup	0.0004331584984824	
rfsim5g-oai-cuup	0.0012453931440814	
rfsim5g-oai-cuup	0.001011069273344	
rfsim5g-oai-cuup	0.000750940269923	
rfsim5g-oai-cuup	0.0003003142419394	
rfsim5g-oai-cuup	2.94841718675e-05	
rfsim5g-oai-cuup	0.0017871073609264	
rfsim5g-oai-cuup	0.0001780443372538	
rfsim5g-oai-cuup	0.0017929520065195	
rfsim5g-oai-cuup	8.19360160345e-05	
rfsim5g-oai-cuup	0.0008414701995506	
rfsim5g-oai-cuup	0.0001248067035024	
rfsim5g-oai-cuup	0.0006504133293757	
rfsim5g-oai-cuup	0.0001217538928718	
rfsim5g-oai-cuup	0.0016319140600027	
rfsim5g-oai-cuup	0.0012919181897889	
rfsim5g-oai-cuup	7.73019716283e-05	
rfsim5g-oai-cuup	0.001106631213327	
rfsim5g-oai-cuup	7.76419819698e-05	
rfsim5g-oai-cuup	0.0002925556874643	
rfsim5g-oai-cuup	0.000590692894517	
rfsim5g-oai-cuup	0.0015600264037286	
rfsim5g-oai-cuup	0.0007390789693532	
rfsim5g-oai-cuup	0.001653874942849	
rfsim5g-oai-cuup	0.0006783671594347	
rfsim5g-oai-cuup	0.0009406388931223	
rfsim5g-oai-cuup	9.08438091921e-05	
rfsim5g-oai-cuup	0.0008642443885185	
rfsim5g-oai-cuup	0.0001150778352151	
rfsim5g-oai-cuup	0.0016787721851901	
rfsim5g-oai-cuup	0.0006021072189724	
rfsim5g-oai-cuup	0.0005497389724504	
rfsim5g-oai-cuup	0.0010897048162258	
rfsim5g-oai-cuup	0.0007572527472527	
rfsim5g-oai-cuup	0.000669193573961	
rfsim5g-oai-cuup	0.0014252730886238	
rfsim5g-oai-cuup	0.0013544859769502	
rfsim5g-oai-cuup	0.0002819434858881	
rfsim5g-oai-cuup	0.0009328860169208	
rfsim5g-oai-cuup	0.0004899490329616	
rfsim5g-oai-cuup	0.0022817090427544	
rfsim5g-oai-cuup	0.0002144416994948	
rfsim5g-oai-cuup	0.0004387014755959	
rfsim5g-oai-cuup	0.0001227965862119	
rfsim5g-oai-cuup	0.0006116873621313	
rfsim5g-oai-cuup	0.0005839463088685	
rfsim5g-oai-cuup	0.002047143404793	
rfsim5g-oai-cuup	0.0006414229106296	
rfsim5g-oai-cuup	0.0001666446345613	
rfsim5g-oai-cuup	0.0015873820661422	
rfsim5g-oai-cuup	0.0010018942780921	
rfsim5g-oai-cuup	0.0003892478315026	
rfsim5g-oai-cuup	0.0009227023666628	
rfsim5g-oai-cuup	0.0008475067829237	
rfsim5g-oai-cuup	0.0005491242667874	
rfsim5g-oai-cuup	0.0006812679578165	
rfsim5g-oai-cuup	0.0010247315557914	
rfsim5g-oai-cuup	4.05885565209e-05	
rfsim5g-oai-cuup	0.0005806612500276	
rfsim5g-oai-cuup	0.0009378701370225	
rfsim5g-oai-cuup	0.0002490051768956	
rfsim5g-oai-cuup	0.0006287687800149	
rfsim5g-oai-cuup	0.0006470065427148	
rfsim5g-oai-cuup	0.0005597148127692	
rfsim5g-oai-cuup	0.0006260921904341	
rfsim5g-oai-cuup	0.0011529781950735	
rfsim5g-oai-cuup	0.0002379433557936	
rfsim5g-oai-cuup	0.0012159362159579	
rfsim5g-oai-cuup	0.0001448858749945	
rfsim5g-oai-cuup	0.0001177649307214	
rfsim5g-oai-cuup	0.0010588522564391	
rfsim5g-oai-cuup	0.001467211660413	
rfsim5g-oai-cuup	1.98712834353e-05	
rfsim5g-oai-cuup	0.0008868460930814	
rfsim5g-oai-cuup	4.77946152327e-05	
rfsim5g-oai-cuup	0.0006419713545772	
rfsim5g-oai-cuup	0.0006036946064633	
rfsim5g-oai-cuup	0.0010961795743722	
rfsim5g-oai-cuup	0.0001205122621326	
rfsim5g-oai-cuup	8.02869386953e-05	
rfsim5g-oai-cuup	0.0008753489847992	
rfsim5g-oai-cuup	0.0006581970427234	
rfsim5g-oai-cuup	0.0010582619457832	
rfsim5g-oai-cuup	0.0006382324304136	
rfsim5g-oai-cuup	0.00134941903381	
rfsim5g-oai-cuup	0.0001548626946989	
rfsim5g-oai-cuup	0.0004939420242096	
rfsim5g-oai-cuup	0.0017175209323582	
rfsim5g-oai-cuup	0.0003120603290676	
rfsim5g-oai-cuup	0.0004005010283363	
rfsim5g-oai-cuup	0.0002512669104204	
rfsim5g-oai-cuup	2.00562442965e-05	
rfsim5g-oai-cuup	0.0014325174608827	
rfsim5g-oai-cuup	0.0007644151884083	
rfsim5g-oai-cuup	0.0006074491531082	
rfsim5g-oai-cuup	0.000719088695004	
rfsim5g-oai-cuup	0.0004871076791547	
rfsim5g-oai-cuup	0.0009505595063243	
rfsim5g-oai-cuup	0.0010631032290593	
rfsim5g-oai-cuup	0.0004781223702977	
rfsim5g-oai-cuup	0.0009572500222856	
rfsim5g-oai-cuup	0.0001528306962025	
rfsim5g-oai-cuup	0.0016459599304688	
rfsim5g-oai-cuup	0.0001652490922777	
rfsim5g-oai-cuup	0.00161760706695	
rfsim5g-oai-cuup	0.000707259475735	
rfsim5g-oai-cuup	0.0007925782855118	
rfsim5g-oai-cuup	0.0005906361767278	
rfsim5g-oai-cuup	0.000692896303587	
rfsim5g-oai-cuup	0.0001860683508311	
rfsim5g-oai-cuup	0.0017818714129483	
rfsim5g-oai-cuup	0.000710852020642	
rfsim5g-oai-cuup	0.0011991503250451	
rfsim5g-oai-cuup	0.0006919941916314	
rfsim5g-oai-cuup	0.0006335855058865	
rfsim5g-oai-cuup	0.0012073126334045	
rfsim5g-oai-cuup	0.001119486726254	
rfsim5g-oai-cuup	0.0006222286552827	
rfsim5g-oai-cuup	0.0002426241328708	
rfsim5g-oai-cuup	0.0009611132295719	
rfsim5g-oai-cuup	0.0011979449200172	
rfsim5g-oai-cuup	0.0002179257674016	
rfsim5g-oai-cuup	0.000872308668396	
rfsim5g-oai-cuup	0.0004527411404639	
rfsim5g-oai-cuup	7.38689709131e-05	
rfsim5g-oai-cuup	0.0013582063696612	
rfsim5g-oai-cuup	0.0006303138116716	
rfsim5g-oai-cuup	0.000410295683485	
rfsim5g-oai-cuup	0.000707531192012	
rfsim5g-oai-cuup	0.0012638594150393	
rfsim5g-oai-cuup	0.0007921018600336	
rfsim5g-oai-cuup	0.0007243081043956	
rfsim5g-oai-cuup	0.0005434862408424	
rfsim5g-oai-cuup	0.0006642904075091	
rfsim5g-oai-cuup	0.0007678722985347	
rfsim5g-oai-cuup	0.000222180811562	
rfsim5g-oai-cuup	0.0007446184769316	
rfsim5g-oai-cuup	0.0005059406559199	
rfsim5g-oai-cuup	0.0009082508949416	
rfsim5g-oai-cuup	0.0010033324887324	
rfsim5g-oai-cuup	0.0007695621005897	
rfsim5g-oai-cuup	0.0002681333497768	
rfsim5g-oai-cuup	0.0007415223221292	
rfsim5g-oai-cuup	0.0005385662314272	
rfsim5g-oai-cuup	0.0006791587122917	
rfsim5g-oai-cuup	0.0003923961053579	
rfsim5g-oai-cuup	0.0015308201485817	
rfsim5g-oai-cuup	0.0002606060692188	
rfsim5g-oai-cuup	0.0011949641662476	
rfsim5g-oai-cuup	0.000873947965631	
rfsim5g-oai-cuup	0.0005131061894663	
rfsim5g-oai-cuup	0.0013149448486835	
rfsim5g-oai-cuup	1.00553261226e-05	
rfsim5g-oai-cuup	0.0005306001311045	
rfsim5g-oai-cuup	0.0005542809352125	
rfsim5g-oai-cuup	0.0008126369104147	
rfsim5g-oai-cuup	0.0004501449373672	
rfsim5g-oai-cuup	0.0006056250395694	
rfsim5g-oai-cuup	0.0006600214127435	
rfsim5g-oai-cuup	0.0006989976168091	
rfsim5g-oai-cuup	0.0007963653278527	
rfsim5g-oai-cuup	0.0010823919802347	
rfsim5g-oai-cuup	2.67908258084e-05	
rfsim5g-oai-cuup	0.0008073319816759	
rfsim5g-oai-cuup	0.0006344218924665	
rfsim5g-oai-cuup	0.0009236306249041	
rfsim5g-oai-cuup	0.000656096793284	
rfsim5g-oai-cuup	0.0010492291605896	
rfsim5g-oai-cuup	0.0007619914286354	
rfsim5g-oai-cuup	0.0006176501447258	
rfsim5g-oai-cuup	0.0001349640765588	
rfsim5g-oai-cuup	0.0005672264665756	
rfsim5g-oai-cuup	0.0012182008097522	
rfsim5g-oai-cuup	0.0005096468996171	
rfsim5g-oai-cuup	0.0010714587422435	
rfsim5g-oai-cuup	0.0002290081071396	
rfsim5g-oai-cuup	0.001095231098271	
rfsim5g-oai-cuup	0.0006001098271073	
rfsim5g-oai-cuup	0.0012514499238555	
rfsim5g-oai-cuup	1.75583020235e-05	
rfsim5g-oai-cuup	0.0014399740293981	
rfsim5g-oai-cuup	0.0006712128183156	
rfsim5g-oai-cuup	0.0009009704260321	
rfsim5g-oai-cuup	0.0002429909658087	
rfsim5g-oai-cuup	0.0011985021802812	
rfsim5g-oai-cuup	0.0005956120664594	
rfsim5g-oai-cuup	0.0012515824593573	
rfsim5g-oai-cuup	0.0001178637438356	
rfsim5g-oai-cuup	0.002120842599473	
rfsim5g-oai-cuup	0.0001395576347137	
rfsim5g-oai-cuup	0.0009225158864194	
rfsim5g-oai-cuup	0.0007736714444444	
rfsim5g-oai-cuup	0.0016484984444444	
rfsim5g-oai-cuup	0.0006745656666666	
rfsim5g-oai-cuup	9.83338666666e-05	
rfsim5g-oai-cuup	0.0010226935205279	
rfsim5g-oai-cuup	0.0011932953850923	
rfsim5g-oai-cuup	0.0002973742415519	
rfsim5g-oai-cuup	0.0005957405110943	
rfsim5g-oai-cuup	0.0018609070061108	
rfsim5g-oai-cuup	0.0004988092993888	
rfsim5g-oai-cuup	0.0007466085417277	
rfsim5g-oai-cuup	0.0001648263918641	
rfsim5g-oai-cuup	0.0012661438766012	
rfsim5g-oai-cuup	0.0001775862107175	
rfsim5g-oai-cuup	0.0016740827312618	
rfsim5g-oai-cuup	0.0002402140197686	
rfsim5g-oai-cuup	0.000111458604277	
rfsim5g-oai-cuup	0.001168814060021	
rfsim5g-oai-cuup	0.0006404967039842	
rfsim5g-oai-cuup	0.0007210755737302	
rfsim5g-oai-cuup	0.000932899599822	
rfsim5g-oai-cuup	0.0001960699199644	
rfsim5g-oai-cuup	0.0003499231213873	
rfsim5g-oai-cuup	0.0011404283681636	
rfsim5g-oai-cuup	0.0006399498219848	
rfsim5g-oai-cuup	0.0005975972407654	
rfsim5g-oai-cuup	0.0010776505785491	
rfsim5g-oai-cuup	0.0001319589452603	
rfsim5g-oai-cuup	0.0004206482029318	
rfsim5g-oai-cuup	0.0007797467326033	
rfsim5g-oai-cuup	0.0006963268721299	
rfsim5g-oai-cuup	0.0005216450238431	
rfsim5g-oai-cuup	0.0019999144461278	
rfsim5g-oai-cuup	4.85671954371e-05	
rfsim5g-oai-cuup	0.0002792474155601	
rfsim5g-oai-cuup	0.0002379153150343	
rfsim5g-oai-cuup	0.0006662275047585	
rfsim5g-oai-cuup	0.0001419785646305	
rfsim5g-oai-cuup	0.0012306630256099	
rfsim5g-oai-cuup	0.0006293435499221	
rfsim5g-oai-cuup	0.000469487855779	
rfsim5g-oai-cuup	0.000394690666489	
rfsim5g-oai-cuup	0.0006981715509968	
rfsim5g-oai-cuup	0.0010104523333777	
rfsim5g-oai-cuup	0.0002710137563486	
rfsim5g-oai-cuup	0.0005196672967863	
rfsim5g-oai-cuup	0.0001551823171703	
rfsim5g-oai-cuup	0.0017613201311863	
rfsim5g-oai-cuup	0.001339857358134	
rfsim5g-oai-cuup	0.0005554469085265	
rfsim5g-oai-cuup	0.0005649192550775	
rfsim5g-oai-cuup	0.0002153685477159	
rfsim5g-oai-cuup	0.0006268359403893	
rfsim5g-oai-cuup	0.0007684242575873	
rfsim5g-oai-cuup	0.0007404825193081	
rfsim5g-oai-cuup	0.0009057113238333	
rfsim5g-oai-cuup	0.0014824558872268	
rfsim5g-oai-cuup	5.3802094611e-05	
rfsim5g-oai-cuup	0.0004860440354404	
rfsim5g-oai-cuup	0.0010133688990035	
rfsim5g-oai-cuup	0.0002845412414292	
rfsim5g-oai-cuup	0.0001619165214636	
rfsim5g-oai-cuup	0.0012751793125296	
rfsim5g-oai-cuup	0.0015485559729356	
rfsim5g-oai-cuup	0.0010092054770318	
rfsim5g-oai-cuup	0.0005160144434629	
rfsim5g-oai-cuup	0.0009873981227914	
rfsim5g-oai-cuup	0.0004976168948763	
rfsim5g-oai-cuup	0.0004984118423077	
rfsim5g-oai-cuup	0.0008358927684088	
rfsim5g-oai-cuup	0.0004821285152041	
rfsim5g-oai-cuup	0.0012317465095314	
rfsim5g-oai-cuup	0.0010617119537755	
rfsim5g-oai-cuup	0.0009031846123426	
rfsim5g-oai-cuup	0.0009154999011358	
rfsim5g-oai-cuup	0.0003341967396796	
rfsim5g-oai-cuup	0.0003506954335416	
rfsim5g-oai-cuup	0.0002728868351907	
rfsim5g-oai-cuup	0.0011714042765244	
rfsim5g-oai-cuup	0.0024847885068406	
rfsim5g-oai-cuup	0.0003897687018081	
rfsim5g-oai-cuup	0.0009846527708887	
rfsim5g-oai-cuup	0.0004303723226766	
rfsim5g-oai-cuup	0.0013217774270641	
rfsim5g-oai-cuup	0.0007920828153152	
rfsim5g-oai-cuup	0.0008616134234233	
rfsim5g-oai-cuup	0.0008188728828828	
rfsim5g-oai-cuup	0.0001901196171171	
rfsim5g-oai-cuup	0.0001549743952563	
rfsim5g-oai-cuup	0.0015770539047234	
rfsim5g-oai-cuup	7.64841767176e-05	
rfsim5g-oai-cuup	0.0007180319160883	
rfsim5g-oai-cuup	0.0009941525746698	
rfsim5g-oai-cuup	0.0002021572941593	
rfsim5g-oai-cuup	0.0007675039661437	
rfsim5g-oai-cuup	0.0007334882566693	
rfsim5g-oai-cuup	2.36625098451e-05	
rfsim5g-oai-cuup	0.0011860748884221	
rfsim5g-oai-cuup	0.0013753534392229	
rfsim5g-oai-cuup	0.0001366446136343	
rfsim5g-oai-cuup	0.0009030658570452	
rfsim5g-oai-cuup	0.0012447806748804	
rfsim5g-oai-cuup	0.0002113511494125	
rfsim5g-oai-cuup	0.0001219594234202	
rfsim5g-oai-cuup	6.07222663314e-05	
rfsim5g-oai-cuup	0.0002993402364253	
rfsim5g-oai-cuup	0.0005110393895284	
rfsim5g-oai-cuup	0.0016554079881787	
rfsim5g-oai-cuup	0.0004966737499139	
rfsim5g-oai-cuup	0.0008052348716065	
rfsim5g-oai-cuup	0.0001326683112651	
rfsim5g-oai-cuup	0.0012657175344792	
rfsim5g-oai-cuup	0.0013648034704963	
rfsim5g-oai-cuup	0.0011690471969914	
rfsim5g-oai-cuup	0.0001164273680969	
rfsim5g-oai-cuup	0.0001172750885219	
rfsim5g-oai-cuup	0.000822432076057	
rfsim5g-oai-cuup	0.0005728743240847	
rfsim5g-oai-cuup	0.000696898679195	
rfsim5g-oai-cuup	0.0007040601010548	
rfsim5g-oai-cuup	0.001617636311252	
rfsim5g-oai-cuup	0.0003721434365372	
rfsim5g-oai-cuup	0.0001722502382482	
rfsim5g-oai-cuup	0.0011092350568471	
rfsim5g-oai-cuup	0.0005796087416284	
rfsim5g-oai-cuup	0.0001314321906944	
rfsim5g-oai-cuup	0.0011717332569615	
rfsim5g-oai-cuup	0.000527063138879	
rfsim5g-oai-cuup	0.0008660496850323	
rfsim5g-oai-cuup	0.0010743868334664	
rfsim5g-oai-cuup	0.000582006210629	
rfsim5g-oai-cuup	0.0006762857776594	
rfsim5g-oai-cuup	0.0011031393211698	
rfsim5g-oai-cuup	0.0010958059207583	
rfsim5g-oai-cuup	0.000210886906359	
rfsim5g-oai-cuup	0.0007368709194168	
rfsim5g-oai-cuup	0.0007428520229936	
rfsim5g-oai-cuup	0.0001478395755029	
rfsim5g-oai-cuup	0.0008611291399513	
rfsim5g-oai-cuup	0.0015548024983417	
rfsim5g-oai-cuup	0.0002566424999448	
rfsim5g-oai-cuup	0.0003238383010596	
rfsim5g-oai-cuup	0.0017890481131451	
rfsim5g-oai-cuup	0.0009566597272707	
rfsim5g-oai-cuup	0.0007249805563534	
rfsim5g-oai-cuup	0.0005907330475706	
rfsim5g-oai-cuup	0.0011799081066749	
rfsim5g-oai-cuup	0.0008368363640381	
rfsim5g-oai-cuup	0.00220026104147	
rfsim5g-oai-cuup	0.0003060837713978	
rfsim5g-oai-cuup	0.0006937443725569	
rfsim5g-oai-cuup	0.0001048550119063	
rfsim5g-oai-cuup	0.0002346677148614	
rfsim5g-oai-cuup	0.0015354030604335	
rfsim5g-oai-cuup	0.0002754415926655	
rfsim5g-oai-cuup	0.0012087333968155	
rfsim5g-oai-cuup	0.001336263970375	
rfsim5g-oai-cuup	0.0010991721284047	
rfsim5g-oai-cuup	0.0007341231846878	
rfsim5g-oai-cuup	0.000740459432931	
rfsim5g-oai-cuup	0.0005760450231637	
rfsim5g-oai-cuup	0.0005572777178068	
rfsim5g-oai-cuup	0.0007660977375973	
rfsim5g-oai-cuup	0.0007142444789277	
rfsim5g-oai-cuup	0.001115243395686	
rfsim5g-oai-cuup	0.0006926097560975	
rfsim5g-oai-cuup	0.0010790304492476	
rfsim5g-oai-cuup	0.0002713011214665	
rfsim5g-oai-cuup	0.000952670247188	
rfsim5g-oai-cuup	3.54535669476e-05	
rfsim5g-oai-cuup	0.0010841327507648	
rfsim5g-oai-cuup	0.0005650524091478	
rfsim5g-oai-cuup	0.0001574724598463	
rfsim5g-oai-cuup	0.0010111503142457	
rfsim5g-oai-cuup	0.0002219064682262	
rfsim5g-oai-cuup	0.0011971030682612	
rfsim5g-oai-cuup	0.0010385348910075	
rfsim5g-oai-cuup	0.0013262562105545	
rfsim5g-oai-cuup	0.0001879760306163	
rfsim5g-oai-cuup	5.64507407905e-05	
rfsim5g-oai-cuup	0.000241351617751	
rfsim5g-oai-cuup	0.0011894387597241	
rfsim5g-oai-cuup	0.0004894475114922	
rfsim5g-oai-cuup	0.0005489637111032	
rfsim5g-oai-cuup	0.0002192724656149	
rfsim5g-oai-cuup	0.0011468275695389	
rfsim5g-oai-cuup	0.0010738512325877	
rfsim5g-oai-cuup	0.0003151368809597	
rfsim5g-oai-cuup	3.82280961603e-05	
rfsim5g-oai-cuup	0.0015235071664577	
rfsim5g-oai-cuup	0.0007167673009	
rfsim5g-oai-cuup	0.000183746223083	
rfsim5g-oai-cuup	0.0011572973882248	
rfsim5g-oai-cuup	0.00026140354139	
rfsim5g-oai-cuup	0.0006481281540505	
rfsim5g-oai-cuup	0.0005262499999999	
rfsim5g-oai-cuup	0.0016776138880241	
rfsim5g-oai-cuup	0.0002001287410504	
rfsim5g-oai-cuup	0.0001204845466269	
rfsim5g-oai-cuup	0.0008178304131274	
rfsim5g-oai-cuup	0.0006814274147665	
rfsim5g-oai-cuup	0.0007611514727121	
rfsim5g-oai-cuup	0.0003073999956234	
rfsim5g-oai-cuup	0.0015359888835398	
rfsim5g-oai-cuup	0.0009907601371662	
rfsim5g-oai-cuup	0.0005521831926785	
rfsim5g-oai-cuup	5.54796588656e-05	
rfsim5g-oai-cuup	0.0011979139148056	
rfsim5g-oai-cuup	0.0013476738921755	
rfsim5g-oai-cuup	0.0007011812925549	
rfsim5g-oai-cuup	0.0011331541466681	
rfsim5g-oai-cuup	0.0001097143207947	
rfsim5g-oai-cuup	0.0008335098754387	
rfsim5g-oai-cuup	0.0008046483380359	
rfsim5g-oai-cuup	0.0007646035143257	
rfsim5g-oai-cuup	0.0009043799692612	
rfsim5g-oai-cuup	0.0010155806091211	
rfsim5g-oai-cuup	0.00028827397046	
rfsim5g-oai-cuup	0.0006647474582709	
rfsim5g-oai-cuup	0.0009869565392263	
rfsim5g-oai-cuup	0.0007972376118067	
rfsim5g-oai-cuup	0.0004350337880142	
rfsim5g-oai-cuup	0.0013324248211091	
rfsim5g-oai-cuup	0.0007420298076923	
rfsim5g-oai-cuup	0.0014901497586679	
rfsim5g-oai-cuup	0.0002782180622592	
rfsim5g-oai-cuup	0.0009827036930434	
rfsim5g-oai-cuup	0.0016189193419829	
rfsim5g-oai-cuup	0.0009951291666666	
rfsim5g-oai-cuup	0.0005464232512953	
rfsim5g-oai-cuup	0.0005931593696027	
rfsim5g-oai-cuup	0.000967249632988	
rfsim5g-oai-cuup	0.0009846530464376	
rfsim5g-oai-cuup	0.0008989755845866	
rfsim5g-oai-cuup	0.0005556430343616	
rfsim5g-oai-cuup	0.0008301816884399	
rfsim5g-oai-cuup	0.0020738311799042	
rfsim5g-oai-cuup	0.0002049548982313	
rfsim5g-oai-cuup	0.0006310986423558	
rfsim5g-oai-cuup	0.0010595838962856	
rfsim5g-oai-cuup	0.0014337969609229	
rfsim5g-oai-cuup	0.0006027644154153	
rfsim5g-oai-cuup	0.0008041552308486	
rfsim5g-oai-cuup	7.56229434606e-05	
rfsim5g-oai-cuup	0.0016241286993813	
rfsim5g-oai-cuup	1.50289696455e-05	
rfsim5g-oai-cuup	0.00012538172031	
rfsim5g-oai-cuup	0.0007622421433518	
rfsim5g-oai-cuup	0.0001582431039379	
rfsim5g-oai-cuup	0.0009489282984253	
rfsim5g-oai-cuup	0.0005157868827396	
rfsim5g-oai-cuup	0.0010846836875096	
rfsim5g-oai-cuup	0.0002301789828854	
rfsim5g-oai-cuup	0.0007580672600944	
rfsim5g-oai-cuup	0.0004050792914381	
rfsim5g-oai-cuup	0.0010204544385002	
rfsim5g-oai-cuup	0.0007187702738931	
rfsim5g-oai-cuup	0.0005970048031813	
rfsim5g-oai-cuup	0.0008879440150127	
rfsim5g-oai-cuup	0.0004854165810284	
rfsim5g-oai-cuup	5.84516819234e-05	
rfsim5g-oai-cuup	0.0009563626116686	
rfsim5g-oai-cuup	0.0006493426712253	
rfsim5g-oai-cuup	0.0010654601963163	
rfsim5g-oai-cuup	0.000689183797616	
rfsim5g-oai-cuup	6.10217064355e-05	
rfsim5g-oai-cuup	0.0013830362522166	
rfsim5g-oai-cuup	0.0008581157152798	
rfsim5g-oai-cuup	0.000381445358482	
rfsim5g-oai-cuup	0.0006621562095215	
rfsim5g-oai-cuup	0.0009614209748892	
rfsim5g-oai-cuup	0.0007207330757868	
rfsim5g-oai-cuup	0.0002769981861889	
rfsim5g-oai-cuup	3.3035620629e-06	
rfsim5g-oai-cuup	0.0007370559222028	
rfsim5g-oai-cuup	0.0016297451267482	
rfsim5g-oai-cuup	0.00157478658713	
rfsim5g-oai-cuup	0.0009743900994947	
rfsim5g-oai-cuup	0.0003334905068221	
rfsim5g-oai-cuup	0.0002020414895274	
rfsim5g-oai-cuup	0.0004776740599549	
rfsim5g-oai-cuup	0.0002126188702131	
rfsim5g-oai-cuup	0.0012044507451048	
rfsim5g-oai-cuup	0.0014687671980592	
rfsim5g-oai-cuup	0.0013162735040842	
rfsim5g-oai-cuup	0.0014250469085515	
rfsim5g-oai-cuup	0.0002813649082416	
rfsim5g-oai-cuup	0.000266882252673	
rfsim5g-oai-cuup	0.001099183971593	
rfsim5g-oai-cuup	0.0011215907946782	
rfsim5g-oai-cuup	0.0002104441972311	
rfsim5g-oai-cuup	0.0006548715165408	
rfsim5g-oai-cuup	0.0007431144968503	
rfsim5g-oai-cuup	0.0012101929352059	
rfsim5g-oai-cuup	0.0005657218376477	
rfsim5g-oai-cuup	0.0006570862065128	
rfsim5g-oai-cuup	0.0013817181794638	
rfsim5g-oai-cuup	0.0009155538974492	
rfsim5g-oai-cuup	0.0001572584487892	
rfsim5g-oai-cuup	0.0003528607082737	
rfsim5g-oai-cuup	0.0012179698630138	
rfsim5g-oai-cuup	2.28421917807e-05	
rfsim5g-oai-cuup	0.000192682157534	
rfsim5g-oai-cuup	0.0016130331164383	
rfsim5g-oai-cuup	0.0022087161568074	
rfsim5g-oai-cuup	0.0010318942165327	
rfsim5g-oai-cuup	0.0006417129450353	
rfsim5g-oai-cuup	8.31585385299e-05	
rfsim5g-oai-cuup	0.000540303010471	
rfsim5g-oai-cuup	0.0006613023785881	
rfsim5g-oai-cuup	0.000246382131251	
rfsim5g-oai-cuup	0.0009095305109224	
rfsim5g-oai-cuup	0.0001477236957156	
rfsim5g-oai-cuup	0.0001301460888279	
rfsim5g-oai-cuup	0.0005439487254219	
rfsim5g-oai-cuup	0.0017342111292963	
rfsim5g-oai-cuup	0.0008539834172342	
rfsim5g-oai-cuup	0.0010767982278308	
rfsim5g-oai-cuup	9.58894558209e-05	
rfsim5g-oai-cuup	0.0005642810642125	
rfsim5g-oai-cuup	0.0018198739291343	
rfsim5g-oai-cuup	0.0010060098005619	
rfsim5g-oai-cuup	0.0001037743472002	
rfsim5g-oai-cuup	0.0004281528682062	
rfsim5g-oai-cuup	0.000130445095464	
rfsim5g-oai-cuup	0.0008615625484055	
rfsim5g-oai-cuup	0.0022473609118767	
rfsim5g-oai-cuup	0.0002467011145906	
rfsim5g-oai-cuup	0.0009824458042755	
rfsim5g-oai-cuup	0.0001092569624868	
rfsim5g-oai-cuup	0.0008504053512011	
rfsim5g-oai-cuup	0.0006314209170882	
rfsim5g-oai-cuup	0.0015836264639338	
rfsim5g-oai-cuup	0.0001862992081449	
rfsim5g-oai-cuup	0.0002041487556561	
rfsim5g-oai-cuup	0.0008511233364386	
rfsim5g-oai-cuup	0.000158615752594	
rfsim5g-oai-cuup	0.0001292430602344	
rfsim5g-oai-cuup	0.0019517010847595	
rfsim5g-oai-cuup	0.0011466123163992	
rfsim5g-oai-cuup	0.0002008053778056	
rfsim5g-oai-cuup	0.0004239751666058	
rfsim5g-oai-cuup	0.00014999668446	
rfsim5g-oai-cuup	0.0021622583137163	
rfsim5g-oai-cuup	0.0001256046580384	
rfsim5g-oai-cuup	0.0017224615991063	
rfsim5g-oai-cuup	0.0002340751921687	
rfsim5g-oai-cuup	0.0009859111425005	
rfsim5g-oai-cuup	0.0006118926409252	
rfsim5g-oai-cuup	0.0008202464783829	
rfsim5g-oai-cuup	0.0014472071985573	
rfsim5g-oai-cuup	9.4305641726e-05	
rfsim5g-oai-cuup	0.0011307682848469	
rfsim5g-oai-cuup	0.0013851744399884	
rfsim5g-oai-cuup	0.0002121033168633	
rfsim5g-oai-cuup	7.18242749206e-05	
rfsim5g-oai-cuup	0.0003870544868255	
rfsim5g-oai-cuup	0.0007640501579168	
rfsim5g-oai-cuup	0.0002786244450825	
rfsim5g-oai-cuup	0.0012224287386532	
rfsim5g-oai-cuup	0.0008181477272726	
rfsim5g-oai-cuup	0.0006357983119395	
rfsim5g-oai-cuup	0.0006305922938279	
rfsim5g-oai-cuup	0.0005633868252153	
rfsim5g-oai-cuup	0.0008208774998349	
rfsim5g-oai-cuup	0.0012873905132775	
rfsim5g-oai-cuup	0.0004563266451058	
rfsim5g-oai-cuup	0.0001898874001717	
rfsim5g-oai-cuup	0.0011176996678187	
rfsim5g-oai-cuup	0.0002169921892535	
rfsim5g-oai-cuup	0.00029940674238	
rfsim5g-oai-cuup	0.0011213958118237	
rfsim5g-oai-cuup	0.0001658352231604	
rfsim5g-oai-cuup	0.0002903179953943	
rfsim5g-oai-cuup	0.0007910072376356	
rfsim5g-oai-cuup	0.0014345428446101	
rfsim5g-oai-cuup	0.0005151802365093	
rfsim5g-oai-cuup	0.000775468737257	
rfsim5g-oai-cuup	0.0012703014362738	
rfsim5g-oai-cuup	1.15121426305e-05	
rfsim5g-oai-cuup	0.0005459121533229	
rfsim5g-oai-cuup	0.0013681535845106	
rfsim5g-oai-cuup	0.0002193291252398	
rfsim5g-oai-cuup	0.0006081582940868	
rfsim5g-oai-cuup	0.0001559445953769	
rfsim5g-oai-cuup	0.0017898173740702	
rfsim5g-oai-cuup	4.33330958002e-05	
rfsim5g-oai-cuup	0.0010502604106354	
rfsim5g-oai-cuup	0.0011574142079572	
rfsim5g-oai-cuup	0.001033458637522	
rfsim5g-oai-cuup	0.0005430722709404	
rfsim5g-oai-cuup	0.0001873322605728	
rfsim5g-oai-cuup	0.0018380253537092	
rfsim5g-oai-cuup	0.0005092044864948	
rfsim5g-oai-cuup	0.0006393084301628	
rfsim5g-oai-cuup	0.0001514103246059	
rfsim5g-oai-cuup	0.0006065420431007	
rfsim5g-oai-cuup	0.0011478657176854	
rfsim5g-oai-cuup	0.0005914139967387	
rfsim5g-oai-cuup	0.0006354445154467	
rfsim5g-oai-cuup	0.0011502412878357	
rfsim5g-oai-cuup	0.0002598638476362	
rfsim5g-oai-cuup	0.0002757200770888	
rfsim5g-oai-cuup	0.001611162929373	
