Container	            CPU-usage(%)
rfsim5g-oai-cuup	0.0002820443123300927
rfsim5g-oai-cuup	0.00017745068181315715
rfsim5g-oai-cuup	0.0008226450151391106
rfsim5g-oai-cuup	0.0016630861714588786
rfsim5g-oai-cuup	0.0005247323387549037
rfsim5g-oai-cuup	0.00023275890072910858
rfsim5g-oai-cuup	0.0010503640605720754
rfsim5g-oai-cuup	0.001334013909141905
rfsim5g-oai-cuup	0.0012582902413153002
rfsim5g-oai-cuup	0.00032402309290197127
rfsim5g-oai-cuup	0.0006131066914169649
rfsim5g-oai-cuup	0.000976774330416324
rfsim5g-oai-cuup	0.0012517179475778591
rfsim5g-oai-cuup	0.0001864884506791713
rfsim5g-oai-cuup	0.0016048012049532149
rfsim5g-oai-cuup	0.00016547657900003177
rfsim5g-oai-cuup	0.0008043080376085819
rfsim5g-oai-cuup	0.0010068241284587943
rfsim5g-oai-cuup	0.0006080877459409999
rfsim5g-oai-cuup	0.0010309098867722164
rfsim5g-oai-cuup	0.000588319083092032
rfsim5g-oai-cuup	0.0007213187294148871
rfsim5g-oai-cuup	0.0011327776918145795
rfsim5g-oai-cuup	0.0008611735228453453
rfsim5g-oai-cuup	0.0012734254014535944
rfsim5g-oai-cuup	0.0008419321870377081
rfsim5g-oai-cuup	0.0007958590142143598
rfsim5g-oai-cuup	0.00045210301652980533
rfsim5g-oai-cuup	0.0013716143182557817
rfsim5g-oai-cuup	0.0008215415120945982
rfsim5g-oai-cuup	0.0006825189283002531
rfsim5g-oai-cuup	0.0008097196442130463
rfsim5g-oai-cuup	0.00021961475517725415
rfsim5g-oai-cuup	0.0019737077922077958
rfsim5g-oai-cuup	0.0007590706168831095
rfsim5g-oai-cuup	0.0002821398078273214
rfsim5g-oai-cuup	0.00020869583286783298
rfsim5g-oai-cuup	0.0010199982348341003
rfsim5g-oai-cuup	0.0011409603843145944
rfsim5g-oai-cuup	0.0001265359848061513
rfsim5g-oai-cuup	0.0005622532008237084
rfsim5g-oai-cuup	0.0004493075700599814
rfsim5g-oai-cuup	0.0002665973229474262
rfsim5g-oai-cuup	0.0012222136270033045
rfsim5g-oai-cuup	0.00013295097815676466
rfsim5g-oai-cuup	0.0012649945277942317
rfsim5g-oai-cuup	0.00008667148524785257
rfsim5g-oai-cuup	0.0013155841123626251
rfsim5g-oai-cuup	0.0006434775571908078
rfsim5g-oai-cuup	0.0005800404170649885
rfsim5g-oai-cuup	0.0003061036215290833
rfsim5g-oai-cuup	0.0010300713856961714
rfsim5g-oai-cuup	0.00047210385204640335
rfsim5g-oai-cuup	0.0012752862114248167
rfsim5g-oai-cuup	0.00024067852921863935
rfsim5g-oai-cuup	0.0005522265922521428
rfsim5g-oai-cuup	0.0006126788721496536
rfsim5g-oai-cuup	0.0006334000955805351
rfsim5g-oai-cuup	0.0005359840016385233
rfsim5g-oai-cuup	0.0008752836921396293
rfsim5g-oai-cuup	0.0006133104326847267
rfsim5g-oai-cuup	0.0006337913688530107
rfsim5g-oai-cuup	0.00011401993190682107
rfsim5g-oai-cuup	0.0012314199905300873
rfsim5g-oai-cuup	0.0002275038446880464
rfsim5g-oai-cuup	0.00024018028560540282
rfsim5g-oai-cuup	0.001149544107427091
rfsim5g-oai-cuup	0.0018810741139282886
rfsim5g-oai-cuup	0.001161035912755078
rfsim5g-oai-cuup	0.00015207887627124826
rfsim5g-oai-cuup	0.0005645472137412968
rfsim5g-oai-cuup	0.0006250554176642423
rfsim5g-oai-cuup	0.0007586879671892547
rfsim5g-oai-cuup	0.00024148056272188615
rfsim5g-oai-cuup	0.0004576958170712925
rfsim5g-oai-cuup	0.001281690789618748
rfsim5g-oai-cuup	0.0006857965610382705
rfsim5g-oai-cuup	0.0011867381689614806
rfsim5g-oai-cuup	0.0012738049278608673
rfsim5g-oai-cuup	0.00007985815929900993
rfsim5g-oai-cuup	0.00025085459577170964
rfsim5g-oai-cuup	0.00032297080573451254
rfsim5g-oai-cuup	0.0013490668042827488
rfsim5g-oai-cuup	0.002873680156065679
rfsim5g-oai-cuup	0.0012358148294829361
rfsim5g-oai-cuup	0.0009413239383938421
rfsim5g-oai-cuup	0.0007453143894389472
rfsim5g-oai-cuup	0.0003337446644664432
rfsim5g-oai-cuup	0.001138699147947339
rfsim5g-oai-cuup	0.0002547565342481062
rfsim5g-oai-cuup	0.0006013949098152088
rfsim5g-oai-cuup	0.0012988385083545376
rfsim5g-oai-cuup	0.0004331336035093136
rfsim5g-oai-cuup	0.000283884121222896
rfsim5g-oai-cuup	0.0016475781469193359
rfsim5g-oai-cuup	0.0010276411632412269
rfsim5g-oai-cuup	0.0016147972540540582
rfsim5g-oai-cuup	0.000041843805405390695
rfsim5g-oai-cuup	0.0011980363675675677
rfsim5g-oai-cuup	0.000029138443243239734
rfsim5g-oai-cuup	0.0003593386606818857
rfsim5g-oai-cuup	0.0008809360264780489
rfsim5g-oai-cuup	0.0014518058804860224
rfsim5g-oai-cuup	0.0006564355957562765
rfsim5g-oai-cuup	0.00028051144566346295
rfsim5g-oai-cuup	0.0013067452153373823
rfsim5g-oai-cuup	0.0010451138826957538
rfsim5g-oai-cuup	0.0006814397916161036
rfsim5g-oai-cuup	0.00042373406468282614
rfsim5g-oai-cuup	0.00009118364755085689
rfsim5g-oai-cuup	0.002550967352033112
rfsim5g-oai-cuup	0.0002565753574635121
rfsim5g-oai-cuup	0.0007680208134297517
rfsim5g-oai-cuup	0.0006841236294981899
rfsim5g-oai-cuup	0.00032531029070562444
rfsim5g-oai-cuup	0.0009540716527910533
rfsim5g-oai-cuup	0.0009808207593142463
rfsim5g-oai-cuup	0.0005799495857883322
rfsim5g-oai-cuup	0.0004779620121384084
rfsim5g-oai-cuup	0.0010788724360962084
rfsim5g-oai-cuup	0.0007215583884306972
rfsim5g-oai-cuup	0.0013643949538951318
rfsim5g-oai-cuup	0.0001241879132299896
rfsim5g-oai-cuup	0.000279862945846146
rfsim5g-oai-cuup	0.0007027234540912028
rfsim5g-oai-cuup	0.0007757823235477953
rfsim5g-oai-cuup	0.00041379428036049425
rfsim5g-oai-cuup	0.0011634854109038903
rfsim5g-oai-cuup	0.000032050209205053556
rfsim5g-oai-cuup	0.00040903373846049333
rfsim5g-oai-cuup	0.0007909073077859553
rfsim5g-oai-cuup	0.0016143644816364255
rfsim5g-oai-cuup	0.0009322104065838302
rfsim5g-oai-cuup	0.00037705629279388594
rfsim5g-oai-cuup	0.0009395200392532889
rfsim5g-oai-cuup	0.0010924544907108002
rfsim5g-oai-cuup	0.0005333155706313551
rfsim5g-oai-cuup	0.0006571267315898574
rfsim5g-oai-cuup	0.0009526324762009162
rfsim5g-oai-cuup	0.0009818926578400358
rfsim5g-oai-cuup	0.0010531309130662578
rfsim5g-oai-cuup	0.0005873028674243278
rfsim5g-oai-cuup	0.00022923153483500803
rfsim5g-oai-cuup	0.0006891391122144689
rfsim5g-oai-cuup	0.0008641114866377122
rfsim5g-oai-cuup	0.0009627006132772285
rfsim5g-oai-cuup	0.0016421981288329548
rfsim5g-oai-cuup	0.00042673020278435783
rfsim5g-oai-cuup	0.00018152651750109796
rfsim5g-oai-cuup	0.0012818705361098903
rfsim5g-oai-cuup	0.0005772053389455029
rfsim5g-oai-cuup	0.0013528039654408578
rfsim5g-oai-cuup	0.0013433706780372693
rfsim5g-oai-cuup	0.001014747630515008
rfsim5g-oai-cuup	0.0004054995029052433
rfsim5g-oai-cuup	0.000756968605704447
rfsim5g-oai-cuup	0.000818254981236585
rfsim5g-oai-cuup	0.0009978865484274347
rfsim5g-oai-cuup	0.0006986121336669155
rfsim5g-oai-cuup	0.001445503953716941
rfsim5g-oai-cuup	0.001956174725712283
rfsim5g-oai-cuup	0.0002469778357812962
rfsim5g-oai-cuup	0.000814396500619383
rfsim5g-oai-cuup	0.0004522879578835612
rfsim5g-oai-cuup	0.001793854086718738
rfsim5g-oai-cuup	0.0008750931807154634
rfsim5g-oai-cuup	0.000827220898945807
rfsim5g-oai-cuup	0.0007950142252216443
rfsim5g-oai-cuup	0.0008215453362160289
rfsim5g-oai-cuup	0.0012991963907518424
rfsim5g-oai-cuup	0.0005226977364983937
rfsim5g-oai-cuup	0.00012821781238971932
rfsim5g-oai-cuup	0.00011687483082197652
rfsim5g-oai-cuup	0.001651418952449721
rfsim5g-oai-cuup	0.0004511719299828497
rfsim5g-oai-cuup	0.00030691764413968715
rfsim5g-oai-cuup	0.0008993838759206934
rfsim5g-oai-cuup	0.00001731251251694947
rfsim5g-oai-cuup	0.0015696240459289069
rfsim5g-oai-cuup	0.00025240913237947575
rfsim5g-oai-cuup	0.0003890491266128537
rfsim5g-oai-cuup	0.0010574174632228016
rfsim5g-oai-cuup	0.00016641601699321677
rfsim5g-oai-cuup	0.0012613827311142734
rfsim5g-oai-cuup	0.00014995039170158438
rfsim5g-oai-cuup	0.0017457743104533293
rfsim5g-oai-cuup	0.0007496219049065719
rfsim5g-oai-cuup	0.0007165879863718273
rfsim5g-oai-cuup	0.0001447602577070021
rfsim5g-oai-cuup	0.002494106381107327
rfsim5g-oai-cuup	0.00019997517480981874
rfsim5g-oai-cuup	0.00006368846475217341
rfsim5g-oai-cuup	0.0013086626046730611
rfsim5g-oai-cuup	0.0006065223695200832
rfsim5g-oai-cuup	0.0005109480221874868
rfsim5g-oai-cuup	0.00006189045467202432
rfsim5g-oai-cuup	0.0009805962996330601
rfsim5g-oai-cuup	0.0008154851787558626
rfsim5g-oai-cuup	0.00017542622338437188
rfsim5g-oai-cuup	0.0006718478103232354
rfsim5g-oai-cuup	0.0010138288436493267
rfsim5g-oai-cuup	0.0009310554755866078
rfsim5g-oai-cuup	0.00035868953777960056
rfsim5g-oai-cuup	0.0008162363881463284
rfsim5g-oai-cuup	0.001253067373318418
rfsim5g-oai-cuup	0.0005409319902560942
rfsim5g-oai-cuup	0.002117864968068989
rfsim5g-oai-cuup	0.00020718271995084892
rfsim5g-oai-cuup	0.0002754555744699525
rfsim5g-oai-cuup	0.0004283247628943386
rfsim5g-oai-cuup	0.0017556413680277635
rfsim5g-oai-cuup	0.000980773152344522
rfsim5g-oai-cuup	0.0006613575877945459
rfsim5g-oai-cuup	0.0023524780852216018
rfsim5g-oai-cuup	0.000646726189401463
rfsim5g-oai-cuup	0.00029350431073394095
rfsim5g-oai-cuup	0.0006682182755784946
rfsim5g-oai-cuup	0.000999755251283636
rfsim5g-oai-cuup	0.0008577592078063506
rfsim5g-oai-cuup	0.0008181885794305103
rfsim5g-oai-cuup	0.0006054669866619397
rfsim5g-oai-cuup	0.000665963259527946
rfsim5g-oai-cuup	0.0012454726271317756
rfsim5g-oai-cuup	0.0012002918666637052
rfsim5g-oai-cuup	0.0008263218091507509
rfsim5g-oai-cuup	0.001688526881249852
rfsim5g-oai-cuup	0.0011680048576617704
rfsim5g-oai-cuup	0.00040694755038180047
rfsim5g-oai-cuup	0.0018376636691448244
rfsim5g-oai-cuup	0.000307288140497682
rfsim5g-oai-cuup	0.0005256784935226711
rfsim5g-oai-cuup	0.001003731959221816
rfsim5g-oai-cuup	0.000761478075531161
rfsim5g-oai-cuup	0.0006987367065562547
rfsim5g-oai-cuup	0.0014476889722697126
rfsim5g-oai-cuup	0.0006017625274749715
rfsim5g-oai-cuup	0.0010490476264591521
rfsim5g-oai-cuup	0.0006519587548638159
rfsim5g-oai-cuup	0.0003393759199555165
rfsim5g-oai-cuup	0.0005279906837131847
rfsim5g-oai-cuup	0.00026189143110519965
rfsim5g-oai-cuup	0.0015244482208180766
rfsim5g-oai-cuup	0.0004860526992573097
rfsim5g-oai-cuup	0.000900424520563148
rfsim5g-oai-cuup	0.0006582707947447518
rfsim5g-oai-cuup	0.0007397097350850796
rfsim5g-oai-cuup	0.0006525507861296564
rfsim5g-oai-cuup	0.0005751758992031124
rfsim5g-oai-cuup	0.0010482587724110926
rfsim5g-oai-cuup	0.0009704526981061989
rfsim5g-oai-cuup	0.00024005431323925955
rfsim5g-oai-cuup	0.00037016915008007467
rfsim5g-oai-cuup	0.00022357678466271695
rfsim5g-oai-cuup	0.0008986206896551727
rfsim5g-oai-cuup	0.00015433176296101626
rfsim5g-oai-cuup	0.0013606261859582388
rfsim5g-oai-cuup	0.00007856048663089161
rfsim5g-oai-cuup	0.0008603380362544484
rfsim5g-oai-cuup	0.00013571711819122085
rfsim5g-oai-cuup	0.0015377966924996042
rfsim5g-oai-cuup	0.0006097149767189378
rfsim5g-oai-cuup	0.0002576917182767573
rfsim5g-oai-cuup	0.0016879553139550428
rfsim5g-oai-cuup	0.0001498216400705451
rfsim5g-oai-cuup	0.0004716040471425157
rfsim5g-oai-cuup	0.0014183066044029292
rfsim5g-oai-cuup	0.00025553193239939026
rfsim5g-oai-cuup	0.000554772670669336
rfsim5g-oai-cuup	0.0001534849508876464
rfsim5g-oai-cuup	0.0013528324096602723
rfsim5g-oai-cuup	0.0014223977201045246
rfsim5g-oai-cuup	0.0008803169775615027
rfsim5g-oai-cuup	0.00032852145768403116
rfsim5g-oai-cuup	0.0018374756653081025
rfsim5g-oai-cuup	0.0007984878925917023
rfsim5g-oai-cuup	0.001077440552734216
rfsim5g-oai-cuup	0.0010860963464741872
rfsim5g-oai-cuup	0.0007369144253192645
rfsim5g-oai-cuup	0.0021076499056079884
rfsim5g-oai-cuup	0.00015256373126039057
rfsim5g-oai-cuup	0.00020506891742955397
rfsim5g-oai-cuup	0.0008662265682988926
rfsim5g-oai-cuup	0.001395750691648485
rfsim5g-oai-cuup	0.0008405352347106152
rfsim5g-oai-cuup	0.0005837214979747879
rfsim5g-oai-cuup	0.00040998539208958164
rfsim5g-oai-cuup	0.0012235423740067847
rfsim5g-oai-cuup	0.0010703818861911134
rfsim5g-oai-cuup	0.0006215196784495209
rfsim5g-oai-cuup	0.000619537077414392
rfsim5g-oai-cuup	0.0010534829644312587
rfsim5g-oai-cuup	0.0009124065851778262
rfsim5g-oai-cuup	0.0016827917439074269
rfsim5g-oai-cuup	0.0003586821901704588
rfsim5g-oai-cuup	0.0011261404349595175
rfsim5g-oai-cuup	0.0006694740697201538
rfsim5g-oai-cuup	0.0004303418082876055
rfsim5g-oai-cuup	0.000509057473571528
rfsim5g-oai-cuup	0.0015446400597707447
rfsim5g-oai-cuup	0.00006245633168293758
rfsim5g-oai-cuup	0.00022277178166380928
rfsim5g-oai-cuup	0.0006967231888223108
rfsim5g-oai-cuup	0.0005295365993854193
rfsim5g-oai-cuup	0.0016440488581345612
rfsim5g-oai-cuup	0.0006929363628134268
rfsim5g-oai-cuup	0.00013034040916086277
rfsim5g-oai-cuup	0.0004860587716122197
rfsim5g-oai-cuup	0.0018390808364261886
rfsim5g-oai-cuup	0.0003629715569195317
rfsim5g-oai-cuup	0.0016406410701180888
rfsim5g-oai-cuup	0.0012174510641136816
rfsim5g-oai-cuup	0.00015465788244714893
rfsim5g-oai-cuup	0.001692476848988253
rfsim5g-oai-cuup	0.0001722338075461744
rfsim5g-oai-cuup	0.000967699589113717
rfsim5g-oai-cuup	0.0002910596889635201
rfsim5g-oai-cuup	0.0011110746466828545
rfsim5g-oai-cuup	0.0009070655774597033
rfsim5g-oai-cuup	0.0004514098478710885
rfsim5g-oai-cuup	0.00016439092177515703
rfsim5g-oai-cuup	0.00022638952493165876
rfsim5g-oai-cuup	0.0008545541871373595
rfsim5g-oai-cuup	0.0002665659915968318
rfsim5g-oai-cuup	0.0010694516595158429
rfsim5g-oai-cuup	0.0008322335581973061
rfsim5g-oai-cuup	0.0005953737941945669
rfsim5g-oai-cuup	0.0005987907007405244
rfsim5g-oai-cuup	0.0006814160715463025
rfsim5g-oai-cuup	0.0005207186844893524
rfsim5g-oai-cuup	0.00015640817798612838
rfsim5g-oai-cuup	0.0008520899172733766
rfsim5g-oai-cuup	0.0013331124360390413
rfsim5g-oai-cuup	0.001207472907484153
rfsim5g-oai-cuup	0.00008885573317544676
rfsim5g-oai-cuup	0.0010843969037124645
rfsim5g-oai-cuup	0.0008605720676271355
rfsim5g-oai-cuup	0.0010767449369208644
rfsim5g-oai-cuup	0.00014529043206429524
rfsim5g-oai-cuup	0.0022536913252204946
rfsim5g-oai-cuup	0.00001659428380038421
rfsim5g-oai-cuup	0.0014905991554719515
rfsim5g-oai-cuup	0.0006801326959261307
rfsim5g-oai-cuup	0.0007452339517787433
rfsim5g-oai-cuup	0.0020597869426333512
rfsim5g-oai-cuup	0.0006732578859023797
rfsim5g-oai-cuup	0.00010255603514049297
rfsim5g-oai-cuup	0.0019729717262877903
rfsim5g-oai-cuup	0.000766319381771405
rfsim5g-oai-cuup	0.0012408669144481999
rfsim5g-oai-cuup	0.0002186302084499486
rfsim5g-oai-cuup	0.0012502493115106698
rfsim5g-oai-cuup	0.0006590753867854621
rfsim5g-oai-cuup	0.0006774518744339147
rfsim5g-oai-cuup	0.0006218235138180079
rfsim5g-oai-cuup	0.0017487938674972728
rfsim5g-oai-cuup	0.00017742571851455703
rfsim5g-oai-cuup	0.0011534352903897576
rfsim5g-oai-cuup	0.0018593552804309387
rfsim5g-oai-cuup	0.0001658674120682677
rfsim5g-oai-cuup	0.0000388637454166952
rfsim5g-oai-cuup	0.0006320432122370859
rfsim5g-oai-cuup	0.0005362835001687268
rfsim5g-oai-cuup	0.0006834527949612104
rfsim5g-oai-cuup	0.0015748846473962305
rfsim5g-oai-cuup	0.0003076725394497804
rfsim5g-oai-cuup	0.0005058789039416975
rfsim5g-oai-cuup	0.000018920597054098095
rfsim5g-oai-cuup	0.002162885557330768
rfsim5g-oai-cuup	0.0005463840881485363
rfsim5g-oai-cuup	0.0006757878925906282
rfsim5g-oai-cuup	0.0007163442217595121
rfsim5g-oai-cuup	0.0007227075524900352
rfsim5g-oai-cuup	0.0007562302726431708
rfsim5g-oai-cuup	0.00046474418454519413
rfsim5g-oai-cuup	0.0006423687030621038
rfsim5g-oai-cuup	0.0010675885390889147
rfsim5g-oai-cuup	0.0008100759872981776
rfsim5g-oai-cuup	0.0007022798872937004
rfsim5g-oai-cuup	0.0015009008005724739
rfsim5g-oai-cuup	0.00015991415090120737
rfsim5g-oai-cuup	0.0006714013826401859
rfsim5g-oai-cuup	0.0010934183693624543
rfsim5g-oai-cuup	0.0008301042686272111
rfsim5g-oai-cuup	0.0001774443103258822
rfsim5g-oai-cuup	0.0009930947086065364
rfsim5g-oai-cuup	0.0002788440552065613
rfsim5g-oai-cuup	0.0007234359897290366
rfsim5g-oai-cuup	0.0007893846347838237
rfsim5g-oai-cuup	0.0019442667720447262
rfsim5g-oai-cuup	0.0008379234503782266
rfsim5g-oai-cuup	0.0005038915434119837
rfsim5g-oai-cuup	0.00008672281810994475
rfsim5g-oai-cuup	0.0008772985354691166
rfsim5g-oai-cuup	0.0009326494050343368
rfsim5g-oai-cuup	0.0009441019450800837
rfsim5g-oai-cuup	0.00018223524027459004
rfsim5g-oai-cuup	0.0026159232694101466
rfsim5g-oai-cuup	0.0002224049682658784
rfsim5g-oai-cuup	0.0008576807024727711
rfsim5g-oai-cuup	0.00033347739939491085
rfsim5g-oai-cuup	0.000037108922480110946
rfsim5g-oai-cuup	0.0016954197712528041
rfsim5g-oai-cuup	0.000952865895257827
rfsim5g-oai-cuup	0.0002942838271687107
rfsim5g-oai-cuup	0.000710047491039439
rfsim5g-oai-cuup	0.001151980869175599
rfsim5g-oai-cuup	0.0009969202732974926
rfsim5g-oai-cuup	0.0006387771729390639
rfsim5g-oai-cuup	0.0006548211281598259
rfsim5g-oai-cuup	0.0008277829340986967
rfsim5g-oai-cuup	0.0006979375648526281
rfsim5g-oai-cuup	0.0011573318467821866
rfsim5g-oai-cuup	0.0005779916911891804
rfsim5g-oai-cuup	0.0010076727323870363
rfsim5g-oai-cuup	0.00003591918383245942
rfsim5g-oai-cuup	0.0015886760212913324
rfsim5g-oai-cuup	0.00040282002945509393
rfsim5g-oai-cuup	0.0009876647357224743
rfsim5g-oai-cuup	0.0005738817214858593
rfsim5g-oai-cuup	0.0007597650139093752
rfsim5g-oai-cuup	0.00039060697633108216
rfsim5g-oai-cuup	0.0006462304276388934
rfsim5g-oai-cuup	0.00177664052577823
rfsim5g-oai-cuup	0.0005668715085039403
rfsim5g-oai-cuup	0.0002964084415584303
rfsim5g-oai-cuup	0.001031681784005424
rfsim5g-oai-cuup	0.0008769820232399266
rfsim5g-oai-cuup	0.0010435477785372732
rfsim5g-oai-cuup	0.0008404540315483009
rfsim5g-oai-cuup	0.00004578549184212913
rfsim5g-oai-cuup	0.0005992759122605224
rfsim5g-oai-cuup	0.0007666634621894304
rfsim5g-oai-cuup	0.0015842424155124647
rfsim5g-oai-cuup	0.000034951024930758803
rfsim5g-oai-cuup	0.0006866588808864305
rfsim5g-oai-cuup	0.00011931649861495723
rfsim5g-oai-cuup	0.0009752018957345899
rfsim5g-oai-cuup	0.000055921496276254435
rfsim5g-oai-cuup	0.0009810340555179147
rfsim5g-oai-cuup	0.0009388256601218425
rfsim5g-oai-cuup	0.0007963552100802127
rfsim5g-oai-cuup	0.0007137742600734059
rfsim5g-oai-cuup	0.0005524197978515923
rfsim5g-oai-cuup	0.0006403663599691771
rfsim5g-oai-cuup	0.001092383977138821
rfsim5g-oai-cuup	0.00028457200987981477
rfsim5g-oai-cuup	0.0005354188208330671
rfsim5g-oai-cuup	0.00042050647870937587
rfsim5g-oai-cuup	0.0008211062176165868
rfsim5g-oai-cuup	0.00001177218895097871
rfsim5g-oai-cuup	0.0007372198035125957
rfsim5g-oai-cuup	0.0016301374739250086
rfsim5g-oai-cuup	0.0009699015518269958
rfsim5g-oai-cuup	0.0008608928310896207
rfsim5g-oai-cuup	0.0001323775449300584
rfsim5g-oai-cuup	0.0008533278400424282
rfsim5g-oai-cuup	0.0007991679061199415
rfsim5g-oai-cuup	0.0010175630529212266
rfsim5g-oai-cuup	0.00008532153009938392
rfsim5g-oai-cuup	0.0005883641036137163
rfsim5g-oai-cuup	0.000982981629151078
rfsim5g-oai-cuup	0.0011845506880656614
rfsim5g-oai-cuup	0.0007215073517041617
rfsim5g-oai-cuup	0.00011551061538978421
rfsim5g-oai-cuup	0.00010203773769527039
rfsim5g-oai-cuup	0.0006265043869662689
rfsim5g-oai-cuup	0.0000409914543853408
rfsim5g-oai-cuup	0.0018638579210020173
rfsim5g-oai-cuup	0.0006596328634403295
rfsim5g-oai-cuup	0.0009933426607264314
rfsim5g-oai-cuup	0.000038917209080394444
rfsim5g-oai-cuup	0.000613643509699367
rfsim5g-oai-cuup	0.00010966792941878457
rfsim5g-oai-cuup	0.0017914321935333796
rfsim5g-oai-cuup	0.0012848656498188648
rfsim5g-oai-cuup	0.0003076075166982435
rfsim5g-oai-cuup	0.0004941817301768679
rfsim5g-oai-cuup	0.001019718582240591
rfsim5g-oai-cuup	0.0010103063011528623
rfsim5g-oai-cuup	0.00007204164833230581
rfsim5g-oai-cuup	0.0009730495581087369
rfsim5g-oai-cuup	0.00003780877154222477
rfsim5g-oai-cuup	0.0014718351303579444
rfsim5g-oai-cuup	0.0002239524083075794
rfsim5g-oai-cuup	0.0008033905019080992
rfsim5g-oai-cuup	0.001068393626280427
rfsim5g-oai-cuup	0.0008089103305139867
rfsim5g-oai-cuup	0.00011957341159142058
rfsim5g-oai-cuup	0.000724022327333064
rfsim5g-oai-cuup	0.0006734300253312203
rfsim5g-oai-cuup	0.0003999803178730981
rfsim5g-oai-cuup	0.0009388086484790284
rfsim5g-oai-cuup	0.001193964237026266
rfsim5g-oai-cuup	0.0006252763791693514
rfsim5g-oai-cuup	0.000661184722348479
rfsim5g-oai-cuup	0.0001272388666727408
rfsim5g-oai-cuup	0.0004933149544979436
rfsim5g-oai-cuup	0.0017607074961618198
rfsim5g-oai-cuup	0.00013823496428810362
rfsim5g-oai-cuup	0.0011005877889771504
rfsim5g-oai-cuup	0.0010536973964523743
rfsim5g-oai-cuup	0.0003978873590025437
rfsim5g-oai-cuup	0.0005445289843697494
rfsim5g-oai-cuup	0.000881204202453286
rfsim5g-oai-cuup	0.0005184151041779578
rfsim5g-oai-cuup	0.0007581916483802925
rfsim5g-oai-cuup	0.0011401600365003224
rfsim5g-oai-cuup	0.0012382691898233712
rfsim5g-oai-cuup	0.0006985309791747643
rfsim5g-oai-cuup	0.0021711921916095266
rfsim5g-oai-cuup	0.00006177894192211335
rfsim5g-oai-cuup	0.0006042861854870057
rfsim5g-oai-cuup	0.000680555837846258
rfsim5g-oai-cuup	0.0015844010608188075
rfsim5g-oai-cuup	0.00026118987764927237
rfsim5g-oai-cuup	0.0008523853045396734
rfsim5g-oai-cuup	0.001040390008471166
rfsim5g-oai-cuup	0.001760396072049607
rfsim5g-oai-cuup	0.0006029841945695436
rfsim5g-oai-cuup	0.0005613509296000583
rfsim5g-oai-cuup	0.0015334526178473384
rfsim5g-oai-cuup	0.00018401737861498647
rfsim5g-oai-cuup	0.000609866432298567
rfsim5g-oai-cuup	0.0010061191739630289
rfsim5g-oai-cuup	0.0016785287289869185
rfsim5g-oai-cuup	0.0012560480743573808
rfsim5g-oai-cuup	0.0007066665925464926
rfsim5g-oai-cuup	0.0001046055768033501
rfsim5g-oai-cuup	0.0009521125816010609
rfsim5g-oai-cuup	0.0010670695586302275
rfsim5g-oai-cuup	0.0010771549138872036
rfsim5g-oai-cuup	0.0002589895283292211
rfsim5g-oai-cuup	0.0006748169749234093
rfsim5g-oai-cuup	0.0007797917621695105
rfsim5g-oai-cuup	0.0003048972200159042
rfsim5g-oai-cuup	0.0011167963236128511
rfsim5g-oai-cuup	0.0011881315903384904
rfsim5g-oai-cuup	0.0003326092762531245
rfsim5g-oai-cuup	0.0013392585923296485
rfsim5g-oai-cuup	0.0006556110942775464
rfsim5g-oai-cuup	0.00047679972794577557
rfsim5g-oai-cuup	0.0005251361386138643
rfsim5g-oai-cuup	0.0012024129426456047
rfsim5g-oai-cuup	0.00037809916599767954
rfsim5g-oai-cuup	0.00007937276565954264
rfsim5g-oai-cuup	0.0008271975627365815
rfsim5g-oai-cuup	0.00042913457457284326
rfsim5g-oai-cuup	0.0013821815914411373
rfsim5g-oai-cuup	0.00014618725547411809
rfsim5g-oai-cuup	0.0006598425091325574
rfsim5g-oai-cuup	0.00008340777727344974
rfsim5g-oai-cuup	0.001717812960681335
rfsim5g-oai-cuup	0.0003429852268270537
rfsim5g-oai-cuup	0.0007864050202640906
rfsim5g-oai-cuup	0.0001040013073604685
rfsim5g-oai-cuup	0.001532480542118778
rfsim5g-oai-cuup	0.001661929672598355
rfsim5g-oai-cuup	0.00022646190786077453
rfsim5g-oai-cuup	0.0009357582299216969
rfsim5g-oai-cuup	0.00004161618382963976
rfsim5g-oai-cuup	0.00023693984962406517
rfsim5g-oai-cuup	0.0007366393827133532
rfsim5g-oai-cuup	0.0011031590126920794
rfsim5g-oai-cuup	0.0005261725377583865
rfsim5g-oai-cuup	0.0005772430413825946
rfsim5g-oai-cuup	0.00026378839723825877
rfsim5g-oai-cuup	0.0004345028008163649
rfsim5g-oai-cuup	0.0012561026097529038
rfsim5g-oai-cuup	0.00016306155369077646
rfsim5g-oai-cuup	0.0014557763504240645
rfsim5g-oai-cuup	0.0010201727147967018
rfsim5g-oai-cuup	0.000639186618371605
rfsim5g-oai-cuup	0.000168944112666013
rfsim5g-oai-cuup	0.0013323276584365864
rfsim5g-oai-cuup	0.0006436491220251502
rfsim5g-oai-cuup	0.001561534495053004
rfsim5g-oai-cuup	0.0007316010047052988
rfsim5g-oai-cuup	0.000570567931261768
rfsim5g-oai-cuup	0.00141727356624916
rfsim5g-oai-cuup	0.0008550495533380314
rfsim5g-oai-cuup	0.00008904526494671853
rfsim5g-oai-cuup	0.001576782392796479
rfsim5g-oai-cuup	0.0006778798967138136
rfsim5g-oai-cuup	0.0009896362472688732
rfsim5g-oai-cuup	0.00039968583544616303
rfsim5g-oai-cuup	0.001193920370661244
rfsim5g-oai-cuup	0.0018193136260629746
rfsim5g-oai-cuup	0.0003633858735892483
rfsim5g-oai-cuup	0.0015001242813401706
rfsim5g-oai-cuup	0.0006732372183183564
rfsim5g-oai-cuup	0.0010478467960437646
rfsim5g-oai-cuup	0.00034671374760448907
rfsim5g-oai-cuup	0.0007688335284679684
rfsim5g-oai-cuup	0.001055951736698302
rfsim5g-oai-cuup	0.0007965403711894336
rfsim5g-oai-cuup	0.0010368837431160708
rfsim5g-oai-cuup	0.0019756126044039642
rfsim5g-oai-cuup	0.00014983579563944565
rfsim5g-oai-cuup	0.0006176619373033851
rfsim5g-oai-cuup	0.0006871534873630623
rfsim5g-oai-cuup	0.0014893562111664514
rfsim5g-oai-cuup	0.0006001965804433388
rfsim5g-oai-cuup	0.0008372017582514643
rfsim5g-oai-cuup	0.0006694925968360273
rfsim5g-oai-cuup	0.0010532482630744354
rfsim5g-oai-cuup	0.0006213926903916136
rfsim5g-oai-cuup	0.001384453477202154
rfsim5g-oai-cuup	0.00014841998972365362
rfsim5g-oai-cuup	0.00012179196337744113
rfsim5g-oai-cuup	0.00047412939537352445
rfsim5g-oai-cuup	0.0017583862842230813
rfsim5g-oai-cuup	0.0010429298509443046
rfsim5g-oai-cuup	0.00039831070258464685
rfsim5g-oai-cuup	0.00013627002184199327
rfsim5g-oai-cuup	0.0014616467282489952
rfsim5g-oai-cuup	0.0007351799918092448
rfsim5g-oai-cuup	0.001267627127852259
rfsim5g-oai-cuup	0.00017052492303510538
rfsim5g-oai-cuup	0.0005543532913799211
rfsim5g-oai-cuup	0.0013045498913436871
rfsim5g-oai-cuup	0.0007347964301852803
rfsim5g-oai-cuup	0.0009647291685494542
rfsim5g-oai-cuup	0.000560115092634433
rfsim5g-oai-cuup	0.0006759625621328508
rfsim5g-oai-cuup	0.0005037601896373337
rfsim5g-oai-cuup	0.0009311163438637139
rfsim5g-oai-cuup	0.0013530755628454474
rfsim5g-oai-cuup	0.0005348983058463954
rfsim5g-oai-cuup	0.00042045269338555994
rfsim5g-oai-cuup	0.0011994270495084838
rfsim5g-oai-cuup	0.00025500271340245955
rfsim5g-oai-cuup	0.0008805838041012449
rfsim5g-oai-cuup	0.0009117140789791113
rfsim5g-oai-cuup	0.0004772957879273009
rfsim5g-oai-cuup	0.001479970223869174
rfsim5g-oai-cuup	0.00048329510820706073
rfsim5g-oai-cuup	0.001292571384356893
rfsim5g-oai-cuup	0.0001860070522173495
rfsim5g-oai-cuup	0.001868799818720423
rfsim5g-oai-cuup	0.0000811650086218266
rfsim5g-oai-cuup	0.0011196377570987502
rfsim5g-oai-cuup	0.0009163274557551032
rfsim5g-oai-cuup	0.00021855837717960866
rfsim5g-oai-cuup	0.0007963523068226113
rfsim5g-oai-cuup	0.0016108575422683965
rfsim5g-oai-cuup	0.0002637742823177204
rfsim5g-oai-cuup	0.0006791205970412034
rfsim5g-oai-cuup	0.0007109698177175085
rfsim5g-oai-cuup	0.000912029363239125
rfsim5g-oai-cuup	0.00007521343529831234
rfsim5g-oai-cuup	0.0016405900517256877
rfsim5g-oai-cuup	0.0008342023544100443
rfsim5g-oai-cuup	0.0001305862945875834
rfsim5g-oai-cuup	0.00032332197591989313
rfsim5g-oai-cuup	0.0024788259255091516
rfsim5g-oai-cuup	0.0010323882975132152
rfsim5g-oai-cuup	0.0014705057399243856
rfsim5g-oai-cuup	0.0008207641148432501
rfsim5g-oai-cuup	0.0006753262470069519
rfsim5g-oai-cuup	0.0006197021728914616
rfsim5g-oai-cuup	0.002491244355613107
rfsim5g-oai-cuup	0.00022481810670179058
rfsim5g-oai-cuup	0.0011256133455414266
rfsim5g-oai-cuup	0.0002157344290850802
rfsim5g-oai-cuup	0.0008183243346263217
rfsim5g-oai-cuup	0.0005568524182156374
rfsim5g-oai-cuup	0.0007175752595349363
rfsim5g-oai-cuup	0.0005758515213345428
rfsim5g-oai-cuup	0.00047927756971393717
rfsim5g-oai-cuup	0.0005826695469723192
rfsim5g-oai-cuup	0.0014012693574587101
rfsim5g-oai-cuup	0.0007985784450861889
rfsim5g-oai-cuup	0.00028094460393651466
rfsim5g-oai-cuup	0.0006193292528880791
rfsim5g-oai-cuup	0.00068402471234012
rfsim5g-oai-cuup	0.001309234009324536
rfsim5g-oai-cuup	0.0000801670939594103
rfsim5g-oai-cuup	0.0007315743039625879
rfsim5g-oai-cuup	0.00016000818602976858
rfsim5g-oai-cuup	0.001524654320154731
rfsim5g-oai-cuup	0.0009800532434111322
rfsim5g-oai-cuup	0.0004391810054130829
rfsim5g-oai-cuup	0.0008323410906025179
rfsim5g-oai-cuup	0.00025367987399057114
rfsim5g-oai-cuup	0.001183682185157251
rfsim5g-oai-cuup	0.0006787605243312708
rfsim5g-oai-cuup	0.000488328039746251
rfsim5g-oai-cuup	0.00011565982788448912
rfsim5g-oai-cuup	0.000790962917960481
rfsim5g-oai-cuup	0.00040170944151930954
rfsim5g-oai-cuup	0.0005982612393681537
rfsim5g-oai-cuup	0.0009227583817109956
rfsim5g-oai-cuup	0.00022283224866881306
rfsim5g-oai-cuup	0.0005116696400127285
rfsim5g-oai-cuup	0.0005461190096937021
rfsim5g-oai-cuup	0.0012904769034724375
rfsim5g-oai-cuup	0.0008856896097222932
rfsim5g-oai-cuup	0.001950442262582923
rfsim5g-oai-cuup	0.00014502079842729744
rfsim5g-oai-cuup	0.000046467394946743306
rfsim5g-oai-cuup	0.0005021795791325458
rfsim5g-oai-cuup	0.00021854636082730187
rfsim5g-oai-cuup	0.0008179277353000903
rfsim5g-oai-cuup	0.0011856477434197352
rfsim5g-oai-cuup	0.001033667111229655
rfsim5g-oai-cuup	0.0006283737885658388
rfsim5g-oai-cuup	0.0008901005823775136
rfsim5g-oai-cuup	0.0009741189428291881
rfsim5g-oai-cuup	0.0016582981648299825
rfsim5g-oai-cuup	0.0014011293336611897
rfsim5g-oai-cuup	0.00048701680935244265
rfsim5g-oai-cuup	0.00004169640342444184
rfsim5g-oai-cuup	0.0013082321507957657
rfsim5g-oai-cuup	0.0001990303858806633
rfsim5g-oai-cuup	0.00045891424379836777
rfsim5g-oai-cuup	0.0012370673957499574
rfsim5g-oai-cuup	0.0008621249248044849
rfsim5g-oai-cuup	0.00008969754695541375
rfsim5g-oai-cuup	0.0011900620724996243
rfsim5g-oai-cuup	0.0010769979056658187
rfsim5g-oai-cuup	0.0009054643182646867
rfsim5g-oai-cuup	0.0009323487285818712
rfsim5g-oai-cuup	0.00047618991523879254
rfsim5g-oai-cuup	0.0008340756471017278
rfsim5g-oai-cuup	0.0006007538123947373
rfsim5g-oai-cuup	0.0016033624656441004
rfsim5g-oai-cuup	0.00034906062150897454
rfsim5g-oai-cuup	0.0006846845686674484
rfsim5g-oai-cuup	0.0008644873469573421
rfsim5g-oai-cuup	0.0006976769605388837
rfsim5g-oai-cuup	0.00016531828319147832
rfsim5g-oai-cuup	0.0012397019252651299
rfsim5g-oai-cuup	0.0012755630793678816
rfsim5g-oai-cuup	0.00018208042729761541
rfsim5g-oai-cuup	0.0009398351063829777
rfsim5g-oai-cuup	0.00015959060210117275
rfsim5g-oai-cuup	0.0009076086946778628
rfsim5g-oai-cuup	0.0005989004817927147
rfsim5g-oai-cuup	0.0003792880224089717
rfsim5g-oai-cuup	0.0006080882689075803
rfsim5g-oai-cuup	0.00016185534329403103
rfsim5g-oai-cuup	0.001316587061297786
rfsim5g-oai-cuup	0.000455327695745529
rfsim5g-oai-cuup	0.0005387172808132303
rfsim5g-oai-cuup	0.000006454243974331956
rfsim5g-oai-cuup	0.0008953875065025095
rfsim5g-oai-cuup	0.0005960439569967151
rfsim5g-oai-cuup	0.0008531303103866863
rfsim5g-oai-cuup	0.0002324332599260321
rfsim5g-oai-cuup	0.0010805696906202352
rfsim5g-oai-cuup	0.0004172324944944237
rfsim5g-oai-cuup	0.0006797572854973809
rfsim5g-oai-cuup	0.00059600509149119
rfsim5g-oai-cuup	0.0005350184094092272
rfsim5g-oai-cuup	0.000988164617471187
rfsim5g-oai-cuup	0.00020192509504861776
rfsim5g-oai-cuup	0.0005241023335058498
rfsim5g-oai-cuup	0.000060176436335430414
rfsim5g-oai-cuup	0.0011244622584541174
rfsim5g-oai-cuup	0.0005105037094547888
rfsim5g-oai-cuup	0.00033065751393926326
rfsim5g-oai-cuup	0.00014752504646426366
rfsim5g-oai-cuup	0.001019483250730151
rfsim5g-oai-cuup	0.0009574945349145603
rfsim5g-oai-cuup	0.001343773539955022
rfsim5g-oai-cuup	0.0005095240353572257
rfsim5g-oai-cuup	0.0006551015073586671
rfsim5g-oai-cuup	0.0000733191058267707
rfsim5g-oai-cuup	0.00041578582410127724
rfsim5g-oai-cuup	0.00018756780465749526
rfsim5g-oai-cuup	0.00018797858919284989
rfsim5g-oai-cuup	0.0016886495139045953
rfsim5g-oai-cuup	0.0011683287260948617
rfsim5g-oai-cuup	0.0003075554643475151
rfsim5g-oai-cuup	0.0007338595642720934
rfsim5g-oai-cuup	0.0004666544127434585
rfsim5g-oai-cuup	0.0007401242570244929
rfsim5g-oai-cuup	0.0005537562364913745
rfsim5g-oai-cuup	0.000940181691282403
rfsim5g-oai-cuup	0.00141264537554034
rfsim5g-oai-cuup	0.00009372262693642081
rfsim5g-oai-cuup	0.0007169386272874854
rfsim5g-oai-cuup	0.0002674433229472777
rfsim5g-oai-cuup	0.0019741930925527692
rfsim5g-oai-cuup	0.0010058867737502842
rfsim5g-oai-cuup	0.00023379407060308808
rfsim5g-oai-cuup	0.000887395886368253
rfsim5g-oai-cuup	0.0011077389218048866
rfsim5g-oai-cuup	0.0003679245914637152
rfsim5g-oai-cuup	0.0009828156851517385
rfsim5g-oai-cuup	0.0005768158613399035
rfsim5g-oai-cuup	0.0011878651499801658
rfsim5g-oai-cuup	0.00029119891465003545
rfsim5g-oai-cuup	0.0013808530806732693
rfsim5g-oai-cuup	0.0006451229842712654
rfsim5g-oai-cuup	0.0008836550484215696
rfsim5g-oai-cuup	0.0012911428889532822
rfsim5g-oai-cuup	0.0004279562893851992
rfsim5g-oai-cuup	0.001441961410853066
rfsim5g-oai-cuup	0.0002713720635062294
rfsim5g-oai-cuup	0.00043772365098877574
rfsim5g-oai-cuup	0.0010077009943022688
rfsim5g-oai-cuup	0.0012641107362305938
rfsim5g-oai-cuup	0.00037609143112506046
rfsim5g-oai-cuup	0.0005496093936844213
rfsim5g-oai-cuup	0.0006483134106913773
rfsim5g-oai-cuup	0.000595206320031857
rfsim5g-oai-cuup	0.0014323151379600602
rfsim5g-oai-cuup	0.00021305195147676014
rfsim5g-oai-cuup	0.001286283975035172
rfsim5g-oai-cuup	0.00048543936796768274
rfsim5g-oai-cuup	0.0005602174534106971
rfsim5g-oai-cuup	0.0007357532234152697
rfsim5g-oai-cuup	0.0009237579181454378
rfsim5g-oai-cuup	0.00006667774832645234
rfsim5g-oai-cuup	0.0007616703805202433
rfsim5g-oai-cuup	0.0007633308554261148
rfsim5g-oai-cuup	0.0004205847203034788
rfsim5g-oai-cuup	0.00004201085454898162
rfsim5g-oai-cuup	0.0012778966515360809
rfsim5g-oai-cuup	0.0009938703271806122
rfsim5g-oai-cuup	0.00018464834188486272
rfsim5g-oai-cuup	0.0007446255969436528
rfsim5g-oai-cuup	0.0006504085426801277
rfsim5g-oai-cuup	0.0007494729282499583
rfsim5g-oai-cuup	0.00013867299885266847
rfsim5g-oai-cuup	0.0007794779145706126
rfsim5g-oai-cuup	0.000976801495896188
rfsim5g-oai-cuup	0.0001499827970904006
rfsim5g-oai-cuup	0.0012614067115890456
rfsim5g-oai-cuup	0.0006067685305011349
rfsim5g-oai-cuup	0.0006921824267035118
rfsim5g-oai-cuup	0.001052838654632021
rfsim5g-oai-cuup	0.0005409385693115492
rfsim5g-oai-cuup	0.0007219348646100548
rfsim5g-oai-cuup	0.00016409450357004872
rfsim5g-oai-cuup	0.001415232470119552
rfsim5g-oai-cuup	0.00034538258078795065
rfsim5g-oai-cuup	0.00029885978308978557
rfsim5g-oai-cuup	0.00050753793714039
rfsim5g-oai-cuup	0.0006916548684628392
rfsim5g-oai-cuup	0.00019745056567771892
rfsim5g-oai-cuup	0.0017307315416420586
rfsim5g-oai-cuup	0.00008171236766780956
rfsim5g-oai-cuup	0.0006439880936775723
rfsim5g-oai-cuup	0.0005778891947393495
rfsim5g-oai-cuup	0.0010986392712020294
rfsim5g-oai-cuup	0.0007881421549351263
rfsim5g-oai-cuup	0.0008768290487868872
rfsim5g-oai-cuup	0.0008352612989402035
rfsim5g-oai-cuup	0.0009410524656214009
rfsim5g-oai-cuup	0.0005453726898484144
rfsim5g-oai-cuup	0.0012946288325276704
rfsim5g-oai-cuup	0.00015190468622388318
rfsim5g-oai-cuup	0.0008560195572036916
rfsim5g-oai-cuup	0.0009338223075734168
rfsim5g-oai-cuup	0.0004139319049543813
rfsim5g-oai-cuup	0.0005719546332480119
rfsim5g-oai-cuup	0.0013526419844585571
rfsim5g-oai-cuup	0.0010624149485694123
rfsim5g-oai-cuup	0.0005323725433007049
rfsim5g-oai-cuup	0.0006583180920758091
rfsim5g-oai-cuup	0.0006922087184779753
rfsim5g-oai-cuup	0.0011886619851027322
rfsim5g-oai-cuup	0.00004647114293202344
rfsim5g-oai-cuup	0.001094467541255552
rfsim5g-oai-cuup	0.0011402682484938469
rfsim5g-oai-cuup	0.0006762016720509768
rfsim5g-oai-cuup	0.001422064367662732
rfsim5g-oai-cuup	0.0005866616417645365
rfsim5g-oai-cuup	0.00047405562966915994
rfsim5g-oai-cuup	0.0004744345651013841
rfsim5g-oai-cuup	0.0005500470020156872
rfsim5g-oai-cuup	0.0013838481405187377
rfsim5g-oai-cuup	0.0010922911599884823
rfsim5g-oai-cuup	0.0001431418034420571
rfsim5g-oai-cuup	0.0011377228244812214
rfsim5g-oai-cuup	0.0010124681939046244
rfsim5g-oai-cuup	0.0007919272516534487
rfsim5g-oai-cuup	0.00044351755641921907
rfsim5g-oai-cuup	0.0004618097288363702
rfsim5g-oai-cuup	0.00029838030312917703
rfsim5g-oai-cuup	0.0018417478417813687
rfsim5g-oai-cuup	0.0006979205427620718
rfsim5g-oai-cuup	0.0007885955036711874
rfsim5g-oai-cuup	0.0006141645838297112
rfsim5g-oai-cuup	0.00048088462454791756
rfsim5g-oai-cuup	0.0012380379675554455
rfsim5g-oai-cuup	0.0006273322077011206
rfsim5g-oai-cuup	0.0007594089114989537
rfsim5g-oai-cuup	0.00007875681957727786
rfsim5g-oai-cuup	0.0011704076835365373
rfsim5g-oai-cuup	0.0009275273725388482
rfsim5g-oai-cuup	0.00008521550065919358
rfsim5g-oai-cuup	0.0013593665737319468
rfsim5g-oai-cuup	0.000001791674771496177
rfsim5g-oai-cuup	0.0007777950114999226
rfsim5g-oai-cuup	0.0002066286983900815
rfsim5g-oai-cuup	0.0008174634571154358
rfsim5g-oai-cuup	0.0008883490386977566
rfsim5g-oai-cuup	0.00031143876897243427
rfsim5g-oai-cuup	0.000932006252347413
rfsim5g-oai-cuup	0.000935013432605019
rfsim5g-oai-cuup	0.00029926697302432107
rfsim5g-oai-cuup	0.000018990634133389007
rfsim5g-oai-cuup	0.0005773980382605861
rfsim5g-oai-cuup	0.00009291495438842416
rfsim5g-oai-cuup	0.0015274957931095618
rfsim5g-oai-cuup	0.00006321691257434271
rfsim5g-oai-cuup	0.0002636221977537747
rfsim5g-oai-cuup	0.001088928165602274
rfsim5g-oai-cuup	0.001022597115172879
rfsim5g-oai-cuup	0.0012137223223006475
rfsim5g-oai-cuup	0.00022806556701032815
rfsim5g-oai-cuup	0.0003854278459034079
rfsim5g-oai-cuup	0.0006820738361367938
rfsim5g-oai-cuup	0.0010988333333333444
rfsim5g-oai-cuup	0.0007522116269893178
rfsim5g-oai-cuup	0.00010243730544958417
rfsim5g-oai-cuup	0.000524238590030255
rfsim5g-oai-cuup	0.0021821950687764577
rfsim5g-oai-cuup	0.00023571761215492336
rfsim5g-oai-cuup	0.0000352954463724431
rfsim5g-oai-cuup	0.00016691420929603327
rfsim5g-oai-cuup	0.00043920820853409777
rfsim5g-oai-cuup	0.0016068784563962315
rfsim5g-oai-cuup	0.0002652504232321547
rfsim5g-oai-cuup	0.0005657452359247735
rfsim5g-oai-cuup	0.0006569224281094168
rfsim5g-oai-cuup	0.0005698133685866466
rfsim5g-oai-cuup	0.0007976488943274182
rfsim5g-oai-cuup	0.001133901975351811
rfsim5g-oai-cuup	0.00035123065297601854
rfsim5g-oai-cuup	0.0007118402898163989
rfsim5g-oai-cuup	0.001516357025381109
rfsim5g-oai-cuup	0.0006208673156420781
rfsim5g-oai-cuup	0.0003768383729854187
rfsim5g-oai-cuup	0.0009012914592698288
rfsim5g-oai-cuup	0.0010316315974125477
rfsim5g-oai-cuup	0.0007350945948908887
rfsim5g-oai-cuup	0.0011856957650242701
rfsim5g-oai-cuup	0.0008371304434634114
rfsim5g-oai-cuup	0.0005569908157153805
rfsim5g-oai-cuup	0.0005371936242429823
rfsim5g-oai-cuup	0.0010685167071286502
rfsim5g-oai-cuup	0.0007084785036415787
rfsim5g-oai-cuup	0.0007233176561465343
rfsim5g-oai-cuup	0.0005146988302802822
rfsim5g-oai-cuup	0.0006630577840175044
rfsim5g-oai-cuup	0.0015354896822213152
rfsim5g-oai-cuup	0.0005429875651825675
rfsim5g-oai-cuup	0.00029967188126754076
rfsim5g-oai-cuup	0.000982575049207196
rfsim5g-oai-cuup	0.0012685959263108793
rfsim5g-oai-cuup	0.0006537019926134564
rfsim5g-oai-cuup	0.0004914263661896651
rfsim5g-oai-cuup	0.00039977009299606276
rfsim5g-oai-cuup	0.00023731531066088272
rfsim5g-oai-cuup	0.0018770730041780801
rfsim5g-oai-cuup	0.000852434408553903
rfsim5g-oai-cuup	0.000011079032186847092
rfsim5g-oai-cuup	0.0012573604574153284
rfsim5g-oai-cuup	0.0006505484568855183
rfsim5g-oai-cuup	0.0009275783699060133
rfsim5g-oai-cuup	0.00014212697736950365
rfsim5g-oai-cuup	0.0017096216894465315
rfsim5g-oai-cuup	0.00013736966166251873
rfsim5g-oai-cuup	0.0005728977369482306
rfsim5g-oai-cuup	0.0023467953805220306
rfsim5g-oai-cuup	0.00007956149364651873
rfsim5g-oai-cuup	0.0008675104821322156
rfsim5g-oai-cuup	0.000655564773613471
rfsim5g-oai-cuup	0.00013960245046342327
rfsim5g-oai-cuup	0.0010461849067611923
rfsim5g-oai-cuup	0.0012127979265309694
rfsim5g-oai-cuup	0.00028155786190344183
rfsim5g-oai-cuup	0.0001926890645884968
rfsim5g-oai-cuup	0.0013212677329466902
rfsim5g-oai-cuup	0.0007675638068915566
rfsim5g-oai-cuup	0.0006823036179515891
rfsim5g-oai-cuup	0.0006438106741824012
rfsim5g-oai-cuup	0.0003457299020265563
rfsim5g-oai-cuup	0.001067452086968171
rfsim5g-oai-cuup	0.0002932995123696768
rfsim5g-oai-cuup	0.0009373617247515245
rfsim5g-oai-cuup	0.0006917156156416608
rfsim5g-oai-cuup	0.00027053606614293134
rfsim5g-oai-cuup	0.0007567650709604672
rfsim5g-oai-cuup	0.000569046769684231
rfsim5g-oai-cuup	0.0008351509720205386
rfsim5g-oai-cuup	0.00012115693201277946
rfsim5g-oai-cuup	0.0008060200905918851
rfsim5g-oai-cuup	0.00016275074606919048
rfsim5g-oai-cuup	0.0006643612311255518
rfsim5g-oai-cuup	0.0009046959378201442
rfsim5g-oai-cuup	0.0006381772304129197
rfsim5g-oai-cuup	0.0003633837944487111
rfsim5g-oai-cuup	0.00025377772297205967
rfsim5g-oai-cuup	0.0011835815658490585
rfsim5g-oai-cuup	0.0009127586431101942
rfsim5g-oai-cuup	0.0012691113171298567
rfsim5g-oai-cuup	0.0009935118398713355
rfsim5g-oai-cuup	0.00018736971673662077
rfsim5g-oai-cuup	0.0007803380171566646
rfsim5g-oai-cuup	0.0006083328513528655
rfsim5g-oai-cuup	0.0006166885529630767
rfsim5g-oai-cuup	0.00007071661737326401
rfsim5g-oai-cuup	0.0017154194983021263
rfsim5g-oai-cuup	0.0008130042363433621
rfsim5g-oai-cuup	0.0007705139130435295
rfsim5g-oai-cuup	0.0017679833221850975
rfsim5g-oai-cuup	0.0000828256633222364
rfsim5g-oai-cuup	0.00015336245398772555
rfsim5g-oai-cuup	0.0015373755493586388
rfsim5g-oai-cuup	0.00033813421081981264
rfsim5g-oai-cuup	0.0010882664584495384
rfsim5g-oai-cuup	0.00073344867305357
rfsim5g-oai-cuup	0.00123819643211101
rfsim5g-oai-cuup	0.0007267330470212372
rfsim5g-oai-cuup	0.0005912587820724726
rfsim5g-oai-cuup	0.0010176313082394988
rfsim5g-oai-cuup	0.0010393776092982277
rfsim5g-oai-cuup	0.0005078458969306443
rfsim5g-oai-cuup	0.0015758533783107264
rfsim5g-oai-cuup	0.00015358204136429841
rfsim5g-oai-cuup	0.0020730174216027544
rfsim5g-oai-cuup	0.0005748976121215677
rfsim5g-oai-cuup	0.00006125122270873141
rfsim5g-oai-cuup	0.0011537820770628334
rfsim5g-oai-cuup	0.0008818999091853141
rfsim5g-oai-cuup	0.0008193125324338516
rfsim5g-oai-cuup	0.0000505117410482975
rfsim5g-oai-cuup	0.0018935583897158445
rfsim5g-oai-cuup	0.00031364550067657993
rfsim5g-oai-cuup	0.000004351725304450032
rfsim5g-oai-cuup	0.00004556985791607814
rfsim5g-oai-cuup	0.0005947929722916016
rfsim5g-oai-cuup	0.0003686365847725648
rfsim5g-oai-cuup	0.00047795913403064874
rfsim5g-oai-cuup	0.0009234322549257907
rfsim5g-oai-cuup	0.001224412789528902
rfsim5g-oai-cuup	0.0005599665631770549
rfsim5g-oai-cuup	0.0007423511201447386
rfsim5g-oai-cuup	0.00006955701235168269
rfsim5g-oai-cuup	0.00019337532570774986
rfsim5g-oai-cuup	0.0006106052643200919
rfsim5g-oai-cuup	0.0015672356357373147
rfsim5g-oai-cuup	0.00030888358433067616
rfsim5g-oai-cuup	0.0006157501443225484
rfsim5g-oai-cuup	0.0006581774057462498
rfsim5g-oai-cuup	0.0011009209556374633
rfsim5g-oai-cuup	0.00011967298725517925
rfsim5g-oai-cuup	0.0012022045720788393
rfsim5g-oai-cuup	0.0007402489540449018
rfsim5g-oai-cuup	0.0007888907520834944
rfsim5g-oai-cuup	0.0003020925461056698
rfsim5g-oai-cuup	0.0002107336417492242
rfsim5g-oai-cuup	0.0017984232510151812
rfsim5g-oai-cuup	0.000980191706050692
rfsim5g-oai-cuup	0.00007114817280170996
rfsim5g-oai-cuup	0.000049295259903867235
rfsim5g-oai-cuup	0.0012602396381955776
rfsim5g-oai-cuup	0.0010620423402794123
rfsim5g-oai-cuup	0.0004058824822532643
rfsim5g-oai-cuup	0.0008003801082230221
rfsim5g-oai-cuup	0.0009204860405670433
rfsim5g-oai-cuup	0.0001729764631676505
rfsim5g-oai-cuup	0.0010985231882613845
rfsim5g-oai-cuup	0.0006851216032608216
rfsim5g-oai-cuup	0.0006978533967391314
rfsim5g-oai-cuup	0.0011908494225544635
rfsim5g-oai-cuup	0.00020061807065222583
rfsim5g-oai-cuup	0.0017241053068268004
rfsim5g-oai-cuup	0.00017134237164385642
rfsim5g-oai-cuup	0.0010579240981048678
rfsim5g-oai-cuup	0.00018239550628915922
rfsim5g-oai-cuup	0.0007830901135364662
rfsim5g-oai-cuup	0.0006301391392042716
rfsim5g-oai-cuup	0.00012993454569114047
rfsim5g-oai-cuup	0.0014770979862715544
rfsim5g-oai-cuup	0.00015648483015826703
rfsim5g-oai-cuup	0.0010448691664147103
rfsim5g-oai-cuup	0.0009184533817155324
rfsim5g-oai-cuup	0.0006719627725698757
rfsim5g-oai-cuup	0.0011814374790367352
rfsim5g-oai-cuup	0.0007569020929764343
rfsim5g-oai-cuup	0.0006154869859796775
rfsim5g-oai-cuup	0.00011046380894886131
rfsim5g-oai-cuup	0.0015497628303052075
rfsim5g-oai-cuup	0.00019948964799947535
rfsim5g-oai-cuup	0.00019902015146092844
rfsim5g-oai-cuup	0.0008162095101895364
rfsim5g-oai-cuup	0.0004806468654926425
rfsim5g-oai-cuup	0.0006198449512558578
rfsim5g-oai-cuup	0.0011000975994315068
rfsim5g-oai-cuup	0.0003909077968510266
rfsim5g-oai-cuup	0.000711236138907879
rfsim5g-oai-cuup	0.000644874024060345
rfsim5g-oai-cuup	0.0003823051969473303
rfsim5g-oai-cuup	0.000609837625635079
rfsim5g-oai-cuup	0.0010813404418869982
rfsim5g-oai-cuup	0.00014323431872091227
rfsim5g-oai-cuup	0.0006889626855837032
rfsim5g-oai-cuup	0.0010656627646490294
rfsim5g-oai-cuup	0.0007032896551724054
rfsim5g-oai-cuup	0.0007530433497536889
rfsim5g-oai-cuup	0.0005281190804598329
rfsim5g-oai-cuup	0.0011613448494800132
rfsim5g-oai-cuup	0.0006723735423684429
rfsim5g-oai-cuup	0.0009441739656215304
rfsim5g-oai-cuup	0.0010293030145978898
rfsim5g-oai-cuup	0.0003528798911635095
rfsim5g-oai-cuup	0.001020617470427639
rfsim5g-oai-cuup	0.0009448673566878809
rfsim5g-oai-cuup	0.00046158735213830187
rfsim5g-oai-cuup	0.0009828831892629971
rfsim5g-oai-cuup	0.0013968052652043469
rfsim5g-oai-cuup	0.0005295383911621159
rfsim5g-oai-cuup	0.000188528098625424
rfsim5g-oai-cuup	0.0011872319480341446
rfsim5g-oai-cuup	0.0003661013979941636
rfsim5g-oai-cuup	0.0006722610168019923
rfsim5g-oai-cuup	0.0003737172535058707
rfsim5g-oai-cuup	0.0014626237138019632
rfsim5g-oai-cuup	0.0017288366232584686
rfsim5g-oai-cuup	0.0007286669194600739
rfsim5g-oai-cuup	0.00016511607549133246
rfsim5g-oai-cuup	0.0005660538666551647
rfsim5g-oai-cuup	0.0012074788809414156
rfsim5g-oai-cuup	0.0011341807861408046
rfsim5g-oai-cuup	0.0005205002952949298
rfsim5g-oai-cuup	0.00011568370627998884
rfsim5g-oai-cuup	0.0000822618701496434
rfsim5g-oai-cuup	0.0006752377384652964
rfsim5g-oai-cuup	0.0015241869925972675
rfsim5g-oai-cuup	0.0007591341220674095
rfsim5g-oai-cuup	0.001063685260494314
rfsim5g-oai-cuup	0.0005160408702724629
rfsim5g-oai-cuup	0.0014293399981925613
rfsim5g-oai-cuup	0.0005631738059735305
rfsim5g-oai-cuup	0.0018469188595498307
rfsim5g-oai-cuup	0.00009846992617423618
rfsim5g-oai-cuup	0.0010004261741926826
rfsim5g-oai-cuup	0.000101911431677145
rfsim5g-oai-cuup	0.0007541380283568137
rfsim5g-oai-cuup	0.0009835616027378908
rfsim5g-oai-cuup	0.000904358260367116
rfsim5g-oai-cuup	0.0007167164318413453
rfsim5g-oai-cuup	0.0001356214840014972
rfsim5g-oai-cuup	0.001079852489271301
rfsim5g-oai-cuup	0.00011678513774929889
rfsim5g-oai-cuup	0.0009991603406488507
rfsim5g-oai-cuup	0.0001028437075648871
rfsim5g-oai-cuup	0.0012010422926978966
rfsim5g-oai-cuup	0.0001237149678040836
rfsim5g-oai-cuup	0.00122934933637043
rfsim5g-oai-cuup	0.00014704468308468144
rfsim5g-oai-cuup	0.0010818771925987583
rfsim5g-oai-cuup	0.0008680907003192975
rfsim5g-oai-cuup	0.0005486336774419748
rfsim5g-oai-cuup	0.000598744208110873
rfsim5g-oai-cuup	0.0010115065751732102
rfsim5g-oai-cuup	0.001089910242266502
rfsim5g-oai-cuup	0.00013700778871191622
rfsim5g-oai-cuup	0.0005173286936477491
rfsim5g-oai-cuup	0.00013993490402937144
rfsim5g-oai-cuup	0.0006667300412252321
rfsim5g-oai-cuup	0.0010766092025355867
rfsim5g-oai-cuup	0.0009066326099523819
rfsim5g-oai-cuup	0.000217885822919899
rfsim5g-oai-cuup	0.0012350633254770054
rfsim5g-oai-cuup	0.00021207426513102437
rfsim5g-oai-cuup	0.00025283111080722024
rfsim5g-oai-cuup	0.001144620005014982
rfsim5g-oai-cuup	0.0011000360619116084
rfsim5g-oai-cuup	0.0003232754564726916
rfsim5g-oai-cuup	0.0005213484043710989
rfsim5g-oai-cuup	0.00046732450259041257
rfsim5g-oai-cuup	0.0011193442030563068
rfsim5g-oai-cuup	0.00026343728503631957
rfsim5g-oai-cuup	0.0009855431412238702
rfsim5g-oai-cuup	0.0008849209689258705
rfsim5g-oai-cuup	0.0004997390617700815
rfsim5g-oai-cuup	0.00016764488288812342
rfsim5g-oai-cuup	0.0010634512464077694
rfsim5g-oai-cuup	0.0005633720956136335
rfsim5g-oai-cuup	0.0009495630332598008
rfsim5g-oai-cuup	0.0011533048853839241
rfsim5g-oai-cuup	0.001164633380184262
rfsim5g-oai-cuup	0.0011819282065011114
rfsim5g-oai-cuup	0.0006944482743233986
rfsim5g-oai-cuup	0.0005027306070544624
rfsim5g-oai-cuup	0.0011915057853033421
rfsim5g-oai-cuup	0.000677021078910252
rfsim5g-oai-cuup	0.00014620353847820728
rfsim5g-oai-cuup	0.0011581314446976931
rfsim5g-oai-cuup	0.0005737669262502879
rfsim5g-oai-cuup	0.0022830790001985442
rfsim5g-oai-cuup	0.00030571845838210453
rfsim5g-oai-cuup	0.0000640788237110825
rfsim5g-oai-cuup	0.0002301052655265519
rfsim5g-oai-cuup	0.001419131368136844
rfsim5g-oai-cuup	0.00048074106660663207
rfsim5g-oai-cuup	0.0009328861611161173
rfsim5g-oai-cuup	0.001769803630026977
rfsim5g-oai-cuup	0.00037218926381061114
rfsim5g-oai-cuup	0.0010403845248602855
rfsim5g-oai-cuup	0.0006185594858216264
rfsim5g-oai-cuup	0.0006917472872270861
rfsim5g-oai-cuup	0.0007852008977208377
rfsim5g-oai-cuup	0.0010861679958164509
rfsim5g-oai-cuup	0.0006652589881030344
rfsim5g-oai-cuup	0.00021048800389181815
rfsim5g-oai-cuup	0.0010677252283130393
rfsim5g-oai-cuup	0.0006440622691992542
rfsim5g-oai-cuup	0.0011214743603918753
rfsim5g-oai-cuup	0.0009096170996250628
rfsim5g-oai-cuup	0.0006009321772897798
rfsim5g-oai-cuup	0.0007888763836814936
rfsim5g-oai-cuup	0.001158612323692249
rfsim5g-oai-cuup	0.0007563711333166267
rfsim5g-oai-cuup	0.0002084714679170481
rfsim5g-oai-cuup	0.001621368105979513
rfsim5g-oai-cuup	0.00012961361618827547
rfsim5g-oai-cuup	0.0011381190050507696
rfsim5g-oai-cuup	0.0007243016582488113
rfsim5g-oai-cuup	0.0005268603674071278
rfsim5g-oai-cuup	0.000115887408930395
rfsim5g-oai-cuup	0.0004960109068918169
rfsim5g-oai-cuup	0.00045111166065525356
rfsim5g-oai-cuup	0.0005564235113712106
rfsim5g-oai-cuup	0.0009460884430141907
rfsim5g-oai-cuup	0.0005427134679387297
rfsim5g-oai-cuup	0.0007242363878411563
rfsim5g-oai-cuup	0.0005440136232527416
rfsim5g-oai-cuup	0.0005723836254715592
rfsim5g-oai-cuup	0.00046881868596879866
rfsim5g-oai-cuup	0.0017749542761693186
rfsim5g-oai-cuup	0.00047269322939868846
rfsim5g-oai-cuup	0.0001530151224944811
rfsim5g-oai-cuup	0.0003994432161922151
rfsim5g-oai-cuup	0.0003874844750889439
rfsim5g-oai-cuup	0.001229348153914576
rfsim5g-oai-cuup	0.0005558548487544046
rfsim5g-oai-cuup	0.0010568674507169082
rfsim5g-oai-cuup	0.0003116484094982082
rfsim5g-oai-cuup	0.000695184610215067
rfsim5g-oai-cuup	0.00037151218637989335
rfsim5g-oai-cuup	0.0007771616594178579
rfsim5g-oai-cuup	0.00048708274785323665
rfsim5g-oai-cuup	0.0009819791903646555
rfsim5g-oai-cuup	0.00027057232073153916
rfsim5g-oai-cuup	0.0006662328600763859
rfsim5g-oai-cuup	0.0007804811102033065
rfsim5g-oai-cuup	0.00025874976263548695
rfsim5g-oai-cuup	0.0009408119410894031
rfsim5g-oai-cuup	0.0013055010103277822
rfsim5g-oai-cuup	0.0008791288055680926
rfsim5g-oai-cuup	0.0001708936910641551
rfsim5g-oai-cuup	0.00087998854961837
rfsim5g-oai-cuup	0.0005890789776801781
rfsim5g-oai-cuup	0.0007269391258992114
rfsim5g-oai-cuup	0.0006042407797796294
rfsim5g-oai-cuup	0.0011670577010844546
rfsim5g-oai-cuup	0.001279291512090471
rfsim5g-oai-cuup	0.00009648857998482139
rfsim5g-oai-cuup	0.00022620430876500052
rfsim5g-oai-cuup	0.002001987954230516
rfsim5g-oai-cuup	0.0007132013867213311
rfsim5g-oai-cuup	0.0007387027689838031
rfsim5g-oai-cuup	0.0006228440495830521
rfsim5g-oai-cuup	0.0012251592500111587
rfsim5g-oai-cuup	0.00010888477881641638
rfsim5g-oai-cuup	0.0005335709621147988
rfsim5g-oai-cuup	0.0006356902312475005
rfsim5g-oai-cuup	0.0019647806950842733
rfsim5g-oai-cuup	0.0009499970454739731
rfsim5g-oai-cuup	0.00038104365419198494
rfsim5g-oai-cuup	0.0013520881005394956
rfsim5g-oai-cuup	0.0003480601181810653
rfsim5g-oai-cuup	0.00048767435299345245
rfsim5g-oai-cuup	0.001324799511274006
rfsim5g-oai-cuup	0.001631408219482327
rfsim5g-oai-cuup	0.00015210625347103406
rfsim5g-oai-cuup	0.0006382055129774296
rfsim5g-oai-cuup	0.0012092037096670073
rfsim5g-oai-cuup	0.0005339644919602824
rfsim5g-oai-cuup	0.0006296409265580578
rfsim5g-oai-cuup	0.0016019852567248094
rfsim5g-oai-cuup	0.0008682824642012756
rfsim5g-oai-cuup	0.0005995257840031733
rfsim5g-oai-cuup	0.0005344375250925889
rfsim5g-oai-cuup	0.0005714940295486732
rfsim5g-oai-cuup	0.0007075750747711762
rfsim5g-oai-cuup	0.0006282657806561768
rfsim5g-oai-cuup	0.0009402180170456141
rfsim5g-oai-cuup	0.0001017608280396701
rfsim5g-oai-cuup	0.0006741719381635977
rfsim5g-oai-cuup	0.0011558117142729863
rfsim5g-oai-cuup	0.0021468896095241754
rfsim5g-oai-cuup	0.0006496530539136686
rfsim5g-oai-cuup	0.0007459087408203265
rfsim5g-oai-cuup	0.00011192143560810768
rfsim5g-oai-cuup	0.0012315844975818939
rfsim5g-oai-cuup	0.001139047963464712
rfsim5g-oai-cuup	0.0011113769338345003
rfsim5g-oai-cuup	0.00007841537015996372
rfsim5g-oai-cuup	0.00019944038982608493
rfsim5g-oai-cuup	0.0008525224816059668
rfsim5g-oai-cuup	0.00044732173676079596
rfsim5g-oai-cuup	0.000513307929875555
rfsim5g-oai-cuup	0.0007491182441638548
rfsim5g-oai-cuup	0.0002203472649181846
rfsim5g-oai-cuup	0.00006439930669109548
rfsim5g-oai-cuup	0.0015424411450498698
rfsim5g-oai-cuup	0.0005607151982907019
rfsim5g-oai-cuup	0.00022966132733014677
rfsim5g-oai-cuup	0.0005522018485648443
rfsim5g-oai-cuup	0.0009137933893242593
rfsim5g-oai-cuup	0.0007100061690982776
rfsim5g-oai-cuup	0.000035784827079674606
rfsim5g-oai-cuup	0.0006528209880542914
rfsim5g-oai-cuup	0.00011890387315578873
rfsim5g-oai-cuup	0.001589437215129692
rfsim5g-oai-cuup	0.0008532868665885921
rfsim5g-oai-cuup	0.0006393652515966002
rfsim5g-oai-cuup	0.00030344032176088197
rfsim5g-oai-cuup	0.0006325044529402669
rfsim5g-oai-cuup	0.0007333800796462433
rfsim5g-oai-cuup	0.00010762102043962791
rfsim5g-oai-cuup	0.0016663358561968186
rfsim5g-oai-cuup	0.00015551882246810577
rfsim5g-oai-cuup	0.0004581504917099477
rfsim5g-oai-cuup	0.0012223289528440913
rfsim5g-oai-cuup	0.0007368436384343931
rfsim5g-oai-cuup	0.0005594670039643692
rfsim5g-oai-cuup	0.00023533421815743214
rfsim5g-oai-cuup	0.0016395014276154342
rfsim5g-oai-cuup	0.0007447118224403925
rfsim5g-oai-cuup	0.0008185801026098435
rfsim5g-oai-cuup	0.0012496322784378646
rfsim5g-oai-cuup	0.0006770676102415238
rfsim5g-oai-cuup	0.001210897448712976
rfsim5g-oai-cuup	0.00014246513846921712
rfsim5g-oai-cuup	0.00020417710696214795
rfsim5g-oai-cuup	0.002123822893037867
rfsim5g-oai-cuup	0.0001751481634967663
rfsim5g-oai-cuup	0.0008565474393648985
rfsim5g-oai-cuup	0.0013025829934247386
rfsim5g-oai-cuup	0.0005211032876407424
rfsim5g-oai-cuup	0.0008100579293436202
rfsim5g-oai-cuup	0.0005415604368661325
rfsim5g-oai-cuup	0.0005725305570578226
rfsim5g-oai-cuup	0.0003087862358032047
rfsim5g-oai-cuup	0.000527912407607724
rfsim5g-oai-cuup	0.00147870867135393
rfsim5g-oai-cuup	0.001122966433692971
rfsim5g-oai-cuup	0.0005386865033588899
rfsim5g-oai-cuup	0.000770260636493193
rfsim5g-oai-cuup	0.000775426816855573
rfsim5g-oai-cuup	0.0016902619582452514
rfsim5g-oai-cuup	0.00019977567829459564
rfsim5g-oai-cuup	0.0012388215072234481
rfsim5g-oai-cuup	0.00006018996652574157
rfsim5g-oai-cuup	0.0000747266031099798
rfsim5g-oai-cuup	0.0007613642637528129
rfsim5g-oai-cuup	0.0009210610055519946
rfsim5g-oai-cuup	0.0006932846335906596
rfsim5g-oai-cuup	0.00020187413096735689
rfsim5g-oai-cuup	0.0021614055927079044
rfsim5g-oai-cuup	0.0007732890816393857
rfsim5g-oai-cuup	0.0002742701450042637
rfsim5g-oai-cuup	0.00011476326347642817
rfsim5g-oai-cuup	0.0011171255631513965
rfsim5g-oai-cuup	0.0014592613022525588
rfsim5g-oai-cuup	0.0000737294183570431
rfsim5g-oai-cuup	0.00014609509560161308
rfsim5g-oai-cuup	0.0016805355013311501
rfsim5g-oai-cuup	0.00017697619309550293
rfsim5g-oai-cuup	0.000613494532332952
rfsim5g-oai-cuup	0.0006306702585726547
rfsim5g-oai-cuup	0.0006727692479308016
rfsim5g-oai-cuup	0.000566297793543516
rfsim5g-oai-cuup	0.000632138567253368
rfsim5g-oai-cuup	0.0007689178466500876
rfsim5g-oai-cuup	0.001412284013342487
rfsim5g-oai-cuup	0.0001633795975170419
rfsim5g-oai-cuup	0.00030426318231020625
rfsim5g-oai-cuup	0.00014463387308731346
rfsim5g-oai-cuup	0.000972709980622285
rfsim5g-oai-cuup	0.000054176336949012865
rfsim5g-oai-cuup	0.0013349521571597144
rfsim5g-oai-cuup	0.0007052323896734427
rfsim5g-oai-cuup	0.000550319490122749
rfsim5g-oai-cuup	0.0006980700543840809
rfsim5g-oai-cuup	0.0007119767631821919
rfsim5g-oai-cuup	0.00045850676777920113
rfsim5g-oai-cuup	0.0003881337903972814
rfsim5g-oai-cuup	0.00022935562805865184
rfsim5g-oai-cuup	0.001499068537542498
rfsim5g-oai-cuup	0.000786443697966646
rfsim5g-oai-cuup	0.0003328047005781049
rfsim5g-oai-cuup	0.0003326635269959545
rfsim5g-oai-cuup	0.0011125082248956716
rfsim5g-oai-cuup	0.0012534533390314545
rfsim5g-oai-cuup	0.0008772482961829409
rfsim5g-oai-cuup	0.0001070307249375713
rfsim5g-oai-cuup	0.00044895098855119006
rfsim5g-oai-cuup	0.0007673568551527546
rfsim5g-oai-cuup	0.001308744353205572
rfsim5g-oai-cuup	0.00008295816365134484
rfsim5g-oai-cuup	0.00043715537307781533
rfsim5g-oai-cuup	0.000435773979250695
rfsim5g-oai-cuup	0.0010781239350344221
rfsim5g-oai-cuup	0.0005897783146043416
rfsim5g-oai-cuup	0.0010827988266505647
rfsim5g-oai-cuup	0.0015737909582004793
rfsim5g-oai-cuup	0.00024146519659938053
rfsim5g-oai-cuup	0.00039888312522142394
rfsim5g-oai-cuup	0.0009844787460148597
rfsim5g-oai-cuup	0.000649202187125681
rfsim5g-oai-cuup	0.0005573163790426572
rfsim5g-oai-cuup	0.0011632882303358682
rfsim5g-oai-cuup	0.0006979028880706523
rfsim5g-oai-cuup	0.0011702684711046563
rfsim5g-oai-cuup	0.0007101023697102328
rfsim5g-oai-cuup	0.0009751223870009562
rfsim5g-oai-cuup	0.00043888537163880135
rfsim5g-oai-cuup	0.0008421868923298018
rfsim5g-oai-cuup	0.0002408209623694344
rfsim5g-oai-cuup	0.00003068671227938774
rfsim5g-oai-cuup	0.0021397132472092528
rfsim5g-oai-cuup	0.0014080278285465131
rfsim5g-oai-cuup	0.0006197637293298997
rfsim5g-oai-cuup	0.0006008010008703472
rfsim5g-oai-cuup	0.000565711988685799
rfsim5g-oai-cuup	0.0005797168652065291
rfsim5g-oai-cuup	0.0008404335757066112
rfsim5g-oai-cuup	0.00017538433487305127
rfsim5g-oai-cuup	0.0016418701792383537
rfsim5g-oai-cuup	0.00046713019621615265
rfsim5g-oai-cuup	0.0007448086782845556
rfsim5g-oai-cuup	0.0012133712084632102
rfsim5g-oai-cuup	0.001017378692770352
rfsim5g-oai-cuup	0.0006984636845386352
rfsim5g-oai-cuup	0.0008941863867117954
rfsim5g-oai-cuup	0.0005931119077307418
rfsim5g-oai-cuup	0.00047504430887072624
rfsim5g-oai-cuup	0.0010749079327407557
rfsim5g-oai-cuup	0.0004926200882162453
rfsim5g-oai-cuup	0.0004141659763114756
rfsim5g-oai-cuup	0.0006624984215121573
rfsim5g-oai-cuup	0.000829640307093143
rfsim5g-oai-cuup	0.0007419187053741255
rfsim5g-oai-cuup	0.000056429191754183195
rfsim5g-oai-cuup	0.0009691618058508806
rfsim5g-oai-cuup	0.0017740123962344074
rfsim5g-oai-cuup	0.00013421676718665992
rfsim5g-oai-cuup	0.0006414594618654226
rfsim5g-oai-cuup	0.00005064731934208406
rfsim5g-oai-cuup	0.0002808335665914244
rfsim5g-oai-cuup	0.0016115924153498717
rfsim5g-oai-cuup	0.00003758336343110555
rfsim5g-oai-cuup	0.0006909193679458966
rfsim5g-oai-cuup	0.0003747508860414027
rfsim5g-oai-cuup	0.00005857694929112256
rfsim5g-oai-cuup	0.0012047757633587924
rfsim5g-oai-cuup	0.0010384285259905483
rfsim5g-oai-cuup	0.0013052763314273473
rfsim5g-oai-cuup	0.0006872654109204917
rfsim5g-oai-cuup	0.00036457719475274365
rfsim5g-oai-cuup	0.0003007463168517131
rfsim5g-oai-cuup	0.0004901900404947153
rfsim5g-oai-cuup	0.0000690554667834236
rfsim5g-oai-cuup	0.0013940520739848742
rfsim5g-oai-cuup	0.0002784038305789917
rfsim5g-oai-cuup	0.0008144527228156319
rfsim5g-oai-cuup	0.0005917196856942364
rfsim5g-oai-cuup	0.0005425047714936634
rfsim5g-oai-cuup	0.00044307702241290665
rfsim5g-oai-cuup	0.0011904174785615014
rfsim5g-oai-cuup	0.000004853073227659357
rfsim5g-oai-cuup	0.0013141044089255915
rfsim5g-oai-cuup	0.0002771970771786714
rfsim5g-oai-cuup	0.0009240743565299976
rfsim5g-oai-cuup	0.0006786565278115789
rfsim5g-oai-cuup	0.0010354506174207801
rfsim5g-oai-cuup	0.0006318865586273185
rfsim5g-oai-cuup	0.0012676697275223955
rfsim5g-oai-cuup	0.00008901541194655188
rfsim5g-oai-cuup	0.0006864183835913801
rfsim5g-oai-cuup	0.0008072349398979568
rfsim5g-oai-cuup	0.0005150981247080725
rfsim5g-oai-cuup	0.0012106166662959029
rfsim5g-oai-cuup	0.0002162570684937698
rfsim5g-oai-cuup	0.0012473933886504016
rfsim5g-oai-cuup	0.00006243223013796465
rfsim5g-oai-cuup	0.0008864571647578585
rfsim5g-oai-cuup	0.0005765913968797652
rfsim5g-oai-cuup	0.0014526018351519413
rfsim5g-oai-cuup	0.00020934034116087396
rfsim5g-oai-cuup	0.0005469884802835301
rfsim5g-oai-cuup	0.0015326463890119636
rfsim5g-oai-cuup	0.001049241404519316
rfsim5g-oai-cuup	0.0003458880416989758
rfsim5g-oai-cuup	0.0009395815025415308
rfsim5g-oai-cuup	0.0010919403592659388
rfsim5g-oai-cuup	0.0007670568191608821
rfsim5g-oai-cuup	0.0005477678963453955
rfsim5g-oai-cuup	0.001394788127932557
rfsim5g-oai-cuup	0.0015106160518273423
rfsim5g-oai-cuup	0.00031657916146533355
rfsim5g-oai-cuup	0.0018028308355890674
rfsim5g-oai-cuup	0.0008598421689663752
rfsim5g-oai-cuup	0.00045022536915996996
rfsim5g-oai-cuup	0.00010782977927424667
rfsim5g-oai-cuup	0.00037743059299189284
rfsim5g-oai-cuup	0.0011666804357592735
rfsim5g-oai-cuup	0.00024194256513927244
rfsim5g-oai-cuup	0.0005813122641509222
rfsim5g-oai-cuup	0.0003738409151135517
rfsim5g-oai-cuup	0.0007755785266319223
rfsim5g-oai-cuup	0.0004606544916526958
rfsim5g-oai-cuup	0.0016867937903012247
rfsim5g-oai-cuup	0.0002801555501834769
rfsim5g-oai-cuup	0.00020060457552246912
rfsim5g-oai-cuup	0.0010840052304243915
rfsim5g-oai-cuup	0.0008436209920224813
rfsim5g-oai-cuup	0.000017166157959269462
rfsim5g-oai-cuup	0.0014212820095799643
rfsim5g-oai-cuup	0.0003469121978389187
rfsim5g-oai-cuup	0.00060809515428321
rfsim5g-oai-cuup	0.0001131080876963567
rfsim5g-oai-cuup	0.001222700259890265
rfsim5g-oai-cuup	0.000609315866634098
rfsim5g-oai-cuup	0.0005802471178835304
rfsim5g-oai-cuup	0.0007532532564035455
rfsim5g-oai-cuup	0.00047692499344350274
rfsim5g-oai-cuup	0.0005201080076929997
rfsim5g-oai-cuup	0.0007393002447766
rfsim5g-oai-cuup	0.0006074494835701738
rfsim5g-oai-cuup	0.0006423727441050864
rfsim5g-oai-cuup	0.0007134840163293805
rfsim5g-oai-cuup	0.000739802552033414
rfsim5g-oai-cuup	0.00011835899787491717
rfsim5g-oai-cuup	0.0014812275360698095
rfsim5g-oai-cuup	0.0002077461805167177
rfsim5g-oai-cuup	0.0007003174812660485
rfsim5g-oai-cuup	0.001010049542547471
rfsim5g-oai-cuup	0.00030071715668856527
rfsim5g-oai-cuup	0.0007759915837626882
rfsim5g-oai-cuup	0.0004274471042813903
rfsim5g-oai-cuup	0.00017921941276065966
rfsim5g-oai-cuup	0.0012376688647299926
rfsim5g-oai-cuup	0.0006202643022633946
rfsim5g-oai-cuup	0.0005124793931563117
rfsim5g-oai-cuup	0.0012093943621234446
rfsim5g-oai-cuup	0.000017880234058676996
rfsim5g-oai-cuup	0.0011269605971609977
rfsim5g-oai-cuup	0.00024208394517869693
rfsim5g-oai-cuup	0.0002077349111897127
rfsim5g-oai-cuup	0.0006864415238691556
rfsim5g-oai-cuup	0.0005892078206792142
rfsim5g-oai-cuup	0.0012588602970783987
rfsim5g-oai-cuup	0.000246573965305211
rfsim5g-oai-cuup	0.0010203431225242368
rfsim5g-oai-cuup	0.00021331641852208763
rfsim5g-oai-cuup	0.0018697347129262895
rfsim5g-oai-cuup	0.0006761192719819997
rfsim5g-oai-cuup	0.0018063089398292968
rfsim5g-oai-cuup	0.000186771703535367
rfsim5g-oai-cuup	0.0006973957762480157
rfsim5g-oai-cuup	0.00022734292879729475
rfsim5g-oai-cuup	0.0009228804710500017
rfsim5g-oai-cuup	0.00022148444008283222
rfsim5g-oai-cuup	0.0019125369534401977
rfsim5g-oai-cuup	0.001301031921533666
rfsim5g-oai-cuup	0.001095340905037922
rfsim5g-oai-cuup	0.00043168096299598676
rfsim5g-oai-cuup	0.00028317844404818964
rfsim5g-oai-cuup	0.0012410643574274427
rfsim5g-oai-cuup	0.0017190687874268518
rfsim5g-oai-cuup	0.00028820153157772636
rfsim5g-oai-cuup	0.0001737496493844367
rfsim5g-oai-cuup	0.000831294056053122
rfsim5g-oai-cuup	0.0010741300182685386
rfsim5g-oai-cuup	0.0008235105378069282
rfsim5g-oai-cuup	0.0008696045537583781
rfsim5g-oai-cuup	0.0011340939776645705
rfsim5g-oai-cuup	0.0001125324182976067
rfsim5g-oai-cuup	0.0012105039852011083
rfsim5g-oai-cuup	0.0007563139744672821
rfsim5g-oai-cuup	0.0015716503650609892
rfsim5g-oai-cuup	0.00008065466120558999
rfsim5g-oai-cuup	0.0009535922224201134
rfsim5g-oai-cuup	0.000655817692102184
rfsim5g-oai-cuup	0.0005115877216430259
rfsim5g-oai-cuup	0.0007660915085092859
rfsim5g-oai-cuup	0.00022340826873389077
rfsim5g-oai-cuup	0.0011472277465917895
rfsim5g-oai-cuup	0.0002932926340627083
rfsim5g-oai-cuup	0.0007092944816686473
rfsim5g-oai-cuup	0.0013553239988424507
rfsim5g-oai-cuup	0.001455126416312423
rfsim5g-oai-cuup	0.00006227157121744059
rfsim5g-oai-cuup	0.00196055847848475
rfsim5g-oai-cuup	0.000016384274392123905
rfsim5g-oai-cuup	0.0002723087359512781
rfsim5g-oai-cuup	0.0009168359609035249
rfsim5g-oai-cuup	0.00003419731922246479
rfsim5g-oai-cuup	0.0012665801718671314
rfsim5g-oai-cuup	0.00006244206590431069
rfsim5g-oai-cuup	0.00038637108052734455
rfsim5g-oai-cuup	0.0007380248752895164
rfsim5g-oai-cuup	0.00037812094690896944
rfsim5g-oai-cuup	0.0012336713655799547
rfsim5g-oai-cuup	0.0009768049803523231
rfsim5g-oai-cuup	0.000553098834385666
rfsim5g-oai-cuup	0.00016088772131213832
rfsim5g-oai-cuup	0.0008308310962955762
rfsim5g-oai-cuup	0.0005246793008115721
rfsim5g-oai-cuup	0.0013123594488540175
rfsim5g-oai-cuup	0.00009421011326134572
rfsim5g-oai-cuup	0.0007280475564076856
rfsim5g-oai-cuup	0.0012559041695146711
rfsim5g-oai-cuup	0.0001946464114832202
rfsim5g-oai-cuup	0.0006731402141718146
rfsim5g-oai-cuup	0.0005853160856687284
rfsim5g-oai-cuup	0.0006431312388933976
rfsim5g-oai-cuup	0.00028501976700819775
rfsim5g-oai-cuup	0.0006247764419384822
rfsim5g-oai-cuup	0.0008852778789407975
rfsim5g-oai-cuup	0.0012695435345321455
rfsim5g-oai-cuup	0.0006799477723055283
rfsim5g-oai-cuup	0.0001192905050967992
rfsim5g-oai-cuup	0.0006667743671973461
rfsim5g-oai-cuup	0.0011291381212991502
rfsim5g-oai-cuup	0.0006732075632513931
rfsim5g-oai-cuup	0.0007078921137627939
rfsim5g-oai-cuup	0.00006640456217477037
rfsim5g-oai-cuup	0.0010109286886167239
rfsim5g-oai-cuup	0.00010845169120126499
rfsim5g-oai-cuup	0.001990999617934599
rfsim5g-oai-cuup	0.00018021276547928056
rfsim5g-oai-cuup	0.0002775147084883762
rfsim5g-oai-cuup	0.001711576665780649
rfsim5g-oai-cuup	0.0008620241671096874
rfsim5g-oai-cuup	0.0008620261828814494
rfsim5g-oai-cuup	0.0017973857408944685
rfsim5g-oai-cuup	0.000552012522160605
rfsim5g-oai-cuup	0.0008335511097147243
rfsim5g-oai-cuup	0.0002664144206817574
rfsim5g-oai-cuup	0.0008532684187752232
rfsim5g-oai-cuup	0.0012408034571500363
rfsim5g-oai-cuup	0.0009519994306406316
rfsim5g-oai-cuup	0.00021222610398778644
rfsim5g-oai-cuup	0.0004119202851737439
rfsim5g-oai-cuup	0.0009549092104656647
rfsim5g-oai-cuup	0.0010406390568040308
rfsim5g-oai-cuup	0.001052722786212028
rfsim5g-oai-cuup	0.0005466679854059169
rfsim5g-oai-cuup	0.001103264846806447
rfsim5g-oai-cuup	0.0006090420677832217
rfsim5g-oai-cuup	0.0008397961448854578
rfsim5g-oai-cuup	0.0007125388525942237
rfsim5g-oai-cuup	0.00007185288412224607
rfsim5g-oai-cuup	0.0018576523891279597
rfsim5g-oai-cuup	0.0007067361145175679
rfsim5g-oai-cuup	0.00019539241806677333
rfsim5g-oai-cuup	0.002068985187394377
rfsim5g-oai-cuup	0.0004933533817145517
rfsim5g-oai-cuup	0.00036877956722009355
rfsim5g-oai-cuup	0.0007960766581382298
rfsim5g-oai-cuup	0.0003311887095715639
rfsim5g-oai-cuup	0.000876517188217458
rfsim5g-oai-cuup	0.0007252004854686904
rfsim5g-oai-cuup	0.001088576776390476
rfsim5g-oai-cuup	0.0012317253802497689
rfsim5g-oai-cuup	0.000008195278093116357
rfsim5g-oai-cuup	0.0002648514415436947
rfsim5g-oai-cuup	0.000057161636143223585
rfsim5g-oai-cuup	0.001118550475400389
rfsim5g-oai-cuup	0.00010925735434876603
rfsim5g-oai-cuup	0.0014106172548019053
rfsim5g-oai-cuup	0.0005983141771680478
rfsim5g-oai-cuup	0.0003437809022986226
rfsim5g-oai-cuup	0.0016580688062338429
rfsim5g-oai-cuup	0.00007518923111410276
rfsim5g-oai-cuup	0.00009434383964232686
rfsim5g-oai-cuup	0.0005152880015206598
rfsim5g-oai-cuup	0.00016448709135207394
rfsim5g-oai-cuup	0.0016785130635977772
rfsim5g-oai-cuup	0.0015645405530105355
rfsim5g-oai-cuup	0.00007232027156174705
rfsim5g-oai-cuup	0.0005869533994661648
rfsim5g-oai-cuup	0.0010095849125004027
rfsim5g-oai-cuup	0.00004780058525681432
rfsim5g-oai-cuup	0.00016929900703626012
rfsim5g-oai-cuup	0.0010376791280330337
rfsim5g-oai-cuup	0.0015643572367988212
rfsim5g-oai-cuup	0.00022970856094552028
rfsim5g-oai-cuup	0.0009652785246501619
rfsim5g-oai-cuup	0.0002934902769690377
rfsim5g-oai-cuup	0.0013582204231099512
rfsim5g-oai-cuup	0.0006947800320877414
rfsim5g-oai-cuup	0.0010653509927134456
rfsim5g-oai-cuup	0.00023575198876930908
rfsim5g-oai-cuup	0.0007691314927468659
rfsim5g-oai-cuup	0.0005006681265848113
rfsim5g-oai-cuup	0.00023378446998384165
rfsim5g-oai-cuup	0.002063336549543956
rfsim5g-oai-cuup	0.00014443922679217074
rfsim5g-oai-cuup	0.0010066579273095562
rfsim5g-oai-cuup	0.000483280612130057
rfsim5g-oai-cuup	0.00012981084730507737
rfsim5g-oai-cuup	0.0009247488466298643
rfsim5g-oai-cuup	0.001049673277288365
rfsim5g-oai-cuup	0.0005543767160040758
rfsim5g-oai-cuup	0.000958202454947924
rfsim5g-oai-cuup	0.00019268067790544877
rfsim5g-oai-cuup	0.0006102534029791684
rfsim5g-oai-cuup	0.00025103264646639966
rfsim5g-oai-cuup	0.001048966180474079
rfsim5g-oai-cuup	0.0006119212943494359
rfsim5g-oai-cuup	0.0005804584667004695
rfsim5g-oai-cuup	0.00044979960707263947
rfsim5g-oai-cuup	0.0012698113728174412
rfsim5g-oai-cuup	0.0001820540385422407
rfsim5g-oai-cuup	0.0000737622746430653
rfsim5g-oai-cuup	0.0010640913785113324
rfsim5g-oai-cuup	0.000022761171304383725
rfsim5g-oai-cuup	0.001271190767261719
rfsim5g-oai-cuup	0.0011255045337933984
rfsim5g-oai-cuup	0.0006204098549186289
rfsim5g-oai-cuup	0.000326679980537837
rfsim5g-oai-cuup	0.00027410540516631
rfsim5g-oai-cuup	0.0008072409953868389
rfsim5g-oai-cuup	0.00021973050479066303
rfsim5g-oai-cuup	0.0004840065205819493
rfsim5g-oai-cuup	0.001156449964513867
rfsim5g-oai-cuup	0.00033847937768946394
rfsim5g-oai-cuup	0.001813981727904717
rfsim5g-oai-cuup	0.00011442937217263219
rfsim5g-oai-cuup	0.0005209419176873396
rfsim5g-oai-cuup	0.0008237048395593138
rfsim5g-oai-cuup	0.00096059325255948
rfsim5g-oai-cuup	0.0005139692631868644
rfsim5g-oai-cuup	0.0008310919355946336
rfsim5g-oai-cuup	0.0008967796945391098
rfsim5g-oai-cuup	0.0004932003076584686
rfsim5g-oai-cuup	0.0004866579716514796
rfsim5g-oai-cuup	0.0013303734754422846
rfsim5g-oai-cuup	0.0009064183406500972
rfsim5g-oai-cuup	0.0007295169615537872
rfsim5g-oai-cuup	0.0009149468316260515
rfsim5g-oai-cuup	0.0007625010420823942
rfsim5g-oai-cuup	0.0005425211166786202
rfsim5g-oai-cuup	0.0008446195418754529
rfsim5g-oai-cuup	0.0007698523845740855
rfsim5g-oai-cuup	0.0011561094309233716
rfsim5g-oai-cuup	0.00048137116524029017
rfsim5g-oai-cuup	0.0010760129910029031
rfsim5g-oai-cuup	0.00027153914856259246
rfsim5g-oai-cuup	0.001278854158437572
rfsim5g-oai-cuup	0.0009371280946089349
rfsim5g-oai-cuup	0.00044408003205615354
rfsim5g-oai-cuup	0.0013214474647490538
rfsim5g-oai-cuup	0.0008119783187853487
rfsim5g-oai-cuup	0.0007271295110721008
rfsim5g-oai-cuup	0.001324373558430194
rfsim5g-oai-cuup	0.0006557908134180863
rfsim5g-oai-cuup	0.0007255976978732306
rfsim5g-oai-cuup	0.001562944399240605
rfsim5g-oai-cuup	0.0005228425775245697
rfsim5g-oai-cuup	0.00010585620649125068
rfsim5g-oai-cuup	0.0011131667796762871
rfsim5g-oai-cuup	0.000979901290351575
rfsim5g-oai-cuup	0.0007438326814135437
rfsim5g-oai-cuup	0.0014397618244762023
rfsim5g-oai-cuup	0.00009144060785898634
rfsim5g-oai-cuup	0.000736647898528285
rfsim5g-oai-cuup	0.00010153606311048328
rfsim5g-oai-cuup	0.00008663024263046444
rfsim5g-oai-cuup	0.002473410527246237
rfsim5g-oai-cuup	0.0015699359072180806
rfsim5g-oai-cuup	0.00023776109088526857
rfsim5g-oai-cuup	0.0006395842035273079
rfsim5g-oai-cuup	0.00008436916570382496
rfsim5g-oai-cuup	0.0011948128991614811
rfsim5g-oai-cuup	0.0001304349393925854
rfsim5g-oai-cuup	0.0010849607029586959
rfsim5g-oai-cuup	0.0006148135942998402
rfsim5g-oai-cuup	0.001042760854060807
rfsim5g-oai-cuup	0.00087842660693595
rfsim5g-oai-cuup	0.0002645370865650389
rfsim5g-oai-cuup	0.0006768678791120286
rfsim5g-oai-cuup	0.001280146285021004
rfsim5g-oai-cuup	0.0006671217281897764
rfsim5g-oai-cuup	0.0005618156777280948
rfsim5g-oai-cuup	0.00007252984789588185
rfsim5g-oai-cuup	0.0011427462058670817
rfsim5g-oai-cuup	0.0005956082373962327
rfsim5g-oai-cuup	0.0004445530273901817
rfsim5g-oai-cuup	0.0006679425055978929
rfsim5g-oai-cuup	0.00044736147562939846
rfsim5g-oai-cuup	0.00043315849848242065
rfsim5g-oai-cuup	0.0012453931440814677
rfsim5g-oai-cuup	0.0010110692733440658
rfsim5g-oai-cuup	0.0007509402699230989
rfsim5g-oai-cuup	0.0003003142419394896
rfsim5g-oai-cuup	0.000029484171867554328
rfsim5g-oai-cuup	0.0017871073609264992
rfsim5g-oai-cuup	0.00017804433725386698
rfsim5g-oai-cuup	0.0017929520065195841
rfsim5g-oai-cuup	0.00008193601603451509
rfsim5g-oai-cuup	0.0008414701995506894
rfsim5g-oai-cuup	0.00012480670350245669
rfsim5g-oai-cuup	0.0006504133293757669
rfsim5g-oai-cuup	0.00012175389287183849
rfsim5g-oai-cuup	0.0016319140600027312
rfsim5g-oai-cuup	0.0012919181897889057
rfsim5g-oai-cuup	0.00007730197162831074
rfsim5g-oai-cuup	0.0011066312133270494
rfsim5g-oai-cuup	0.00007764198196982307
rfsim5g-oai-cuup	0.0002925556874643277
rfsim5g-oai-cuup	0.0005906928945170004
rfsim5g-oai-cuup	0.001560026403728617
rfsim5g-oai-cuup	0.0007390789693532271
rfsim5g-oai-cuup	0.0016538749428490374
rfsim5g-oai-cuup	0.0006783671594347495
rfsim5g-oai-cuup	0.000940638893122301
rfsim5g-oai-cuup	0.0000908438091921172
rfsim5g-oai-cuup	0.0008642443885185421
rfsim5g-oai-cuup	0.00011507783521515783
rfsim5g-oai-cuup	0.0016787721851901803
rfsim5g-oai-cuup	0.0006021072189724286
rfsim5g-oai-cuup	0.0005497389724504073
rfsim5g-oai-cuup	0.0010897048162258408
rfsim5g-oai-cuup	0.0007572527472527847
rfsim5g-oai-cuup	0.0006691935739610987
rfsim5g-oai-cuup	0.0014252730886238805
rfsim5g-oai-cuup	0.001354485976950239
rfsim5g-oai-cuup	0.000281943485888145
rfsim5g-oai-cuup	0.0009328860169208945
rfsim5g-oai-cuup	0.0004899490329616753
rfsim5g-oai-cuup	0.00228170904275446
rfsim5g-oai-cuup	0.00021444169949483567
rfsim5g-oai-cuup	0.00043870147559592587
rfsim5g-oai-cuup	0.00012279658621199504
rfsim5g-oai-cuup	0.0006116873621313701
rfsim5g-oai-cuup	0.0005839463088685692
rfsim5g-oai-cuup	0.0020471434047930662
rfsim5g-oai-cuup	0.0006414229106296842
rfsim5g-oai-cuup	0.00016664463456139217
rfsim5g-oai-cuup	0.001587382066142299
rfsim5g-oai-cuup	0.0010018942780921274
rfsim5g-oai-cuup	0.00038924783150262067
rfsim5g-oai-cuup	0.0009227023666628647
rfsim5g-oai-cuup	0.0008475067829237879
rfsim5g-oai-cuup	0.0005491242667874524
rfsim5g-oai-cuup	0.0006812679578165326
rfsim5g-oai-cuup	0.0010247315557914251
rfsim5g-oai-cuup	0.000040588556520970005
rfsim5g-oai-cuup	0.000580661250027616
rfsim5g-oai-cuup	0.0009378701370225147
rfsim5g-oai-cuup	0.00024900517689565606
rfsim5g-oai-cuup	0.0006287687800149911
rfsim5g-oai-cuup	0.0006470065427148212
rfsim5g-oai-cuup	0.000559714812769245
rfsim5g-oai-cuup	0.0006260921904341476
rfsim5g-oai-cuup	0.001152978195073501
rfsim5g-oai-cuup	0.00023794335579366106
rfsim5g-oai-cuup	0.0012159362159579596
rfsim5g-oai-cuup	0.0001448858749945613
rfsim5g-oai-cuup	0.00011776493072144397
rfsim5g-oai-cuup	0.00105885225643915
rfsim5g-oai-cuup	0.0014672116604130033
rfsim5g-oai-cuup	0.00001987128343534328
rfsim5g-oai-cuup	0.0008868460930814022
rfsim5g-oai-cuup	0.00004779461523274605
rfsim5g-oai-cuup	0.0006419713545772055
rfsim5g-oai-cuup	0.0006036946064633017
rfsim5g-oai-cuup	0.0010961795743722321
rfsim5g-oai-cuup	0.00012051226213267162
rfsim5g-oai-cuup	0.00008028693869534357
rfsim5g-oai-cuup	0.0008753489847992638
rfsim5g-oai-cuup	0.0006581970427234548
rfsim5g-oai-cuup	0.0010582619457832967
rfsim5g-oai-cuup	0.0006382324304136797
rfsim5g-oai-cuup	0.0013494190338100914
rfsim5g-oai-cuup	0.00015486269469892685
rfsim5g-oai-cuup	0.0004939420242096486
rfsim5g-oai-cuup	0.0017175209323582526
rfsim5g-oai-cuup	0.00031206032906761676
rfsim5g-oai-cuup	0.0004005010283363232
rfsim5g-oai-cuup	0.0002512669104204416
rfsim5g-oai-cuup	0.000020056244296571886
rfsim5g-oai-cuup	0.0014325174608827186
rfsim5g-oai-cuup	0.0007644151884083602
rfsim5g-oai-cuup	0.0006074491531082145
rfsim5g-oai-cuup	0.0007190886950040276
rfsim5g-oai-cuup	0.0004871076791547268
rfsim5g-oai-cuup	0.0009505595063243903
rfsim5g-oai-cuup	0.001063103229059361
rfsim5g-oai-cuup	0.00047812237029771484
rfsim5g-oai-cuup	0.0009572500222856149
rfsim5g-oai-cuup	0.00015283069620254002
rfsim5g-oai-cuup	0.0016459599304688931
rfsim5g-oai-cuup	0.00016524909227779648
rfsim5g-oai-cuup	0.0016176070669500062
rfsim5g-oai-cuup	0.0007072594757350845
rfsim5g-oai-cuup	0.0007925782855118138
rfsim5g-oai-cuup	0.0005906361767278928
rfsim5g-oai-cuup	0.0006928963035870695
rfsim5g-oai-cuup	0.00018606835083110707
rfsim5g-oai-cuup	0.0017818714129483612
rfsim5g-oai-cuup	0.0007108520206420383
rfsim5g-oai-cuup	0.0011991503250451828
rfsim5g-oai-cuup	0.0006919941916314474
rfsim5g-oai-cuup	0.000633585505886595
rfsim5g-oai-cuup	0.0012073126334045255
rfsim5g-oai-cuup	0.0011194867262540248
rfsim5g-oai-cuup	0.0006222286552827846
rfsim5g-oai-cuup	0.00024262413287082078
rfsim5g-oai-cuup	0.0009611132295719695
rfsim5g-oai-cuup	0.001197944920017293
rfsim5g-oai-cuup	0.00021792576740168942
rfsim5g-oai-cuup	0.0008723086683960128
rfsim5g-oai-cuup	0.0004527411404639161
rfsim5g-oai-cuup	0.00007386897091310412
rfsim5g-oai-cuup	0.0013582063696612413
rfsim5g-oai-cuup	0.0006303138116716157
rfsim5g-oai-cuup	0.0004102956834850349
rfsim5g-oai-cuup	0.0007075311920120382
rfsim5g-oai-cuup	0.0012638594150393202
rfsim5g-oai-cuup	0.0007921018600336492
rfsim5g-oai-cuup	0.0007243081043956121
rfsim5g-oai-cuup	0.0005434862408424821
rfsim5g-oai-cuup	0.000664290407509107
rfsim5g-oai-cuup	0.0007678722985347997
rfsim5g-oai-cuup	0.00022218081156203255
rfsim5g-oai-cuup	0.0007446184769316185
rfsim5g-oai-cuup	0.0005059406559199234
rfsim5g-oai-cuup	0.0009082508949416123
rfsim5g-oai-cuup	0.001003332488732435
rfsim5g-oai-cuup	0.0007695621005897285
rfsim5g-oai-cuup	0.00026813334977686274
rfsim5g-oai-cuup	0.0007415223221292867
rfsim5g-oai-cuup	0.0005385662314272518
rfsim5g-oai-cuup	0.0006791587122917833
rfsim5g-oai-cuup	0.000392396105357926
rfsim5g-oai-cuup	0.0015308201485817058
rfsim5g-oai-cuup	0.0002606060692188086
rfsim5g-oai-cuup	0.0011949641662476408
rfsim5g-oai-cuup	0.0008739479656310598
rfsim5g-oai-cuup	0.0005131061894663024
rfsim5g-oai-cuup	0.001314944848683542
rfsim5g-oai-cuup	0.000010055326122608913
rfsim5g-oai-cuup	0.0005306001311045684
rfsim5g-oai-cuup	0.0005542809352125013
rfsim5g-oai-cuup	0.000812636910414734
rfsim5g-oai-cuup	0.0004501449373672256
rfsim5g-oai-cuup	0.000605625039569442
rfsim5g-oai-cuup	0.0006600214127435902
rfsim5g-oai-cuup	0.0006989976168091934
rfsim5g-oai-cuup	0.0007963653278527374
rfsim5g-oai-cuup	0.0010823919802347747
rfsim5g-oai-cuup	0.0000267908258084403
rfsim5g-oai-cuup	0.000807331981675928
rfsim5g-oai-cuup	0.0006344218924665293
rfsim5g-oai-cuup	0.0009236306249041063
rfsim5g-oai-cuup	0.0006560967932840392
rfsim5g-oai-cuup	0.0010492291605896677
rfsim5g-oai-cuup	0.0007619914286354962
rfsim5g-oai-cuup	0.0006176501447258736
rfsim5g-oai-cuup	0.0001349640765588968
rfsim5g-oai-cuup	0.0005672264665756977
rfsim5g-oai-cuup	0.0012182008097522262
rfsim5g-oai-cuup	0.0005096468996171371
rfsim5g-oai-cuup	0.0010714587422435418
rfsim5g-oai-cuup	0.0002290081071396694
rfsim5g-oai-cuup	0.0010952310982710032
rfsim5g-oai-cuup	0.0006001098271073832
rfsim5g-oai-cuup	0.0012514499238555571
rfsim5g-oai-cuup	0.000017558302023538076
rfsim5g-oai-cuup	0.0014399740293981368
rfsim5g-oai-cuup	0.0006712128183156501
rfsim5g-oai-cuup	0.0009009704260321027
rfsim5g-oai-cuup	0.00024299096580874058
rfsim5g-oai-cuup	0.0011985021802812697
rfsim5g-oai-cuup	0.0005956120664594289
rfsim5g-oai-cuup	0.001251582459357345
rfsim5g-oai-cuup	0.00011786374383565623
rfsim5g-oai-cuup	0.0021208425994730957
rfsim5g-oai-cuup	0.00013955763471371519
rfsim5g-oai-cuup	0.0009225158864194221
rfsim5g-oai-cuup	0.0007736714444444064
rfsim5g-oai-cuup	0.0016484984444444545
rfsim5g-oai-cuup	0.0006745656666666377
rfsim5g-oai-cuup	0.00009833386666665925
rfsim5g-oai-cuup	0.0010226935205279223
rfsim5g-oai-cuup	0.0011932953850923417
rfsim5g-oai-cuup	0.0002973742415519276
rfsim5g-oai-cuup	0.0005957405110943335
rfsim5g-oai-cuup	0.0018609070061108251
rfsim5g-oai-cuup	0.00049880929938887
rfsim5g-oai-cuup	0.000746608541727711
rfsim5g-oai-cuup	0.0001648263918641433
rfsim5g-oai-cuup	0.0012661438766012308
rfsim5g-oai-cuup	0.0001775862107175755
rfsim5g-oai-cuup	0.0016740827312618774
rfsim5g-oai-cuup	0.00024021401976868494
rfsim5g-oai-cuup	0.00011145860427704278
rfsim5g-oai-cuup	0.0011688140600210105
rfsim5g-oai-cuup	0.0006404967039842204
rfsim5g-oai-cuup	0.0007210755737302293
rfsim5g-oai-cuup	0.0009328995998220922
rfsim5g-oai-cuup	0.00019606991996442587
rfsim5g-oai-cuup	0.0003499231213873313
rfsim5g-oai-cuup	0.0011404283681636354
rfsim5g-oai-cuup	0.0006399498219848906
rfsim5g-oai-cuup	0.0005975972407654719
rfsim5g-oai-cuup	0.0010776505785491772
rfsim5g-oai-cuup	0.00013195894526036946
rfsim5g-oai-cuup	0.0004206482029318051
rfsim5g-oai-cuup	0.000779746732603308
rfsim5g-oai-cuup	0.0006963268721299936
rfsim5g-oai-cuup	0.0005216450238431417
rfsim5g-oai-cuup	0.001999914446127828
rfsim5g-oai-cuup	0.00004856719543714329
rfsim5g-oai-cuup	0.0002792474155601585
rfsim5g-oai-cuup	0.00023791531503434068
rfsim5g-oai-cuup	0.0006662275047585922
rfsim5g-oai-cuup	0.00014197856463057118
rfsim5g-oai-cuup	0.0012306630256099533
rfsim5g-oai-cuup	0.0006293435499221589
rfsim5g-oai-cuup	0.0004694878557790601
rfsim5g-oai-cuup	0.0003946906664890523
rfsim5g-oai-cuup	0.0006981715509968477
rfsim5g-oai-cuup	0.0010104523333777456
rfsim5g-oai-cuup	0.0002710137563486657
rfsim5g-oai-cuup	0.0005196672967863657
rfsim5g-oai-cuup	0.0001551823171703862
rfsim5g-oai-cuup	0.0017613201311863485
rfsim5g-oai-cuup	0.0013398573581340776
rfsim5g-oai-cuup	0.0005554469085265926
rfsim5g-oai-cuup	0.000564919255077527
rfsim5g-oai-cuup	0.00021536854771598673
rfsim5g-oai-cuup	0.000626835940389392
rfsim5g-oai-cuup	0.0007684242575873019
rfsim5g-oai-cuup	0.0007404825193081392
rfsim5g-oai-cuup	0.0009057113238333647
rfsim5g-oai-cuup	0.0014824558872268668
rfsim5g-oai-cuup	0.00005380209461103449
rfsim5g-oai-cuup	0.0004860440354404564
rfsim5g-oai-cuup	0.0010133688990035083
rfsim5g-oai-cuup	0.00028454124142924907
rfsim5g-oai-cuup	0.0001619165214636584
rfsim5g-oai-cuup	0.0012751793125296428
rfsim5g-oai-cuup	0.0015485559729356583
rfsim5g-oai-cuup	0.0010092054770318062
rfsim5g-oai-cuup	0.000516014443462948
rfsim5g-oai-cuup	0.0009873981227914639
rfsim5g-oai-cuup	0.0004976168948763772
rfsim5g-oai-cuup	0.0004984118423077857
rfsim5g-oai-cuup	0.0008358927684088295
rfsim5g-oai-cuup	0.0004821285152041859
rfsim5g-oai-cuup	0.0012317465095314374
rfsim5g-oai-cuup	0.0010617119537755521
rfsim5g-oai-cuup	0.0009031846123426292
rfsim5g-oai-cuup	0.000915499901135824
rfsim5g-oai-cuup	0.0003341967396796765
rfsim5g-oai-cuup	0.00035069543354166816
rfsim5g-oai-cuup	0.0002728868351907406
rfsim5g-oai-cuup	0.0011714042765244225
rfsim5g-oai-cuup	0.002484788506840609
rfsim5g-oai-cuup	0.00038976870180814315
rfsim5g-oai-cuup	0.0009846527708887787
rfsim5g-oai-cuup	0.0004303723226766544
rfsim5g-oai-cuup	0.001321777427064138
rfsim5g-oai-cuup	0.000792082815315296
rfsim5g-oai-cuup	0.0008616134234233967
rfsim5g-oai-cuup	0.0008188728828828784
rfsim5g-oai-cuup	0.00019011961711716478
rfsim5g-oai-cuup	0.00015497439525636258
rfsim5g-oai-cuup	0.0015770539047234233
rfsim5g-oai-cuup	0.00007648417671767705
rfsim5g-oai-cuup	0.0007180319160883558
rfsim5g-oai-cuup	0.0009941525746698949
rfsim5g-oai-cuup	0.00020215729415939062
rfsim5g-oai-cuup	0.0007675039661437822
rfsim5g-oai-cuup	0.0007334882566693727
rfsim5g-oai-cuup	0.000023662509845100798
rfsim5g-oai-cuup	0.001186074888422142
rfsim5g-oai-cuup	0.001375353439222938
rfsim5g-oai-cuup	0.0001366446136343333
rfsim5g-oai-cuup	0.0009030658570452737
rfsim5g-oai-cuup	0.0012447806748804283
rfsim5g-oai-cuup	0.00021135114941257967
rfsim5g-oai-cuup	0.00012195942342022644
rfsim5g-oai-cuup	0.00006072226633142322
rfsim5g-oai-cuup	0.00029934023642538376
rfsim5g-oai-cuup	0.0005110393895284844
rfsim5g-oai-cuup	0.0016554079881787873
rfsim5g-oai-cuup	0.0004966737499139559
rfsim5g-oai-cuup	0.0008052348716065457
rfsim5g-oai-cuup	0.00013266831126514805
rfsim5g-oai-cuup	0.0012657175344792048
rfsim5g-oai-cuup	0.00136480347049633
rfsim5g-oai-cuup	0.0011690471969914005
rfsim5g-oai-cuup	0.00011642736809694266
rfsim5g-oai-cuup	0.00011727508852190127
rfsim5g-oai-cuup	0.0008224320760570669
rfsim5g-oai-cuup	0.0005728743240847769
rfsim5g-oai-cuup	0.000696898679195079
rfsim5g-oai-cuup	0.000704060101054843
rfsim5g-oai-cuup	0.0016176363112520064
rfsim5g-oai-cuup	0.00037214343653728307
rfsim5g-oai-cuup	0.00017225023824828
rfsim5g-oai-cuup	0.001109235056847136
rfsim5g-oai-cuup	0.000579608741628428
rfsim5g-oai-cuup	0.00013143219069443676
rfsim5g-oai-cuup	0.0011717332569615554
rfsim5g-oai-cuup	0.0005270631388790778
rfsim5g-oai-cuup	0.0008660496850323103
rfsim5g-oai-cuup	0.0010743868334664366
rfsim5g-oai-cuup	0.0005820062106290489
rfsim5g-oai-cuup	0.0006762857776594302
rfsim5g-oai-cuup	0.001103139321169824
rfsim5g-oai-cuup	0.0010958059207583789
rfsim5g-oai-cuup	0.0002108869063590214
rfsim5g-oai-cuup	0.0007368709194168928
rfsim5g-oai-cuup	0.0007428520229936085
rfsim5g-oai-cuup	0.00014783957550297005
rfsim5g-oai-cuup	0.0008611291399513326
rfsim5g-oai-cuup	0.0015548024983417486
rfsim5g-oai-cuup	0.0002566424999448918
rfsim5g-oai-cuup	0.00032383830105964804
rfsim5g-oai-cuup	0.0017890481131451752
rfsim5g-oai-cuup	0.0009566597272707259
rfsim5g-oai-cuup	0.0007249805563534725
rfsim5g-oai-cuup	0.0005907330475706958
rfsim5g-oai-cuup	0.0011799081066749151
rfsim5g-oai-cuup	0.0008368363640381228
rfsim5g-oai-cuup	0.0022002610414700763
rfsim5g-oai-cuup	0.0003060837713978116
rfsim5g-oai-cuup	0.0006937443725569547
rfsim5g-oai-cuup	0.00010485501190639732
rfsim5g-oai-cuup	0.0002346677148614531
rfsim5g-oai-cuup	0.0015354030604335937
rfsim5g-oai-cuup	0.0002754415926655545
rfsim5g-oai-cuup	0.0012087333968155546
rfsim5g-oai-cuup	0.0013362639703750072
rfsim5g-oai-cuup	0.001099172128404778
rfsim5g-oai-cuup	0.0007341231846878243
rfsim5g-oai-cuup	0.0007404594329310696
rfsim5g-oai-cuup	0.0005760450231637649
rfsim5g-oai-cuup	0.0005572777178068534
rfsim5g-oai-cuup	0.0007660977375973082
rfsim5g-oai-cuup	0.0007142444789277306
rfsim5g-oai-cuup	0.0011152433956860349
rfsim5g-oai-cuup	0.0006926097560975362
rfsim5g-oai-cuup	0.001079030449247604
rfsim5g-oai-cuup	0.00027130112146652753
rfsim5g-oai-cuup	0.0009526702471880085
rfsim5g-oai-cuup	0.00003545356694767395
rfsim5g-oai-cuup	0.0010841327507648596
rfsim5g-oai-cuup	0.0005650524091478078
rfsim5g-oai-cuup	0.0001574724598463164
rfsim5g-oai-cuup	0.0010111503142457817
rfsim5g-oai-cuup	0.00022190646822625707
rfsim5g-oai-cuup	0.0011971030682612072
rfsim5g-oai-cuup	0.001038534891007599
rfsim5g-oai-cuup	0.001326256210554538
rfsim5g-oai-cuup	0.00018797603061632194
rfsim5g-oai-cuup	0.000056450740790590806
rfsim5g-oai-cuup	0.00024135161775109437
rfsim5g-oai-cuup	0.0011894387597241938
rfsim5g-oai-cuup	0.0004894475114922165
rfsim5g-oai-cuup	0.0005489637111032448
rfsim5g-oai-cuup	0.0002192724656149666
rfsim5g-oai-cuup	0.0011468275695389754
rfsim5g-oai-cuup	0.0010738512325877642
rfsim5g-oai-cuup	0.0003151368809597298
rfsim5g-oai-cuup	0.000038228096160349256
rfsim5g-oai-cuup	0.001523507166457776
rfsim5g-oai-cuup	0.0007167673009000046
rfsim5g-oai-cuup	0.00018374622308300564
rfsim5g-oai-cuup	0.0011572973882248664
rfsim5g-oai-cuup	0.00026140354139000266
rfsim5g-oai-cuup	0.0006481281540505108
rfsim5g-oai-cuup	0.0005262499999999891
rfsim5g-oai-cuup	0.001677613888024182
rfsim5g-oai-cuup	0.00020012874105045076
rfsim5g-oai-cuup	0.00012048454662696499
rfsim5g-oai-cuup	0.0008178304131274906
rfsim5g-oai-cuup	0.0006814274147665218
rfsim5g-oai-cuup	0.0007611514727121989
rfsim5g-oai-cuup	0.00030739999562348543
rfsim5g-oai-cuup	0.0015359888835398219
rfsim5g-oai-cuup	0.0009907601371662827
rfsim5g-oai-cuup	0.0005521831926785305
rfsim5g-oai-cuup	0.000055479658865646004
rfsim5g-oai-cuup	0.0011979139148056174
rfsim5g-oai-cuup	0.001347673892175515
rfsim5g-oai-cuup	0.0007011812925549483
rfsim5g-oai-cuup	0.0011331541466681324
rfsim5g-oai-cuup	0.00010971432079473507
rfsim5g-oai-cuup	0.0008335098754387074
rfsim5g-oai-cuup	0.0008046483380359341
rfsim5g-oai-cuup	0.0007646035143257379
rfsim5g-oai-cuup	0.0009043799692612756
rfsim5g-oai-cuup	0.0010155806091211909
rfsim5g-oai-cuup	0.0002882739704600601
rfsim5g-oai-cuup	0.0006647474582709549
rfsim5g-oai-cuup	0.0009869565392263595
rfsim5g-oai-cuup	0.0007972376118067617
rfsim5g-oai-cuup	0.00043503378801426813
rfsim5g-oai-cuup	0.001332424821109182
rfsim5g-oai-cuup	0.0007420298076923591
rfsim5g-oai-cuup	0.0014901497586679799
rfsim5g-oai-cuup	0.00027821806225920793
rfsim5g-oai-cuup	0.000982703693043421
rfsim5g-oai-cuup	0.0016189193419829406
rfsim5g-oai-cuup	0.0009951291666666622
rfsim5g-oai-cuup	0.0005464232512953264
rfsim5g-oai-cuup	0.0005931593696027659
rfsim5g-oai-cuup	0.000967249632988029
rfsim5g-oai-cuup	0.0009846530464376248
rfsim5g-oai-cuup	0.0008989755845866136
rfsim5g-oai-cuup	0.0005556430343616115
rfsim5g-oai-cuup	0.0008301816884399773
rfsim5g-oai-cuup	0.0020738311799042815
rfsim5g-oai-cuup	0.00020495489823133984
rfsim5g-oai-cuup	0.0006310986423558287
rfsim5g-oai-cuup	0.0010595838962856306
rfsim5g-oai-cuup	0.0014337969609229675
rfsim5g-oai-cuup	0.0006027644154153059
rfsim5g-oai-cuup	0.0008041552308486223
rfsim5g-oai-cuup	0.00007562294346060812
rfsim5g-oai-cuup	0.0016241286993813149
rfsim5g-oai-cuup	0.000015028969645570306
rfsim5g-oai-cuup	0.00012538172031001556
rfsim5g-oai-cuup	0.0007622421433518138
rfsim5g-oai-cuup	0.00015824310393790805
rfsim5g-oai-cuup	0.0009489282984253891
rfsim5g-oai-cuup	0.0005157868827396366
rfsim5g-oai-cuup	0.0010846836875096774
rfsim5g-oai-cuup	0.00023017898288545748
rfsim5g-oai-cuup	0.0007580672600944929
rfsim5g-oai-cuup	0.000405079291438185
rfsim5g-oai-cuup	0.0010204544385002737
rfsim5g-oai-cuup	0.0007187702738931074
rfsim5g-oai-cuup	0.0005970048031813606
rfsim5g-oai-cuup	0.0008879440150127149
rfsim5g-oai-cuup	0.00048541658102846527
rfsim5g-oai-cuup	0.00005845168192342701
rfsim5g-oai-cuup	0.0009563626116686946
rfsim5g-oai-cuup	0.0006493426712253652
rfsim5g-oai-cuup	0.0010654601963163708
rfsim5g-oai-cuup	0.0006891837976160202
rfsim5g-oai-cuup	0.000061021706435535026
rfsim5g-oai-cuup	0.001383036252216629
rfsim5g-oai-cuup	0.0008581157152798547
rfsim5g-oai-cuup	0.00038144535848201925
rfsim5g-oai-cuup	0.00066215620952158
rfsim5g-oai-cuup	0.0009614209748892141
rfsim5g-oai-cuup	0.000720733075786887
rfsim5g-oai-cuup	0.0002769981861889364
rfsim5g-oai-cuup	0.0000033035620629117084
rfsim5g-oai-cuup	0.0007370559222028376
rfsim5g-oai-cuup	0.0016297451267482208
rfsim5g-oai-cuup	0.0015747865871300964
rfsim5g-oai-cuup	0.0009743900994947516
rfsim5g-oai-cuup	0.00033349050682217085
rfsim5g-oai-cuup	0.00020204148952746544
rfsim5g-oai-cuup	0.0004776740599549368
rfsim5g-oai-cuup	0.00021261887021317922
rfsim5g-oai-cuup	0.00120445074510487
rfsim5g-oai-cuup	0.001468767198059219
rfsim5g-oai-cuup	0.0013162735040842927
rfsim5g-oai-cuup	0.0014250469085515638
rfsim5g-oai-cuup	0.0002813649082416347
rfsim5g-oai-cuup	0.0002668822526730058
rfsim5g-oai-cuup	0.0010991839715930544
rfsim5g-oai-cuup	0.0011215907946782598
rfsim5g-oai-cuup	0.0002104441972311855
rfsim5g-oai-cuup	0.0006548715165408918
rfsim5g-oai-cuup	0.0007431144968503535
rfsim5g-oai-cuup	0.0012101929352059618
rfsim5g-oai-cuup	0.0005657218376477615
rfsim5g-oai-cuup	0.0006570862065128408
rfsim5g-oai-cuup	0.0013817181794638519
rfsim5g-oai-cuup	0.0009155538974492115
rfsim5g-oai-cuup	0.00015725844878924838
rfsim5g-oai-cuup	0.0003528607082737791
rfsim5g-oai-cuup	0.0012179698630138203
rfsim5g-oai-cuup	0.000022842191780798333
rfsim5g-oai-cuup	0.00019268215753403718
rfsim5g-oai-cuup	0.001613033116438394
rfsim5g-oai-cuup	0.0022087161568074996
rfsim5g-oai-cuup	0.00103189421653273
rfsim5g-oai-cuup	0.0006417129450353941
rfsim5g-oai-cuup	0.00008315853852990718
rfsim5g-oai-cuup	0.0005403030104710686
rfsim5g-oai-cuup	0.0006613023785881401
rfsim5g-oai-cuup	0.00024638213125102585
rfsim5g-oai-cuup	0.0009095305109224796
rfsim5g-oai-cuup	0.00014772369571566422
rfsim5g-oai-cuup	0.00013014608882798247
rfsim5g-oai-cuup	0.0005439487254219871
rfsim5g-oai-cuup	0.0017342111292963543
rfsim5g-oai-cuup	0.0008539834172342651
rfsim5g-oai-cuup	0.0010767982278308786
rfsim5g-oai-cuup	0.00009588945582095673
rfsim5g-oai-cuup	0.0005642810642125263
rfsim5g-oai-cuup	0.0018198739291343078
rfsim5g-oai-cuup	0.0010060098005619995
rfsim5g-oai-cuup	0.00010377434720022208
rfsim5g-oai-cuup	0.00042815286820623125
rfsim5g-oai-cuup	0.00013044509546405824
rfsim5g-oai-cuup	0.0008615625484055667
rfsim5g-oai-cuup	0.002247360911876734
rfsim5g-oai-cuup	0.0002467011145906186
rfsim5g-oai-cuup	0.000982445804275522
rfsim5g-oai-cuup	0.00010925696248686142
rfsim5g-oai-cuup	0.0008504053512011047
rfsim5g-oai-cuup	0.0006314209170882592
rfsim5g-oai-cuup	0.0015836264639338734
rfsim5g-oai-cuup	0.00018629920814498105
rfsim5g-oai-cuup	0.00020414875565610496
rfsim5g-oai-cuup	0.000851123336438667
rfsim5g-oai-cuup	0.00015861575259403584
rfsim5g-oai-cuup	0.00012924306023440118
rfsim5g-oai-cuup	0.0019517010847595532
rfsim5g-oai-cuup	0.0011466123163992926
rfsim5g-oai-cuup	0.0002008053778056228
rfsim5g-oai-cuup	0.0004239751666058624
rfsim5g-oai-cuup	0.00014999668446008277
rfsim5g-oai-cuup	0.002162258313716377
rfsim5g-oai-cuup	0.0001256046580384074
rfsim5g-oai-cuup	0.0017224615991063635
rfsim5g-oai-cuup	0.00023407519216874629
rfsim5g-oai-cuup	0.0009859111425005597
rfsim5g-oai-cuup	0.0006118926409252088
rfsim5g-oai-cuup	0.0008202464783829695
rfsim5g-oai-cuup	0.0014472071985573234
rfsim5g-oai-cuup	0.0000943056417260311
rfsim5g-oai-cuup	0.0011307682848469963
rfsim5g-oai-cuup	0.0013851744399884574
rfsim5g-oai-cuup	0.00021210331686338262
rfsim5g-oai-cuup	0.00007182427492069406
rfsim5g-oai-cuup	0.0003870544868255386
rfsim5g-oai-cuup	0.0007640501579168399
rfsim5g-oai-cuup	0.0002786244450825371
rfsim5g-oai-cuup	0.0012224287386532126
rfsim5g-oai-cuup	0.0008181477272726819
rfsim5g-oai-cuup	0.0006357983119395179
rfsim5g-oai-cuup	0.0006305922938279456
rfsim5g-oai-cuup	0.0005633868252153959
rfsim5g-oai-cuup	0.0008208774998349746
rfsim5g-oai-cuup	0.001287390513277505
rfsim5g-oai-cuup	0.0004563266451058514
rfsim5g-oai-cuup	0.0001898874001717004
rfsim5g-oai-cuup	0.00111769966781879
rfsim5g-oai-cuup	0.00021699218925351807
rfsim5g-oai-cuup	0.00029940674238006877
rfsim5g-oai-cuup	0.0011213958118237574
rfsim5g-oai-cuup	0.0001658352231604121
rfsim5g-oai-cuup	0.0002903179953943244
rfsim5g-oai-cuup	0.0007910072376356978
rfsim5g-oai-cuup	0.0014345428446101525
rfsim5g-oai-cuup	0.0005151802365093642
rfsim5g-oai-cuup	0.0007754687372570745
rfsim5g-oai-cuup	0.001270301436273878
rfsim5g-oai-cuup	0.000011512142630595015
rfsim5g-oai-cuup	0.0005459121533229419
rfsim5g-oai-cuup	0.0013681535845106465
rfsim5g-oai-cuup	0.0002193291252398205
rfsim5g-oai-cuup	0.0006081582940868427
rfsim5g-oai-cuup	0.0001559445953769889
rfsim5g-oai-cuup	0.0017898173740702801
rfsim5g-oai-cuup	0.00004333309580020339
rfsim5g-oai-cuup	0.001050260410635486
rfsim5g-oai-cuup	0.0011574142079572181
rfsim5g-oai-cuup	0.0010334586375220492
rfsim5g-oai-cuup	0.0005430722709404065
rfsim5g-oai-cuup	0.0001873322605728124
rfsim5g-oai-cuup	0.0018380253537092835
rfsim5g-oai-cuup	0.000509204486494809
rfsim5g-oai-cuup	0.0006393084301628256
rfsim5g-oai-cuup	0.0001514103246059201
rfsim5g-oai-cuup	0.0006065420431007577
rfsim5g-oai-cuup	0.0011478657176854888
rfsim5g-oai-cuup	0.000591413996738757
rfsim5g-oai-cuup	0.0006354445154467404
rfsim5g-oai-cuup	0.0011502412878357528
rfsim5g-oai-cuup	0.00025986384763624525
rfsim5g-oai-cuup	0.0002757200770888612
rfsim5g-oai-cuup	0.0016111629293730648
