Container	        CPU-usage(%)	Memory-usage(bytes)
rfsim5g-oai-du	0.0011409246164404	16130048.0
rfsim5g-oai-du	0.0002310413557971	16326656.0
rfsim5g-oai-du	0.0007087044211738	16338944.0
rfsim5g-oai-du	0.0014331870087892	16355328.0
rfsim5g-oai-du	0.0013286659158009	16367616.0
rfsim5g-oai-du	0.0009788791470749	16384000.0
rfsim5g-oai-du	0.0011615114926189	16396288.0
rfsim5g-oai-du	0.0016424212356478	16412672.0
rfsim5g-oai-du	0.0049524602452834	16424960.0
rfsim5g-oai-du	0.0044964124128281	16445440.0
rfsim5g-oai-du	0.0044310000218612	16453632.0
rfsim5g-oai-du	0.004425863651269	16474112.0
rfsim5g-oai-du	0.0048681957009386	16482304.0
rfsim5g-oai-du	0.0041579975608162	16498688.0
rfsim5g-oai-du	0.0060338684800836	16519168.0
rfsim5g-oai-du	0.0042854363525491	16527360.0
rfsim5g-oai-du	0.005575711899126	16543744.0
rfsim5g-oai-du	0.0050223391296431	16560128.0
rfsim5g-oai-du	0.0048065728787327	16572416.0
rfsim5g-oai-du	0.0046506782820466	16588800.0
rfsim5g-oai-du	0.0055875637552751	16601088.0
rfsim5g-oai-du	0.0044929681610287	16613376.0
rfsim5g-oai-du	0.0049947874014008	16629760.0
rfsim5g-oai-du	0.0047078693740471	16642048.0
rfsim5g-oai-du	0.0051513935669104	16658432.0
rfsim5g-oai-du	0.004361798954735	16674816.0
rfsim5g-oai-du	0.0051057507065631	16687104.0
rfsim5g-oai-du	0.0047286792427437	16699392.0
rfsim5g-oai-du	0.0049473421647385	16715776.0
rfsim5g-oai-du	0.0058699890129562	16728064.0
rfsim5g-oai-du	0.0045053753272617	16744448.0
rfsim5g-oai-du	0.0042476284320526	16760832.0
rfsim5g-oai-du	0.0062728765034874	16777216.0
rfsim5g-oai-du	0.0043882037184996	16785408.0
rfsim5g-oai-du	0.0043117365091018	16801792.0
rfsim5g-oai-du	0.0045055133127469	16814080.0
rfsim5g-oai-du	0.0045685533287363	16834560.0
rfsim5g-oai-du	0.004584257824143	16842752.0
rfsim5g-oai-du	0.0052272866294459	16859136.0
rfsim5g-oai-du	0.0049138800409279	16871424.0
rfsim5g-oai-du	0.00498519699391	16887808.0
rfsim5g-oai-du	0.0055572932233403	16900096.0
rfsim5g-oai-du	0.0038322700513972	16916480.0
rfsim5g-oai-du	0.0047353943549432	16932864.0
rfsim5g-oai-du	0.005169471209977	16945152.0
rfsim5g-oai-du	0.0057471435963205	17088512.0
rfsim5g-oai-du	0.0043664972802051	16977920.0
rfsim5g-oai-du	0.0057680104369361	16990208.0
rfsim5g-oai-du	0.0043461996669966	17010688.0
rfsim5g-oai-du	0.0046744522320223	17018880.0
rfsim5g-oai-du	0.0054510334128341	17035264.0
rfsim5g-oai-du	0.0057074280217802	17051648.0
rfsim5g-oai-du	0.0044567534002738	17063936.0
rfsim5g-oai-du	0.0055177118439068	17076224.0
rfsim5g-oai-du	0.0052327322911912	17092608.0
rfsim5g-oai-du	0.0051483117982656	17108992.0
rfsim5g-oai-du	0.0036467823879938	17125376.0
rfsim5g-oai-du	0.0053004036857205	17141760.0
rfsim5g-oai-du	0.0046512042595453	17149952.0
rfsim5g-oai-du	0.0056706952328404	17166336.0
rfsim5g-oai-du	0.0053146585678597	17178624.0
rfsim5g-oai-du	0.0049868221873411	17195008.0
rfsim5g-oai-du	0.0054420600888731	17207296.0
rfsim5g-oai-du	0.0049219261158888	17223680.0
rfsim5g-oai-du	0.0054331648795059	17235968.0
rfsim5g-oai-du	0.0046231609782196	17252352.0
rfsim5g-oai-du	0.0044694222083509	17264640.0
rfsim5g-oai-du	0.0056639703279309	17285120.0
rfsim5g-oai-du	0.0033534326979804	17293312.0
rfsim5g-oai-du	0.0066470280462899	17313792.0
rfsim5g-oai-du	0.0038416195597912	17321984.0
rfsim5g-oai-du	0.0049163734740185	17338368.0
rfsim5g-oai-du	0.0039749759217287	17350656.0
rfsim5g-oai-du	0.0046769991472746	17367040.0
rfsim5g-oai-du	0.0047467080088862	17379328.0
rfsim5g-oai-du	0.00508724522586	17395712.0
rfsim5g-oai-du	0.0050112621175504	17412096.0
rfsim5g-oai-du	0.0043192200538051	17428480.0
rfsim5g-oai-du	0.0040435318726916	17436672.0
rfsim5g-oai-du	0.004418745839223	17453056.0
rfsim5g-oai-du	0.0038193830907054	17465344.0
rfsim5g-oai-du	0.0041436123628219	17481728.0
rfsim5g-oai-du	0.0040096505711086	17494016.0
rfsim5g-oai-du	0.0051273267861142	17510400.0
rfsim5g-oai-du	0.0047689304281517	17526784.0
rfsim5g-oai-du	0.0040868179962769	17539072.0
rfsim5g-oai-du	0.0054655236952475	17559552.0
rfsim5g-oai-du	0.0047138387198062	17567744.0
rfsim5g-oai-du	0.0042778191884395	17584128.0
rfsim5g-oai-du	0.0052414935352541	17596416.0
rfsim5g-oai-du	0.0043942519908732	17612800.0
rfsim5g-oai-du	0.0060323805699713	17625088.0
rfsim5g-oai-du	0.0045215876715162	17641472.0
rfsim5g-oai-du	0.0047120624238663	17653760.0
rfsim5g-oai-du	0.0048072052448918	17670144.0
rfsim5g-oai-du	0.0045216616102415	17682432.0
rfsim5g-oai-du	0.0051557934236836	17698816.0
rfsim5g-oai-du	0.0048368534547878	17711104.0
rfsim5g-oai-du	0.0044589122195067	17731584.0
rfsim5g-oai-du	0.0036644858475894	17743872.0
rfsim5g-oai-du	0.0049485139329884	17756160.0
rfsim5g-oai-du	0.0058706732242378	17768448.0
rfsim5g-oai-du	0.0050079892310766	17784832.0
rfsim5g-oai-du	0.0043340375913137	17846272.0
rfsim5g-oai-du	0.006375294341894	17817600.0
rfsim5g-oai-du	0.0069499686329587	17825792.0
rfsim5g-oai-du	0.0053066192036739	17842176.0
rfsim5g-oai-du	0.0051394952291778	17854464.0
rfsim5g-oai-du	0.00604455030012	17870848.0
rfsim5g-oai-du	0.0057660126596092	17883136.0
rfsim5g-oai-du	0.0056889080650441	17899520.0
rfsim5g-oai-du	0.0053716442868056	17911808.0
rfsim5g-oai-du	0.0052169907961138	17928192.0
rfsim5g-oai-du	0.0050315149285253	17940480.0
rfsim5g-oai-du	0.0052355751539539	17956864.0
rfsim5g-oai-du	0.0048082636001867	17969152.0
rfsim5g-oai-du	0.0058983185102961	17989632.0
rfsim5g-oai-du	0.0048611160999479	18001920.0
rfsim5g-oai-du	0.0051680518315474	18014208.0
rfsim5g-oai-du	0.0053469354597557	18030592.0
rfsim5g-oai-du	0.005314619579687	18046976.0
rfsim5g-oai-du	0.0045453236366017	18059264.0
rfsim5g-oai-du	0.0059512349038692	18075648.0
rfsim5g-oai-du	0.0056784595290574	18092032.0
rfsim5g-oai-du	0.0053113200487103	18100224.0
rfsim5g-oai-du	0.0063008516993247	18116608.0
rfsim5g-oai-du	0.0050278936344514	18128896.0
rfsim5g-oai-du	0.0056677167718365	18149376.0
rfsim5g-oai-du	0.0048740656524168	18157568.0
rfsim5g-oai-du	0.0042765033351953	18178048.0
rfsim5g-oai-du	0.0058504148785857	18186240.0
rfsim5g-oai-du	0.0056647952880097	18202624.0
rfsim5g-oai-du	0.0046379841717546	18214912.0
rfsim5g-oai-du	0.0046249920692858	18231296.0
rfsim5g-oai-du	0.005055827216618	18243584.0
rfsim5g-oai-du	0.0051911788226705	18264064.0
rfsim5g-oai-du	0.0051543632963631	18276352.0
rfsim5g-oai-du	0.0044077968467887	18292736.0
rfsim5g-oai-du	0.0053469701444415	18305024.0
rfsim5g-oai-du	0.0057836564353881	18325504.0
rfsim5g-oai-du	0.0040197478032787	18333696.0
rfsim5g-oai-du	0.0057542658688524	18350080.0
rfsim5g-oai-du	0.0065150208196721	18362368.0
rfsim5g-oai-du	0.0039719679672131	18378752.0
rfsim5g-oai-du	0.0043373388036512	18395136.0
rfsim5g-oai-du	0.0038196341360782	18407424.0
rfsim5g-oai-du	0.0044325979154528	18419712.0
rfsim5g-oai-du	0.0050616177574933	18436096.0
rfsim5g-oai-du	0.0047115559305583	18452480.0
rfsim5g-oai-du	0.0047177405201508	18464768.0
rfsim5g-oai-du	0.0050052998257339	18481152.0
rfsim5g-oai-du	0.0046643156199677	18493440.0
rfsim5g-oai-du	0.0041191552903358	18518016.0
rfsim5g-oai-du	0.0048936529307161	18526208.0
rfsim5g-oai-du	0.0059133046645236	18538496.0
rfsim5g-oai-du	0.0053636144586553	18550784.0
rfsim5g-oai-du	0.0048566811755101	18571264.0
rfsim5g-oai-du	0.0044980584163265	18583552.0
rfsim5g-oai-du	0.0039305854367347	18595840.0
rfsim5g-oai-du	0.0066535120653061	18612224.0
rfsim5g-oai-du	0.0045217918141812	18624512.0
rfsim5g-oai-du	0.004502375641068	18636800.0
rfsim5g-oai-du	0.0040945476292889	18653184.0
rfsim5g-oai-du	0.0059125200013235	18665472.0
rfsim5g-oai-du	0.0043332246293054	18681856.0
rfsim5g-oai-du	0.0045499460717941	18694144.0
rfsim5g-oai-du	0.0036461666721706	18710528.0
rfsim5g-oai-du	0.0058141275717446	18726912.0
rfsim5g-oai-du	0.0037398868411512	18739200.0
rfsim5g-oai-du	0.004439931271982	18788352.0
rfsim5g-oai-du	0.0039297397910301	18804736.0
rfsim5g-oai-du	0.0045149466350237	18817024.0
rfsim5g-oai-du	0.0064704297899599	18833408.0
rfsim5g-oai-du	0.0040749375948215	18845696.0
rfsim5g-oai-du	0.0062144487711135	18866176.0
rfsim5g-oai-du	0.0047722756481575	18874368.0
rfsim5g-oai-du	0.0059753453335942	18894848.0
rfsim5g-oai-du	0.004844050544577	18911232.0
rfsim5g-oai-du	0.0050106402204396	18919424.0
rfsim5g-oai-du	0.0052358130828931	18931712.0
rfsim5g-oai-du	0.0061747370898468	18952192.0
rfsim5g-oai-du	0.0039599670298753	18968576.0
rfsim5g-oai-du	0.0035819745398868	18976768.0
rfsim5g-oai-du	0.0037638534627329	18997248.0
rfsim5g-oai-du	0.0053591328960103	19005440.0
rfsim5g-oai-du	0.0054005460157006	19021824.0
rfsim5g-oai-du	0.0056173088289063	19034112.0
rfsim5g-oai-du	0.0058000489084847	19050496.0
rfsim5g-oai-du	0.0048583868056325	19062784.0
rfsim5g-oai-du	0.005094267102783	19079168.0
rfsim5g-oai-du	0.0062012848652843	19091456.0
rfsim5g-oai-du	0.0050918486306686	19107840.0
rfsim5g-oai-du	0.0053017679311728	19120128.0
rfsim5g-oai-du	0.0049800472295279	19136512.0
rfsim5g-oai-du	0.0052145010698524	19148800.0
rfsim5g-oai-du	0.0042736816074532	19169280.0
rfsim5g-oai-du	0.0050026317424643	19181568.0
rfsim5g-oai-du	0.0050300611008284	19197952.0
rfsim5g-oai-du	0.0056263246738939	19210240.0
rfsim5g-oai-du	0.0059989828133262	19226624.0
rfsim5g-oai-du	0.0063067264219496	19238912.0
rfsim5g-oai-du	0.0055342239226653	19255296.0
rfsim5g-oai-du	0.0056832994737189	19267584.0
rfsim5g-oai-du	0.0044682728734062	19283968.0
rfsim5g-oai-du	0.0055695958875551	19296256.0
rfsim5g-oai-du	0.0044239584147117	19312640.0
rfsim5g-oai-du	0.0047464142728609	19324928.0
rfsim5g-oai-du	0.0068453353595646	19341312.0
rfsim5g-oai-du	0.0047333890019445	19357696.0
rfsim5g-oai-du	0.0034484126079681	19369984.0
rfsim5g-oai-du	0.0041166513815402	19386368.0
rfsim5g-oai-du	0.0052492901234567	19398656.0
rfsim5g-oai-du	0.0056423641506951	19410944.0
rfsim5g-oai-du	0.0042429431165299	19427328.0
rfsim5g-oai-du	0.0039117757554493	19439616.0
rfsim5g-oai-du	0.0050052346388316	19456000.0
rfsim5g-oai-du	0.0041709832095646	19476480.0
rfsim5g-oai-du	0.0048912472179272	19484672.0
rfsim5g-oai-du	0.0060580803588927	19496960.0
rfsim5g-oai-du	0.003722965678695	19513344.0
rfsim5g-oai-du	0.0058933770342758	19529728.0
rfsim5g-oai-du	0.0054239279025366	19546112.0
rfsim5g-oai-du	0.0051948017547049	19554304.0
rfsim5g-oai-du	0.0051186607418856	19574784.0
rfsim5g-oai-du	0.0058466170132826	19587072.0
rfsim5g-oai-du	0.0045072690123102	19603456.0
rfsim5g-oai-du	0.0048213898380003	19685376.0
rfsim5g-oai-du	0.0051893221650053	19632128.0
rfsim5g-oai-du	0.0049027662592224	19644416.0
rfsim5g-oai-du	0.0049369896927651	19660800.0
rfsim5g-oai-du	0.0047272140072679	19677184.0
rfsim5g-oai-du	0.0052858263627353	19685376.0
rfsim5g-oai-du	0.0058183462929681	19701760.0
rfsim5g-oai-du	0.0053939926746592	19714048.0
rfsim5g-oai-du	0.0048292410765066	19730432.0
rfsim5g-oai-du	0.0041162465136383	19742720.0
rfsim5g-oai-du	0.0055103322292594	19759104.0
rfsim5g-oai-du	0.0044476820043416	19771392.0
rfsim5g-oai-du	0.0049229020432826	19787776.0
rfsim5g-oai-du	0.006915563726697	19800064.0
rfsim5g-oai-du	0.005532635527623	19820544.0
rfsim5g-oai-du	0.0051019876845583	19832832.0
rfsim5g-oai-du	0.004915369671203	19845120.0
rfsim5g-oai-du	0.0062474636890871	19857408.0
rfsim5g-oai-du	0.0049838737071806	19873792.0
rfsim5g-oai-du	0.0051439776100742	19886080.0
rfsim5g-oai-du	0.00471491460005	19902464.0
rfsim5g-oai-du	0.0052097179096674	19914752.0
rfsim5g-oai-du	0.0052036609700767	19931136.0
rfsim5g-oai-du	0.0045290080587663	19947520.0
rfsim5g-oai-du	0.0055515473263475	19959808.0
rfsim5g-oai-du	0.0045911165820459	19972096.0
rfsim5g-oai-du	0.0046039756009884	19988480.0
rfsim5g-oai-du	0.0075372494270949	20004864.0
rfsim5g-oai-du	0.0048144721410918	20017152.0
rfsim5g-oai-du	0.0062899416760278	20033536.0
rfsim5g-oai-du	0.0058409697947992	20045824.0
rfsim5g-oai-du	0.005444543693614	20066304.0
rfsim5g-oai-du	0.0055760021448788	20074496.0
rfsim5g-oai-du	0.0045545361312577	20090880.0
rfsim5g-oai-du	0.0060710193456742	20103168.0
rfsim5g-oai-du	0.0047291782823386	20119552.0
rfsim5g-oai-du	0.0055062984149173	20131840.0
rfsim5g-oai-du	0.0048244195846767	20148224.0
rfsim5g-oai-du	0.0050781493030894	20193280.0
rfsim5g-oai-du	0.0048838635697797	20226048.0
rfsim5g-oai-du	0.0057259945623223	20189184.0
rfsim5g-oai-du	0.0047071973987926	20209664.0
rfsim5g-oai-du	0.0044743111015878	20217856.0
rfsim5g-oai-du	0.0054789097573078	20238336.0
rfsim5g-oai-du	0.0037217975911223	20250624.0
rfsim5g-oai-du	0.0055882037847347	20262912.0
rfsim5g-oai-du	0.0055175644163676	20275200.0
rfsim5g-oai-du	0.0041611237701129	20291584.0
rfsim5g-oai-du	0.0046888314146727	20303872.0
rfsim5g-oai-du	0.0046536949439809	20320256.0
rfsim5g-oai-du	0.0050862124293024	20332544.0
rfsim5g-oai-du	0.0065275693733728	20348928.0
rfsim5g-oai-du	0.0043267555660292	20365312.0
rfsim5g-oai-du	0.0050731336295897	20377600.0
rfsim5g-oai-du	0.0060964118035529	20389888.0
rfsim5g-oai-du	0.0044666909327052	20406272.0
rfsim5g-oai-du	0.0046883703084068	20426752.0
rfsim5g-oai-du	0.0045439330574328	20439040.0
rfsim5g-oai-du	0.0045402781001934	20459520.0
rfsim5g-oai-du	0.005210947879839	20467712.0
rfsim5g-oai-du	0.006068435238921	20484096.0
rfsim5g-oai-du	0.0043315005670068	20496384.0
rfsim5g-oai-du	0.0048444558577689	20512768.0
rfsim5g-oai-du	0.0055352577373152	20525056.0
rfsim5g-oai-du	0.0039816397686711	20541440.0
rfsim5g-oai-du	0.0045963214205033	20557824.0
rfsim5g-oai-du	0.0036753243790835	20570112.0
rfsim5g-oai-du	0.005717522503244	20582400.0
rfsim5g-oai-du	0.0043789305893869	20598784.0
rfsim5g-oai-du	0.0037423575249846	20611072.0
rfsim5g-oai-du	0.003620949547417	20627456.0
rfsim5g-oai-du	0.0044849442435399	20639744.0
rfsim5g-oai-du	0.0052833758739343	20656128.0
rfsim5g-oai-du	0.0045668837530409	20668416.0
rfsim5g-oai-du	0.0035790910095384	20688896.0
rfsim5g-oai-du	0.0044071853338444	20697088.0
rfsim5g-oai-du	0.0056502466683202	20717568.0
rfsim5g-oai-du	0.0045969715651565	20725760.0
rfsim5g-oai-du	0.0051447520509894	20742144.0
rfsim5g-oai-du	0.0035252419844534	20754432.0
rfsim5g-oai-du	0.0048336487586399	20770816.0
rfsim5g-oai-du	0.0040858466010636	20787200.0
rfsim5g-oai-du	0.003579396866103	20799488.0
rfsim5g-oai-du	0.0040556130658726	20815872.0
rfsim5g-oai-du	0.0043528074239888	20828160.0
rfsim5g-oai-du	0.0047574220546366	20840448.0
rfsim5g-oai-du	0.0051458814444697	20856832.0
rfsim5g-oai-du	0.0048476510788098	20873216.0
rfsim5g-oai-du	0.0050377979105154	20885504.0
rfsim5g-oai-du	0.0039814441290029	20901888.0
rfsim5g-oai-du	0.0050485831060253	20914176.0
rfsim5g-oai-du	0.0045896182334286	20930560.0
rfsim5g-oai-du	0.0048442463797041	20946944.0
rfsim5g-oai-du	0.0051183726964273	20959232.0
rfsim5g-oai-du	0.0047431485029396	20971520.0
rfsim5g-oai-du	0.0045887170226772	20992000.0
rfsim5g-oai-du	0.004517201280276	21000192.0
rfsim5g-oai-du	0.0042999492202574	21020672.0
rfsim5g-oai-du	0.0036988292633657	21028864.0
rfsim5g-oai-du	0.0059880418593168	21049344.0
rfsim5g-oai-du	0.0047939341697714	21057536.0
rfsim5g-oai-du	0.0050968928491269	21073920.0
rfsim5g-oai-du	0.0051202252179067	21086208.0
rfsim5g-oai-du	0.0060629667157002	21106688.0
rfsim5g-oai-du	0.0043522905130963	21114880.0
rfsim5g-oai-du	0.0047286715041604	21131264.0
rfsim5g-oai-du	0.0049744948421029	21143552.0
rfsim5g-oai-du	0.0052627644974154	21159936.0
rfsim5g-oai-du	0.0070441213065167	21172224.0
rfsim5g-oai-du	0.0046318784451818	21188608.0
rfsim5g-oai-du	0.0051539994948608	21200896.0
rfsim5g-oai-du	0.0042909217912676	21217280.0
rfsim5g-oai-du	0.0055468808091013	21229568.0
rfsim5g-oai-du	0.0048428701792146	21245952.0
rfsim5g-oai-du	0.0035986262036064	21278720.0
rfsim5g-oai-du	0.0040522288602941	21286912.0
rfsim5g-oai-du	0.0043505778186274	21286912.0
rfsim5g-oai-du	0.0040762762605041	21303296.0
rfsim5g-oai-du	0.0038568283701143	21315584.0
rfsim5g-oai-du	0.004649929650802	21331968.0
rfsim5g-oai-du	0.004828603651511	21344256.0
rfsim5g-oai-du	0.0060413162501107	21360640.0
rfsim5g-oai-du	0.0045892252383153	21377024.0
rfsim5g-oai-du	0.0050207236201924	21389312.0
rfsim5g-oai-du	0.0058049903573079	21409792.0
rfsim5g-oai-du	0.0036987324483191	21417984.0
rfsim5g-oai-du	0.0039770128633216	21434368.0
rfsim5g-oai-du	0.0039745870067006	21446656.0
rfsim5g-oai-du	0.0056487609752818	21463040.0
rfsim5g-oai-du	0.0051726229971091	21483520.0
rfsim5g-oai-du	0.003473956689783	21495808.0
rfsim5g-oai-du	0.0047881046424312	21508096.0
rfsim5g-oai-du	0.0041308896594372	21524480.0
rfsim5g-oai-du	0.0063610237201289	21536768.0
rfsim5g-oai-du	0.0038938718927958	21553152.0
rfsim5g-oai-du	0.0040945080900297	21569536.0
rfsim5g-oai-du	0.0053827301590888	21581824.0
rfsim5g-oai-du	0.0051575151179607	21594112.0
rfsim5g-oai-du	0.0065485854081836	21610496.0
rfsim5g-oai-du	0.0059625116925884	21622784.0
rfsim5g-oai-du	0.0041071286518478	21639168.0
rfsim5g-oai-du	0.0044417467458781	21651456.0
rfsim5g-oai-du	0.0040074812406203	21667840.0
rfsim5g-oai-du	0.0050357373686843	21680128.0
rfsim5g-oai-du	0.0048345936228984	21696512.0
rfsim5g-oai-du	0.0042863690758422	21708800.0
rfsim5g-oai-du	0.003739492164727	21729280.0
rfsim5g-oai-du	0.0052445283713591	21737472.0
rfsim5g-oai-du	0.0050081780086352	21753856.0
rfsim5g-oai-du	0.003751127030048	21766144.0
rfsim5g-oai-du	0.0038164871488619	21782528.0
rfsim5g-oai-du	0.004790777499598	21794816.0
rfsim5g-oai-du	0.0042287214782828	21811200.0
rfsim5g-oai-du	0.0041983267335829	21823488.0
rfsim5g-oai-du	0.0036880196177726	21839872.0
rfsim5g-oai-du	0.0048602413360342	21852160.0
rfsim5g-oai-du	0.0034276590118455	21868544.0
rfsim5g-oai-du	0.0043440426923246	21884928.0
rfsim5g-oai-du	0.0041054876283379	21897216.0
rfsim5g-oai-du	0.0042585453998797	21909504.0
rfsim5g-oai-du	0.0039043745350883	21925888.0
rfsim5g-oai-du	0.0055078426092959	21938176.0
rfsim5g-oai-du	0.0063245596708721	21958656.0
rfsim5g-oai-du	0.0038480457487657	21970944.0
rfsim5g-oai-du	0.0050695559626989	21983232.0
rfsim5g-oai-du	0.0037399650685683	21999616.0
rfsim5g-oai-du	0.0037833932635102	22011904.0
rfsim5g-oai-du	0.0060793674304974	22032384.0
rfsim5g-oai-du	0.0047621280792634	22040576.0
rfsim5g-oai-du	0.0047638460877236	22056960.0
rfsim5g-oai-du	0.0037942173403502	22069248.0
rfsim5g-oai-du	0.0060878109410931	22085632.0
rfsim5g-oai-du	0.0038522702326198	22102016.0
rfsim5g-oai-du	0.0055028676808774	22114304.0
rfsim5g-oai-du	0.0041512606085832	22126592.0
rfsim5g-oai-du	0.0050316481258352	22142976.0
rfsim5g-oai-du	0.0057645838937936	22155264.0
rfsim5g-oai-du	0.0057811918636492	22171648.0
rfsim5g-oai-du	0.0048229451945283	22183936.0
rfsim5g-oai-du	0.0058897620580919	22200320.0
rfsim5g-oai-du	0.0053615912906377	22216704.0
rfsim5g-oai-du	0.0054728087582164	22233088.0
rfsim5g-oai-du	0.005337039718172	22245376.0
rfsim5g-oai-du	0.0052426602729373	22257664.0
rfsim5g-oai-du	0.0053011763202346	22269952.0
rfsim5g-oai-du	0.0055861626733641	22286336.0
rfsim5g-oai-du	0.0058419234030401	22302720.0
rfsim5g-oai-du	0.0065210622528775	22315008.0
rfsim5g-oai-du	0.0044886547315701	22327296.0
rfsim5g-oai-du	0.0051323072884632	22343680.0
rfsim5g-oai-du	0.0053270433272515	22360064.0
rfsim5g-oai-du	0.0050183939460552	22376448.0
rfsim5g-oai-du	0.0039423094678067	22384640.0
rfsim5g-oai-du	0.0053477675584181	22405120.0
rfsim5g-oai-du	0.0054313590542766	22417408.0
rfsim5g-oai-du	0.0044750179883342	22433792.0
rfsim5g-oai-du	0.004824121354468	22446080.0
rfsim5g-oai-du	0.0042075978004363	22458368.0
rfsim5g-oai-du	0.0038276968287145	22474752.0
rfsim5g-oai-du	0.0049618821162879	22487040.0
rfsim5g-oai-du	0.0057882516350886	22503424.0
rfsim5g-oai-du	0.0045574974715123	22577152.0
rfsim5g-oai-du	0.0055848048595292	22536192.0
rfsim5g-oai-du	0.0054335395283397	22548480.0
rfsim5g-oai-du	0.0059156737237035	22564864.0
rfsim5g-oai-du	0.0041611061458751	22577152.0
rfsim5g-oai-du	0.0048619158374699	22593536.0
rfsim5g-oai-du	0.004245616540509	22605824.0
rfsim5g-oai-du	0.0039263448484984	22626304.0
rfsim5g-oai-du	0.0053954786505245	22634496.0
rfsim5g-oai-du	0.0048317151911446	22650880.0
rfsim5g-oai-du	0.005641450065835	22667264.0
rfsim5g-oai-du	0.0044023937601822	22683648.0
rfsim5g-oai-du	0.0045760924144704	22691840.0
rfsim5g-oai-du	0.005290252594852	22708224.0
rfsim5g-oai-du	0.0051283325579864	22720512.0
rfsim5g-oai-du	0.0047738290360096	22740992.0
rfsim5g-oai-du	0.0045162480524895	22753280.0
rfsim5g-oai-du	0.0043875728355074	22765568.0
rfsim5g-oai-du	0.0062305562680557	22810624.0
rfsim5g-oai-du	0.0052837360150572	22798336.0
rfsim5g-oai-du	0.004854377768537	22806528.0
rfsim5g-oai-du	0.0067643235905832	22822912.0
rfsim5g-oai-du	0.0052384651296573	22835200.0
rfsim5g-oai-du	0.005625655146473	22851584.0
rfsim5g-oai-du	0.0047824510133641	22863872.0
rfsim5g-oai-du	0.0044328065383495	22884352.0
rfsim5g-oai-du	0.0052321570503483	22896640.0
rfsim5g-oai-du	0.0055595343610657	22908928.0
rfsim5g-oai-du	0.0047911205270117	22925312.0
rfsim5g-oai-du	0.0047811186386476	22937600.0
rfsim5g-oai-du	0.0050180002055732	22953984.0
rfsim5g-oai-du	0.0047158251713109	22966272.0
rfsim5g-oai-du	0.0044839814527182	22982656.0
rfsim5g-oai-du	0.0059091317070971	22994944.0
rfsim5g-oai-du	0.0044929605239427	23015424.0
rfsim5g-oai-du	0.005457432726125	23023616.0
rfsim5g-oai-du	0.0050418597483992	23040000.0
rfsim5g-oai-du	0.0046896866145578	23052288.0
rfsim5g-oai-du	0.0055914599413777	23068672.0
rfsim5g-oai-du	0.0045377048674334	23080960.0
rfsim5g-oai-du	0.0052789604743083	23097344.0
rfsim5g-oai-du	0.0046978410390531	23109632.0
rfsim5g-oai-du	0.0057229698346556	23126016.0
rfsim5g-oai-du	0.004662869852387	23138304.0
rfsim5g-oai-du	0.005132643290926	23154688.0
rfsim5g-oai-du	0.0058475861268062	23171072.0
rfsim5g-oai-du	0.0045142110235165	23183360.0
rfsim5g-oai-du	0.0049938699555574	23195648.0
rfsim5g-oai-du	0.0046814234316726	23212032.0
rfsim5g-oai-du	0.005964660161744	23224320.0
rfsim5g-oai-du	0.0066414180951125	23240704.0
rfsim5g-oai-du	0.0056735441939169	23252992.0
rfsim5g-oai-du	0.005921475364803	23269376.0
rfsim5g-oai-du	0.0050298477022911	23281664.0
rfsim5g-oai-du	0.0054619366309099	23298048.0
rfsim5g-oai-du	0.0062248970335053	23310336.0
rfsim5g-oai-du	0.0067001470445415	23326720.0
rfsim5g-oai-du	0.004382688520455	23343104.0
rfsim5g-oai-du	0.0060554481975784	23400448.0
rfsim5g-oai-du	0.005873241790497	23367680.0
rfsim5g-oai-du	0.004652601357549	23384064.0
rfsim5g-oai-du	0.0049367975041152	23400448.0
rfsim5g-oai-du	0.0050056071762245	23412736.0
rfsim5g-oai-du	0.0043714458335186	23429120.0
rfsim5g-oai-du	0.005501175712951	23441408.0
rfsim5g-oai-du	0.0044620956780595	23457792.0
rfsim5g-oai-du	0.0040803142447629	23470080.0
rfsim5g-oai-du	0.0043759052260198	23486464.0
rfsim5g-oai-du	0.0057389737155459	23498752.0
rfsim5g-oai-du	0.005246719588265	23515136.0
rfsim5g-oai-du	0.0044557446273886	23531520.0
rfsim5g-oai-du	0.004679835129714	23543808.0
rfsim5g-oai-du	0.003970728999978	23556096.0
rfsim5g-oai-du	0.0043829334404199	23572480.0
rfsim5g-oai-du	0.0058139822854686	23584768.0
rfsim5g-oai-du	0.003875003506708	23605248.0
rfsim5g-oai-du	0.0060235821361507	23617536.0
rfsim5g-oai-du	0.0056498086126516	23629824.0
rfsim5g-oai-du	0.0051549617313684	23642112.0
rfsim5g-oai-du	0.0053261252789501	23658496.0
rfsim5g-oai-du	0.0051974111447447	23670784.0
rfsim5g-oai-du	0.0048123266478256	23687168.0
rfsim5g-oai-du	0.0040785107120066	23699456.0
rfsim5g-oai-du	0.0043654779150332	23719936.0
rfsim5g-oai-du	0.0057760231789588	23728128.0
rfsim5g-oai-du	0.0053642108126564	23744512.0
rfsim5g-oai-du	0.0053242485089916	23756800.0
rfsim5g-oai-du	0.0040577539267015	23773184.0
rfsim5g-oai-du	0.0048358361711815	23785472.0
rfsim5g-oai-du	0.0045844415058908	23805952.0
rfsim5g-oai-du	0.0053531143949385	23822336.0
rfsim5g-oai-du	0.0049226644832443	23834624.0
rfsim5g-oai-du	0.005220910688337	23846912.0
rfsim5g-oai-du	0.005520763631943	23863296.0
rfsim5g-oai-du	0.0045664214353602	23879680.0
rfsim5g-oai-du	0.0058535555334527	23891968.0
rfsim5g-oai-du	0.0051659116327386	23904256.0
rfsim5g-oai-du	0.0043576690951349	23920640.0
rfsim5g-oai-du	0.0052181649272576	23932928.0
rfsim5g-oai-du	0.0051759631930632	23949312.0
rfsim5g-oai-du	0.0051126032806668	23965696.0
rfsim5g-oai-du	0.0052378273371583	23982080.0
rfsim5g-oai-du	0.0042403097086286	23994368.0
rfsim5g-oai-du	0.0055418367420406	24006656.0
rfsim5g-oai-du	0.004748585037687	24027136.0
rfsim5g-oai-du	0.0045899758415666	24035328.0
rfsim5g-oai-du	0.0046871063810977	24051712.0
rfsim5g-oai-du	0.004462758990341	24064000.0
rfsim5g-oai-du	0.0057219857215481	24080384.0
rfsim5g-oai-du	0.0051662197969655	24096768.0
rfsim5g-oai-du	0.0048838822356183	24109056.0
rfsim5g-oai-du	0.0048456412388229	24121344.0
rfsim5g-oai-du	0.005007862828586	24137728.0
rfsim5g-oai-du	0.0047907451568833	24150016.0
rfsim5g-oai-du	0.0053506565810396	24166400.0
rfsim5g-oai-du	0.0045929038319411	24178688.0
rfsim5g-oai-du	0.0056609419049965	24195072.0
rfsim5g-oai-du	0.0046222270507257	24207360.0
rfsim5g-oai-du	0.0040572168737648	24227840.0
rfsim5g-oai-du	0.0047003460166738	24240128.0
rfsim5g-oai-du	0.0058238689489106	24252416.0
rfsim5g-oai-du	0.0064700927530253	24264704.0
rfsim5g-oai-du	0.0047195084112577	24281088.0
rfsim5g-oai-du	0.0054916628850385	24293376.0
rfsim5g-oai-du	0.0056107429867987	24313856.0
rfsim5g-oai-du	0.0041335551630436	24354816.0
rfsim5g-oai-du	0.0053589922554348	24338432.0
rfsim5g-oai-du	0.0045243022644926	24350720.0
rfsim5g-oai-du	0.0060259723731884	24367104.0
rfsim5g-oai-du	0.0052095936495439	24379392.0
rfsim5g-oai-du	0.0042022919591505	24395776.0
rfsim5g-oai-du	0.0050714162347743	24412160.0
rfsim5g-oai-du	0.0043571468433598	24424448.0
rfsim5g-oai-du	0.0052778038036267	24440832.0
rfsim5g-oai-du	0.0046640376382131	24453120.0
rfsim5g-oai-du	0.0049867571428571	24473600.0
rfsim5g-oai-du	0.0043328012826183	24485888.0
rfsim5g-oai-du	0.004177391342049	24498176.0
rfsim5g-oai-du	0.0042033309098186	24510464.0
rfsim5g-oai-du	0.005563468783351	24530944.0
rfsim5g-oai-du	0.0049157004180006	24539136.0
rfsim5g-oai-du	0.00456652315067	24555520.0
rfsim5g-oai-du	0.0052552020481534	24567808.0
rfsim5g-oai-du	0.0049324929948796	24584192.0
rfsim5g-oai-du	0.0042020047063951	24596480.0
rfsim5g-oai-du	0.0048555588429098	26714112.0
rfsim5g-oai-du	0.0045106731022668	24629248.0
rfsim5g-oai-du	0.0056014943551221	24653824.0
rfsim5g-oai-du	0.0043844545334739	24662016.0
rfsim5g-oai-du	0.0048957730235893	24678400.0
rfsim5g-oai-du	0.004483957929165	24686592.0
rfsim5g-oai-du	0.0046051287439234	24702976.0
rfsim5g-oai-du	0.0049330332220703	24715264.0
rfsim5g-oai-du	0.0042018589672279	24731648.0
rfsim5g-oai-du	0.0038384156673414	24743936.0
rfsim5g-oai-du	0.0045284437671034	24764416.0
rfsim5g-oai-du	0.0055131443477874	24772608.0
rfsim5g-oai-du	0.0055414609155547	24793088.0
rfsim5g-oai-du	0.0050300651553721	24805376.0
rfsim5g-oai-du	0.0045219371049858	24817664.0
rfsim5g-oai-du	0.0045188650149228	24834048.0
rfsim5g-oai-du	0.0049204374035756	24850432.0
rfsim5g-oai-du	0.0046542342090935	24858624.0
rfsim5g-oai-du	0.0051136579317542	24875008.0
rfsim5g-oai-du	0.0047130950630729	24891392.0
rfsim5g-oai-du	0.0052570788636465	24903680.0
rfsim5g-oai-du	0.0053370518214813	24920064.0
rfsim5g-oai-du	0.0052215127481291	24932352.0
rfsim5g-oai-du	0.0041294924721064	24948736.0
rfsim5g-oai-du	0.0045059912919215	24961024.0
rfsim5g-oai-du	0.005489264792569	24977408.0
rfsim5g-oai-du	0.0044408635511097	24989696.0
rfsim5g-oai-du	0.0057585206537757	25006080.0
rfsim5g-oai-du	0.0064536872578173	
rfsim5g-oai-du	0.0044032432414166	
rfsim5g-oai-du	0.0050201979814365	
rfsim5g-oai-du	0.0037438162791745	
rfsim5g-oai-du	0.0046708832413656	
rfsim5g-oai-du	0.004966246597929	
rfsim5g-oai-du	0.0051837145777913	
rfsim5g-oai-du	0.0050477357706597	
rfsim5g-oai-du	0.0057736060229467	
rfsim5g-oai-du	0.0039469879052839	
rfsim5g-oai-du	0.0045932033465745	
rfsim5g-oai-du	0.004881016089301	
rfsim5g-oai-du	0.0049202391531743	
rfsim5g-oai-du	0.0056073651991995	
rfsim5g-oai-du	0.0045053870975076	
rfsim5g-oai-du	0.0040303079634346	
rfsim5g-oai-du	0.0044416430278884	
rfsim5g-oai-du	0.0044667325586543	
rfsim5g-oai-du	0.0045421237051791	
rfsim5g-oai-du	0.0047591056440902	
rfsim5g-oai-du	0.0051514640758335	
rfsim5g-oai-du	0.0055056867583814	
rfsim5g-oai-du	0.0050977586292302	
rfsim5g-oai-du	0.0043743523517887	
rfsim5g-oai-du	0.0052800822882586	
rfsim5g-oai-du	0.004341318725009	
rfsim5g-oai-du	0.0054767475690657	
rfsim5g-oai-du	0.004965983937659	
rfsim5g-oai-du	0.0044068890669241	
rfsim5g-oai-du	0.0049276674641673	
rfsim5g-oai-du	0.0045305142562391	
rfsim5g-oai-du	0.0050725739370925	
rfsim5g-oai-du	0.0051172275096651	
rfsim5g-oai-du	0.005390116067938	
rfsim5g-oai-du	0.004248405303853	
rfsim5g-oai-du	0.0045350924156205	
rfsim5g-oai-du	0.0050906732441251	
rfsim5g-oai-du	0.0040550952891964	
rfsim5g-oai-du	0.0042574407262215	
rfsim5g-oai-du	0.00427269792602	
rfsim5g-oai-du	0.0042988571017381	
rfsim5g-oai-du	0.0056323455773276	
rfsim5g-oai-du	0.0052405460201482	
rfsim5g-oai-du	0.0050387893723015	
rfsim5g-oai-du	0.0051661897919936	
rfsim5g-oai-du	0.0053977184951037	
rfsim5g-oai-du	0.005564088330865	
rfsim5g-oai-du	0.0048426518932777	
rfsim5g-oai-du	0.0052639860926565	
rfsim5g-oai-du	0.0042293633404197	
rfsim5g-oai-du	0.0048741702320844	
rfsim5g-oai-du	0.0048687441978918	
rfsim5g-oai-du	0.0053497105357703	
rfsim5g-oai-du	0.0052247395248574	
rfsim5g-oai-du	0.0048898508106165	
rfsim5g-oai-du	0.0041844405173575	
rfsim5g-oai-du	0.0049899374442825	
rfsim5g-oai-du	0.0054440320932356	
rfsim5g-oai-du	0.0057487538431431	
rfsim5g-oai-du	0.0058140811680545	
rfsim5g-oai-du	0.0076216436895165	
rfsim5g-oai-du	0.0072681755618923	
rfsim5g-oai-du	0.0060955796977792	
rfsim5g-oai-du	0.0064743461167119	
rfsim5g-oai-du	0.007646436523282	
rfsim5g-oai-du	0.005682524806078	
rfsim5g-oai-du	0.0066876118832601	
rfsim5g-oai-du	0.0055111374627511	
rfsim5g-oai-du	0.0052427093464197	
rfsim5g-oai-du	0.0065317524648673	
rfsim5g-oai-du	0.0052683321213473	
rfsim5g-oai-du	0.007205195828686	
rfsim5g-oai-du	0.0051668610033504	
rfsim5g-oai-du	0.0052787222491623	
rfsim5g-oai-du	0.0062789056162934	
rfsim5g-oai-du	0.0048648478002116	
rfsim5g-oai-du	0.0054046803980712	
rfsim5g-oai-du	0.0044823714744929	
rfsim5g-oai-du	0.0044752033950549	
rfsim5g-oai-du	0.0047998528149011	
rfsim5g-oai-du	0.0041138653723672	
rfsim5g-oai-du	0.0047934401203521	
rfsim5g-oai-du	0.0048783862034129	
rfsim5g-oai-du	0.0064178625172951	
rfsim5g-oai-du	0.0042692137295443	
rfsim5g-oai-du	0.0059362281145521	
rfsim5g-oai-du	0.0045409454733415	
rfsim5g-oai-du	0.0040740121854653	
rfsim5g-oai-du	0.0045480003993078	
rfsim5g-oai-du	0.0044229722037356	
rfsim5g-oai-du	0.0046781342118105	
rfsim5g-oai-du	0.0054851122055104	
rfsim5g-oai-du	0.0047010956076363	
rfsim5g-oai-du	0.0050421980222168	
rfsim5g-oai-du	0.0045222410811289	
rfsim5g-oai-du	0.0051849988470322	
rfsim5g-oai-du	0.004616785394314	
rfsim5g-oai-du	0.0052295894718441	
rfsim5g-oai-du	0.0052652989314511	
rfsim5g-oai-du	0.0046650356182942	
rfsim5g-oai-du	0.0051559830807191	
rfsim5g-oai-du	0.0041287307234753	
rfsim5g-oai-du	0.0041441513041946	
rfsim5g-oai-du	0.0048935915139231	
rfsim5g-oai-du	0.0044026924056678	
rfsim5g-oai-du	0.0039149053835832	
rfsim5g-oai-du	0.0043056465303523	
rfsim5g-oai-du	0.0061069943139173	
rfsim5g-oai-du	0.0047541597023718	
rfsim5g-oai-du	0.0041454459621636	
rfsim5g-oai-du	0.0049959323136004	
rfsim5g-oai-du	0.004838621920618	
rfsim5g-oai-du	0.0046118406089146	
rfsim5g-oai-du	0.0042096178293724	
rfsim5g-oai-du	0.0043429285291862	
rfsim5g-oai-du	0.0064291437739567	
rfsim5g-oai-du	0.0048164297351015	
rfsim5g-oai-du	0.004702534293441	
rfsim5g-oai-du	0.0047140149881072	
rfsim5g-oai-du	0.0042730772865009	
rfsim5g-oai-du	0.0053916007554681	
rfsim5g-oai-du	0.0045429731740969	
rfsim5g-oai-du	0.0046841985252538	
rfsim5g-oai-du	0.0054103061002916	
rfsim5g-oai-du	0.0044980663031969	
rfsim5g-oai-du	0.0050885893166917	
rfsim5g-oai-du	0.0047705060040102	
rfsim5g-oai-du	0.0053331489174758	
rfsim5g-oai-du	0.0045901219608489	
rfsim5g-oai-du	0.0048784988320449	
rfsim5g-oai-du	0.0047960245106101	
rfsim5g-oai-du	0.0051478993255468	
rfsim5g-oai-du	0.005703472873666	
rfsim5g-oai-du	0.0054147577480989	
rfsim5g-oai-du	0.0051831791168765	
rfsim5g-oai-du	0.005842669244041	
rfsim5g-oai-du	0.0041378546619168	
rfsim5g-oai-du	0.004263644481743	
rfsim5g-oai-du	0.005305429403302	
rfsim5g-oai-du	0.0042597526204015	
rfsim5g-oai-du	0.0043688022563033	
rfsim5g-oai-du	0.0047486809913235	
rfsim5g-oai-du	0.0054436425707359	
rfsim5g-oai-du	0.0038211683845683	
rfsim5g-oai-du	0.0042879853998252	
rfsim5g-oai-du	0.0042606156705555	
rfsim5g-oai-du	0.0052012488971492	
rfsim5g-oai-du	0.0046918511543542	
rfsim5g-oai-du	0.0057320146036862	
rfsim5g-oai-du	0.0053785260684192	
rfsim5g-oai-du	0.0068576475643738	
rfsim5g-oai-du	0.0049715313727465	
rfsim5g-oai-du	0.0040640438206094	
rfsim5g-oai-du	0.0044176527216704	
rfsim5g-oai-du	0.0044035636425881	
rfsim5g-oai-du	0.0065229570694968	
rfsim5g-oai-du	0.0042248906969097	
rfsim5g-oai-du	0.004043242209073	
rfsim5g-oai-du	0.0066980058842867	
rfsim5g-oai-du	0.0043642505588427	
rfsim5g-oai-du	0.0040838084956476	
rfsim5g-oai-du	0.0047218971340258	
rfsim5g-oai-du	0.0043600439782722	
rfsim5g-oai-du	0.0052221676174457	
rfsim5g-oai-du	0.0042472067325163	
rfsim5g-oai-du	0.0034947679297017	
rfsim5g-oai-du	0.006450665587526	
rfsim5g-oai-du	0.0050282266195368	
rfsim5g-oai-du	0.0045401207133497	
rfsim5g-oai-du	0.0042507134456199	
rfsim5g-oai-du	0.0049842565118733	
rfsim5g-oai-du	0.0051609195883535	
rfsim5g-oai-du	0.0059033318346201	
rfsim5g-oai-du	0.0060774869188414	
rfsim5g-oai-du	0.0045889866419052	
rfsim5g-oai-du	0.0053714054018832	
rfsim5g-oai-du	0.0041043612935627	
rfsim5g-oai-du	0.0036653261498207	
rfsim5g-oai-du	0.0040350743761271	
rfsim5g-oai-du	0.0044924175131929	
rfsim5g-oai-du	0.0045395952054189	
rfsim5g-oai-du	0.0053651863157428	
rfsim5g-oai-du	0.0050569884230563	
rfsim5g-oai-du	0.0046227732202938	
rfsim5g-oai-du	0.0042455710536849	
rfsim5g-oai-du	0.0051338155495263	
rfsim5g-oai-du	0.0049418399234977	
rfsim5g-oai-du	0.0058895563759284	
rfsim5g-oai-du	0.0054268887599063	
rfsim5g-oai-du	0.0040471757785466	
rfsim5g-oai-du	0.0052170377943967	
rfsim5g-oai-du	0.0043139700636231	
rfsim5g-oai-du	0.0050925200651126	
rfsim5g-oai-du	0.0047509129569759	
rfsim5g-oai-du	0.0046288960005425	
rfsim5g-oai-du	0.0042821439714227	
rfsim5g-oai-du	0.0040197336010104	
rfsim5g-oai-du	0.0050295081656589	
rfsim5g-oai-du	0.0040990091807271	
rfsim5g-oai-du	0.0047279078994856	
rfsim5g-oai-du	0.0044924409096129	
rfsim5g-oai-du	0.0040719843574136	
rfsim5g-oai-du	0.0043956860916503	
rfsim5g-oai-du	0.0048829985528884	
rfsim5g-oai-du	0.004522189866509	
rfsim5g-oai-du	0.0047389097628089	
rfsim5g-oai-du	0.0035622592727356	
rfsim5g-oai-du	0.0048774296272712	
rfsim5g-oai-du	0.0058013720960699	
rfsim5g-oai-du	0.004517746441048	
rfsim5g-oai-du	0.0049364019650655	
rfsim5g-oai-du	0.0043857419650655	
rfsim5g-oai-du	0.0049618151144737	
rfsim5g-oai-du	0.0037140372832432	
rfsim5g-oai-du	0.005976265159301	
rfsim5g-oai-du	0.0043229565939952	
rfsim5g-oai-du	0.0051437612631863	
rfsim5g-oai-du	0.0043845325580872	
rfsim5g-oai-du	0.0052124835016532	
rfsim5g-oai-du	0.0048574819046762	
rfsim5g-oai-du	0.0039398990608801	
rfsim5g-oai-du	0.0055092449085822	
rfsim5g-oai-du	0.0042963682954866	
rfsim5g-oai-du	0.0055090131650291	
rfsim5g-oai-du	0.0061549806326809	
rfsim5g-oai-du	0.0051700981338188	
rfsim5g-oai-du	0.0043048701411015	
rfsim5g-oai-du	0.004167868479745	
rfsim5g-oai-du	0.0039348873973503	
rfsim5g-oai-du	0.0041692995510784	
rfsim5g-oai-du	0.0042773044125697	
rfsim5g-oai-du	0.0060597283696486	
rfsim5g-oai-du	0.0047388328409923	
rfsim5g-oai-du	0.0047903289429847	
rfsim5g-oai-du	0.0043536482686627	
rfsim5g-oai-du	0.0047904602314372	
rfsim5g-oai-du	0.0042785448399983	
rfsim5g-oai-du	0.0044646268601026	
rfsim5g-oai-du	0.0051486790307712	
rfsim5g-oai-du	0.0052830210482418	
rfsim5g-oai-du	0.0043805136424259	
rfsim5g-oai-du	0.005354848068359	
rfsim5g-oai-du	0.0048483535728011	
rfsim5g-oai-du	0.0050402676944638	
rfsim5g-oai-du	0.0042593902728081	
rfsim5g-oai-du	0.0052623671855413	
rfsim5g-oai-du	0.0040250515304145	
rfsim5g-oai-du	0.0065592725117944	
rfsim5g-oai-du	0.0049223934699501	
rfsim5g-oai-du	0.0040052998088549	
rfsim5g-oai-du	0.0055112296408249	
rfsim5g-oai-du	0.0040493822457325	
rfsim5g-oai-du	0.0037472022559315	
rfsim5g-oai-du	0.0044087798979567	
rfsim5g-oai-du	0.0046431156794105	
rfsim5g-oai-du	0.0048746936646302	
rfsim5g-oai-du	0.0043049515702442	
rfsim5g-oai-du	0.0038016075389504	
rfsim5g-oai-du	0.0053442005200809	
rfsim5g-oai-du	0.004574822594626	
rfsim5g-oai-du	0.0037823311444442	
rfsim5g-oai-du	0.0049205355657003	
rfsim5g-oai-du	0.0048683419839432	
rfsim5g-oai-du	0.0045244243371488	
rfsim5g-oai-du	0.0058632199225763	
rfsim5g-oai-du	0.0045044155582949	
rfsim5g-oai-du	0.0045908548411512	
rfsim5g-oai-du	0.0049096108479853	
rfsim5g-oai-du	0.0050722587502537	
rfsim5g-oai-du	0.0046789779071602	
rfsim5g-oai-du	0.005221052129172	
rfsim5g-oai-du	0.0050011047548125	
rfsim5g-oai-du	0.0052746967112223	
rfsim5g-oai-du	0.0061792115355544	
rfsim5g-oai-du	0.004656977175063	
rfsim5g-oai-du	0.004737913731672	
rfsim5g-oai-du	0.0063315117414398	
rfsim5g-oai-du	0.0042114911741439	
rfsim5g-oai-du	0.0046023997061816	
rfsim5g-oai-du	0.0051666452706522	
rfsim5g-oai-du	0.0059653179069507	
rfsim5g-oai-du	0.0047239665290639	
rfsim5g-oai-du	0.0054446918888765	
rfsim5g-oai-du	0.0047084486221129	
rfsim5g-oai-du	0.0047032159083169	
rfsim5g-oai-du	0.0043494656530126	
rfsim5g-oai-du	0.0054465916487009	
rfsim5g-oai-du	0.0062939047997275	
rfsim5g-oai-du	0.0050361348707042	
rfsim5g-oai-du	0.0045885249300349	
rfsim5g-oai-du	0.0047002592634054	
rfsim5g-oai-du	0.0062254549647374	
rfsim5g-oai-du	0.0040481618002147	
rfsim5g-oai-du	0.0046325393936684	
rfsim5g-oai-du	0.0052385684582364	
rfsim5g-oai-du	0.0051314926891432	
rfsim5g-oai-du	0.0041442937032239	
rfsim5g-oai-du	0.0043230446634329	
rfsim5g-oai-du	0.004770317318877	
rfsim5g-oai-du	0.0044557458903059	
rfsim5g-oai-du	0.0044333793286217	
rfsim5g-oai-du	0.0045691262588337	
rfsim5g-oai-du	0.0037331745803887	
rfsim5g-oai-du	0.0049223438825087	
rfsim5g-oai-du	0.0049620353140387	
rfsim5g-oai-du	0.0046667814762827	
rfsim5g-oai-du	0.0039859274558298	
rfsim5g-oai-du	0.0041474356437848	
rfsim5g-oai-du	0.0043200456246497	
rfsim5g-oai-du	0.0033472387002798	
rfsim5g-oai-du	0.0044208423081232	
rfsim5g-oai-du	0.0048832753165267	
rfsim5g-oai-du	0.0042605900468741	
rfsim5g-oai-du	0.0047552877732509	
rfsim5g-oai-du	0.0032125323301351	
rfsim5g-oai-du	0.0047049515705085	
rfsim5g-oai-du	0.0038415912275693	
rfsim5g-oai-du	0.0034387439434204	
rfsim5g-oai-du	0.0048253620329898	
rfsim5g-oai-du	0.0047592105031956	
rfsim5g-oai-du	0.0034072390550691	
rfsim5g-oai-du	0.0052439480643583	
rfsim5g-oai-du	0.0044803107915908	
rfsim5g-oai-du	0.0038725327347879	
rfsim5g-oai-du	0.0039967810380289	
rfsim5g-oai-du	0.0038740406984379	
rfsim5g-oai-du	0.0048330921185068	
rfsim5g-oai-du	0.0049936314603298	
rfsim5g-oai-du	0.0040081103952173	
rfsim5g-oai-du	0.0036845964795748	
rfsim5g-oai-du	0.0045186225174359	
rfsim5g-oai-du	0.0047976381047271	
rfsim5g-oai-du	0.0051155170794668	
rfsim5g-oai-du	0.0034122120746823	
rfsim5g-oai-du	0.004650378485435	
rfsim5g-oai-du	0.0042643014664976	
rfsim5g-oai-du	0.0045614894720779	
rfsim5g-oai-du	0.003508773595187	
rfsim5g-oai-du	0.0048371642617376	
rfsim5g-oai-du	0.0042154503901653	
rfsim5g-oai-du	0.0041024711680417	
rfsim5g-oai-du	0.004309522492401	
rfsim5g-oai-du	0.0041795536691271	
rfsim5g-oai-du	0.0055150252279636	
rfsim5g-oai-du	0.0048007308398807	
rfsim5g-oai-du	0.0034493029323892	
rfsim5g-oai-du	0.0055958824609935	
rfsim5g-oai-du	0.0039652080115081	
rfsim5g-oai-du	0.003588735334873	
rfsim5g-oai-du	0.0057583825580115	
rfsim5g-oai-du	0.003589965247993	
rfsim5g-oai-du	0.0044390278675903	
rfsim5g-oai-du	0.0039740405039103	
rfsim5g-oai-du	0.0054373823764663	
rfsim5g-oai-du	0.0041864050391041	
rfsim5g-oai-du	0.003501982292037	
rfsim5g-oai-du	0.0049048322882628	
rfsim5g-oai-du	0.0036441061114543	
rfsim5g-oai-du	0.0043078313388677	
rfsim5g-oai-du	0.0044476222290911	
rfsim5g-oai-du	0.0044693424106628	
rfsim5g-oai-du	0.0048932333907848	
rfsim5g-oai-du	0.0044300222681835	
rfsim5g-oai-du	0.0037511197058486	
rfsim5g-oai-du	0.0045509128589264	
rfsim5g-oai-du	0.0047934290772899	
rfsim5g-oai-du	0.0043929157416864	
rfsim5g-oai-du	0.0041793594370673	
rfsim5g-oai-du	0.0039097939076628	
rfsim5g-oai-du	0.0052997673443483	
rfsim5g-oai-du	0.0051242732712313	
rfsim5g-oai-du	0.0035681564334442	
rfsim5g-oai-du	0.0046282208395041	
rfsim5g-oai-du	0.0037167666055125	
rfsim5g-oai-du	0.0060785336309985	
rfsim5g-oai-du	0.0032616084746137	
rfsim5g-oai-du	0.004548548674528	
rfsim5g-oai-du	0.0036989003901053	
rfsim5g-oai-du	0.0039718248071637	
rfsim5g-oai-du	0.0055270232511749	
rfsim5g-oai-du	0.0038061686599894	
rfsim5g-oai-du	0.0034311395853584	
rfsim5g-oai-du	0.0044724113630713	
rfsim5g-oai-du	0.0050999928782983	
rfsim5g-oai-du	0.004032394894828	
rfsim5g-oai-du	0.0040421652955039	
rfsim5g-oai-du	0.0055176300084493	
rfsim5g-oai-du	0.0031794431893981	
rfsim5g-oai-du	0.0042400983264506	
rfsim5g-oai-du	0.0047247227776568	
rfsim5g-oai-du	0.0034160970441207	
rfsim5g-oai-du	0.0043369282981959	
rfsim5g-oai-du	0.0053843613858069	
rfsim5g-oai-du	0.0036840919034756	
rfsim5g-oai-du	0.0043290558966	
rfsim5g-oai-du	0.0037077989597519	
rfsim5g-oai-du	0.003927932031767	
rfsim5g-oai-du	0.0047437803000222	
rfsim5g-oai-du	0.0053119900727995	
rfsim5g-oai-du	0.002990896735054	
rfsim5g-oai-du	0.0039423331113035	
rfsim5g-oai-du	0.0046579354115321	
rfsim5g-oai-du	0.0044200627234174	
rfsim5g-oai-du	0.0043894345567174	
rfsim5g-oai-du	0.00508285579403	
rfsim5g-oai-du	0.0037641055192987	
rfsim5g-oai-du	0.0042708222207271	
rfsim5g-oai-du	0.0039347944111774	
rfsim5g-oai-du	0.0042270779579474	
rfsim5g-oai-du	0.0055377007083037	
rfsim5g-oai-du	0.0032269259622238	
rfsim5g-oai-du	0.0044970590475766	
rfsim5g-oai-du	0.0036332638075817	
rfsim5g-oai-du	0.0041428734460305	
rfsim5g-oai-du	0.0053347557718872	
rfsim5g-oai-du	0.0040094349580126	
rfsim5g-oai-du	0.0051105310055624	
rfsim5g-oai-du	0.0039956153963151	
rfsim5g-oai-du	0.0041803439944376	
rfsim5g-oai-du	0.0037915643577265	
rfsim5g-oai-du	0.0038816756264536	
rfsim5g-oai-du	0.0043902999297844	
rfsim5g-oai-du	0.003662694167727	
rfsim5g-oai-du	0.0053420194409093	
rfsim5g-oai-du	0.0040617140535966	
rfsim5g-oai-du	0.0054869705083689	
rfsim5g-oai-du	0.0041245913684117	
rfsim5g-oai-du	0.0036190232371793	
rfsim5g-oai-du	0.0037555417156543	
rfsim5g-oai-du	0.0042660977356849	
rfsim5g-oai-du	0.0056904863923362	
rfsim5g-oai-du	0.00376397093403	
rfsim5g-oai-du	0.0044611658382187	
rfsim5g-oai-du	0.0044639007868397	
rfsim5g-oai-du	0.0037529074961548	
rfsim5g-oai-du	0.0052163135100194	
rfsim5g-oai-du	0.0045899001848835	
rfsim5g-oai-du	0.0039530464189814	
rfsim5g-oai-du	0.0054713314478145	
rfsim5g-oai-du	0.0033228522692257	
rfsim5g-oai-du	0.0033726131733615	
rfsim5g-oai-du	0.0054284171196252	
rfsim5g-oai-du	0.0049567923902954	
rfsim5g-oai-du	0.0039228781872818	
rfsim5g-oai-du	0.0047829091879877	
rfsim5g-oai-du	0.0041176046070696	
rfsim5g-oai-du	0.0039378093754086	
rfsim5g-oai-du	0.0045879241598744	
rfsim5g-oai-du	0.0037185184336365	
rfsim5g-oai-du	0.004385072588642	
rfsim5g-oai-du	0.0045244000088145	
rfsim5g-oai-du	0.0051667467330701	
rfsim5g-oai-du	0.004809598078498	
rfsim5g-oai-du	0.0051084896951719	
rfsim5g-oai-du	0.0035505045049035	
rfsim5g-oai-du	0.0040598755229893	
rfsim5g-oai-du	0.0045305818280622	
rfsim5g-oai-du	0.0038668331050972	
rfsim5g-oai-du	0.0043483882838822	
rfsim5g-oai-du	0.0044084251059667	
rfsim5g-oai-du	0.0047476641876682	
rfsim5g-oai-du	0.0040493131703226	
rfsim5g-oai-du	0.0039354309705611	
rfsim5g-oai-du	0.0051697443174296	
rfsim5g-oai-du	0.0040548814390292	
rfsim5g-oai-du	0.0044751531711029	
rfsim5g-oai-du	0.0044441026886654	
rfsim5g-oai-du	0.0038949650316776	
rfsim5g-oai-du	0.0039839736801803	
rfsim5g-oai-du	0.0044166528321701	
rfsim5g-oai-du	0.003575847397554	
rfsim5g-oai-du	0.0037535501126739	
rfsim5g-oai-du	0.0043342789492987	
rfsim5g-oai-du	0.0037864558540385	
rfsim5g-oai-du	0.0055652523379478	
rfsim5g-oai-du	0.0035393788621983	
rfsim5g-oai-du	0.0040119026062212	
rfsim5g-oai-du	0.0043717469443185	
rfsim5g-oai-du	0.0036566753109572	
rfsim5g-oai-du	0.0046950752333527	
rfsim5g-oai-du	0.004655292807435	
rfsim5g-oai-du	0.003875552307481	
rfsim5g-oai-du	0.0050180034108597	
rfsim5g-oai-du	0.003839710420291	
rfsim5g-oai-du	0.0047930552860432	
rfsim5g-oai-du	0.00426930822025	
rfsim5g-oai-du	0.0034660461424961	
rfsim5g-oai-du	0.0042663584538686	
rfsim5g-oai-du	0.0046536482525108	
rfsim5g-oai-du	0.0049348807435347	
rfsim5g-oai-du	0.0035070786256416	
rfsim5g-oai-du	0.0039213594282599	
rfsim5g-oai-du	0.0045161983183074	
rfsim5g-oai-du	0.0038520357247238	
rfsim5g-oai-du	0.0041951351199442	
rfsim5g-oai-du	0.0054527588075274	
rfsim5g-oai-du	0.003994858258612	
rfsim5g-oai-du	0.0033592404171301	
rfsim5g-oai-du	0.0051938055501013	
rfsim5g-oai-du	0.0052559542509328	
rfsim5g-oai-du	0.0042269381754043	
rfsim5g-oai-du	0.0038920000446549	
rfsim5g-oai-du	0.0045896470706439	
rfsim5g-oai-du	0.0039578794319908	
rfsim5g-oai-du	0.0040081777025279	
rfsim5g-oai-du	0.0048904101673711	
rfsim5g-oai-du	0.004861835432663	
rfsim5g-oai-du	0.0042446124795098	
rfsim5g-oai-du	0.0048295805551282	
rfsim5g-oai-du	0.0036349519152582	
rfsim5g-oai-du	0.0055132536536053	
rfsim5g-oai-du	0.0036766890314925	
rfsim5g-oai-du	0.0039351132050404	
rfsim5g-oai-du	0.0045127002236639	
rfsim5g-oai-du	0.0047859419137674	
rfsim5g-oai-du	0.0040649266337446	
rfsim5g-oai-du	0.0050337385588875	
rfsim5g-oai-du	0.0048866769306182	
rfsim5g-oai-du	0.0037204886145891	
rfsim5g-oai-du	0.0044573961721848	
rfsim5g-oai-du	0.0048194140976093	
rfsim5g-oai-du	0.004405473552939	
rfsim5g-oai-du	0.0040598717643357	
rfsim5g-oai-du	0.0050644459599137	
rfsim5g-oai-du	0.003723705712532	
rfsim5g-oai-du	0.0041985267895706	
rfsim5g-oai-du	0.0044948744288605	
rfsim5g-oai-du	0.0049712781705348	
rfsim5g-oai-du	0.0041929910070706	
rfsim5g-oai-du	0.0054528488135285	
rfsim5g-oai-du	0.0039837179927232	
rfsim5g-oai-du	0.0041560680533624	
rfsim5g-oai-du	0.0055408006728889	
rfsim5g-oai-du	0.0041759150423266	
rfsim5g-oai-du	0.0037065256131975	
rfsim5g-oai-du	0.0039767556327328	
rfsim5g-oai-du	0.0041505097228502	
rfsim5g-oai-du	0.0037859794129679	
rfsim5g-oai-du	0.0052462238301354	
rfsim5g-oai-du	0.0045729278807846	
rfsim5g-oai-du	0.0035630458371678	
rfsim5g-oai-du	0.0042944495948284	
rfsim5g-oai-du	0.0047709935352085	
rfsim5g-oai-du	0.0045688595254663	
rfsim5g-oai-du	0.0040824693810507	
rfsim5g-oai-du	0.0045517264444347	
rfsim5g-oai-du	0.0045149450041612	
rfsim5g-oai-du	0.0040588945858336	
rfsim5g-oai-du	0.0033296713557548	
rfsim5g-oai-du	0.0047892971932247	
rfsim5g-oai-du	0.0045792942328667	
rfsim5g-oai-du	0.0042584844525565	
rfsim5g-oai-du	0.0042297822571764	
rfsim5g-oai-du	0.0045683932324367	
rfsim5g-oai-du	0.0044278289824421	
rfsim5g-oai-du	0.0039297452690943	
rfsim5g-oai-du	0.0036985876748966	
rfsim5g-oai-du	0.0051539182820889	
rfsim5g-oai-du	0.0036012196680002	
rfsim5g-oai-du	0.004724658407197	
rfsim5g-oai-du	0.0029812816791859	
rfsim5g-oai-du	0.0058095150006667	
rfsim5g-oai-du	0.0038309293524157	
rfsim5g-oai-du	0.0043402498111028	
rfsim5g-oai-du	0.0041671346166394	
rfsim5g-oai-du	0.0048438465252854	
rfsim5g-oai-du	0.0048002473300707	
rfsim5g-oai-du	0.0036095071016856	
rfsim5g-oai-du	0.0041097993759615	
rfsim5g-oai-du	0.0046949106628242	
rfsim5g-oai-du	0.0030951319364694	
rfsim5g-oai-du	0.0050856701913286	
rfsim5g-oai-du	0.0042695409746622	
rfsim5g-oai-du	0.0043318032343249	
rfsim5g-oai-du	0.0043033584382707	
rfsim5g-oai-du	0.0045487050479037	
rfsim5g-oai-du	0.0035025663219015	
rfsim5g-oai-du	0.0038048484394845	
rfsim5g-oai-du	0.0055981183542004	
rfsim5g-oai-du	0.0044441965387406	
rfsim5g-oai-du	0.0046282424288974	
rfsim5g-oai-du	0.0043250551044591	
rfsim5g-oai-du	0.0049208269399578	
rfsim5g-oai-du	0.0040387911472961	
rfsim5g-oai-du	0.0039614832726792	
rfsim5g-oai-du	0.0041551434647256	
rfsim5g-oai-du	0.0047700316350243	
rfsim5g-oai-du	0.0049649584557371	
rfsim5g-oai-du	0.0035311714273439	
rfsim5g-oai-du	0.0046680220995662	
rfsim5g-oai-du	0.0043570695631631	
rfsim5g-oai-du	0.0049317422146813	
rfsim5g-oai-du	0.0051252949922103	
rfsim5g-oai-du	0.0032961196527931	
rfsim5g-oai-du	0.0045414662363676	
rfsim5g-oai-du	0.0044932688404182	
rfsim5g-oai-du	0.0042329653271498	
rfsim5g-oai-du	0.003477759565113	
rfsim5g-oai-du	0.0045386278739089	
rfsim5g-oai-du	0.0054953699822807	
rfsim5g-oai-du	0.0041896412484128	
rfsim5g-oai-du	0.0048332412395021	
rfsim5g-oai-du	0.0048087401145045	
rfsim5g-oai-du	0.0039678803047518	
rfsim5g-oai-du	0.005607180741036	
rfsim5g-oai-du	0.0050683127588422	
rfsim5g-oai-du	0.003581276083538	
rfsim5g-oai-du	0.0035603645604942	
rfsim5g-oai-du	0.0052329205753455	
rfsim5g-oai-du	0.0048589178109899	
rfsim5g-oai-du	0.0042100507023263	
rfsim5g-oai-du	0.0032460638498706	
rfsim5g-oai-du	0.0045498002713463	
rfsim5g-oai-du	0.0039239397032985	
rfsim5g-oai-du	0.0047482032205688	
rfsim5g-oai-du	0.0039789390582948	
rfsim5g-oai-du	0.0039814461834765	
rfsim5g-oai-du	0.0045385158505268	
rfsim5g-oai-du	0.0043730357300984	
rfsim5g-oai-du	0.0043451761268041	
rfsim5g-oai-du	0.0033922110071546	
rfsim5g-oai-du	0.0035872387892129	
rfsim5g-oai-du	0.005485764711062	
rfsim5g-oai-du	0.0051352136268574	
rfsim5g-oai-du	0.0039212934950046	
rfsim5g-oai-du	0.0039763533295189	
rfsim5g-oai-du	0.0045992040623214	
rfsim5g-oai-du	0.0047221036706131	
rfsim5g-oai-du	0.0052137284345047	
rfsim5g-oai-du	0.0042207193673221	
rfsim5g-oai-du	0.0044498058092966	
rfsim5g-oai-du	0.0034843439679611	
rfsim5g-oai-du	0.0046998053603496	
rfsim5g-oai-du	0.0032012373140617	
rfsim5g-oai-du	0.0037825152630295	
rfsim5g-oai-du	0.0050969106165065	
rfsim5g-oai-du	0.0037093085026831	
rfsim5g-oai-du	0.003705250901733	
rfsim5g-oai-du	0.0044610890956276	
rfsim5g-oai-du	0.0052870277997711	
rfsim5g-oai-du	0.0048081532675025	
rfsim5g-oai-du	0.0040072709197825	
rfsim5g-oai-du	0.0041408416953288	
rfsim5g-oai-du	0.0044172282924665	
rfsim5g-oai-du	0.0025604073464302	
rfsim5g-oai-du	0.0065845366987786	
rfsim5g-oai-du	0.0041101576523461	
rfsim5g-oai-du	0.0038604264355796	
rfsim5g-oai-du	0.0045838927631578	
rfsim5g-oai-du	0.0042410455535391	
rfsim5g-oai-du	0.0046020263838473	
rfsim5g-oai-du	0.0037664665607987	
rfsim5g-oai-du	0.0049630034909346	
rfsim5g-oai-du	0.0046222309907706	
rfsim5g-oai-du	0.0039374737416273	
rfsim5g-oai-du	0.0041638943992321	
rfsim5g-oai-du	0.0039918239655059	
rfsim5g-oai-du	0.0041931786303538	
rfsim5g-oai-du	0.0043439233561389	
rfsim5g-oai-du	0.0051521794443098	
rfsim5g-oai-du	0.0044061775307246	
rfsim5g-oai-du	0.0045913200156338	
rfsim5g-oai-du	0.0040770383680027	
rfsim5g-oai-du	0.0043409436313893	
rfsim5g-oai-du	0.0052393804413988	
rfsim5g-oai-du	0.0037454935187897	
rfsim5g-oai-du	0.0040833480917063	
rfsim5g-oai-du	0.0043022562501408	
rfsim5g-oai-du	0.0047073780051499	
rfsim5g-oai-du	0.0054269985643643	
rfsim5g-oai-du	0.0040636431419912	
rfsim5g-oai-du	0.004131297336098	
rfsim5g-oai-du	0.0044631885334094	
rfsim5g-oai-du	0.0040140921147976	
rfsim5g-oai-du	0.0047426157528378	
rfsim5g-oai-du	0.0042983240157219	
rfsim5g-oai-du	0.0042886199213051	
rfsim5g-oai-du	0.0042699584420177	
rfsim5g-oai-du	0.0040058775807948	
rfsim5g-oai-du	0.005333052743269	
rfsim5g-oai-du	0.0042473081556491	
rfsim5g-oai-du	0.0038944437048516	
rfsim5g-oai-du	0.0044074007987602	
rfsim5g-oai-du	0.0050998774361101	
rfsim5g-oai-du	0.0037914096755269	
rfsim5g-oai-du	0.0046378398393429	
rfsim5g-oai-du	0.0041533709553678	
rfsim5g-oai-du	0.0052329029965251	
rfsim5g-oai-du	0.0041820280719409	
rfsim5g-oai-du	0.0046492457115349	
rfsim5g-oai-du	0.004695532338526	
rfsim5g-oai-du	0.0040119753194468	
rfsim5g-oai-du	0.0040220758364148	
rfsim5g-oai-du	0.0044744522728781	
rfsim5g-oai-du	0.0046687786019528	
rfsim5g-oai-du	0.0044560021256339	
rfsim5g-oai-du	0.0044550542896032	
rfsim5g-oai-du	0.004624435524236	
rfsim5g-oai-du	0.0035420478793469	
rfsim5g-oai-du	0.0044263332016158	
rfsim5g-oai-du	0.0043957922309093	
rfsim5g-oai-du	0.0039203383880486	
rfsim5g-oai-du	0.004733569500462	
rfsim5g-oai-du	0.0044190244248663	
rfsim5g-oai-du	0.0038503939320602	
rfsim5g-oai-du	0.0061571835562792	
rfsim5g-oai-du	0.0031488323506116	
rfsim5g-oai-du	0.0039287909662942	
rfsim5g-oai-du	0.0037083570781427	
rfsim5g-oai-du	0.0051697626274063	
rfsim5g-oai-du	0.0043882361494905	
rfsim5g-oai-du	0.0036981423782558	
rfsim5g-oai-du	0.0039632253302076	
rfsim5g-oai-du	0.0048294146643826	
rfsim5g-oai-du	0.0042186295586709	
rfsim5g-oai-du	0.0040022957895685	
rfsim5g-oai-du	0.0041068162202875	
rfsim5g-oai-du	0.0041691091468954	
rfsim5g-oai-du	0.0052982129106576	
rfsim5g-oai-du	0.003924106577169	
rfsim5g-oai-du	0.003162132241221	
rfsim5g-oai-du	0.0050221694865878	
rfsim5g-oai-du	0.0048099624633038	
rfsim5g-oai-du	0.00413672030119	
rfsim5g-oai-du	0.0046223558230937	
rfsim5g-oai-du	0.0034564151156485	
rfsim5g-oai-du	0.0041858173111671	
rfsim5g-oai-du	0.0047667666922657	
rfsim5g-oai-du	0.0048371880328092	
rfsim5g-oai-du	0.0050049450716557	
rfsim5g-oai-du	0.003637410557117	
rfsim5g-oai-du	0.0040124026772961	
rfsim5g-oai-du	0.0049991262941826	
rfsim5g-oai-du	0.0040042806036136	
rfsim5g-oai-du	0.0044871577154716	
rfsim5g-oai-du	0.0035931828660366	
rfsim5g-oai-du	0.0040606302431266	
rfsim5g-oai-du	0.004689856509884	
rfsim5g-oai-du	0.0047216888888889	
rfsim5g-oai-du	0.0045859896614405	
rfsim5g-oai-du	0.0029372252794887	
rfsim5g-oai-du	0.0054364431667807	
rfsim5g-oai-du	0.0036464372804014	
rfsim5g-oai-du	0.0056780907825689	
rfsim5g-oai-du	0.0042639558975354	
rfsim5g-oai-du	0.0051682546780229	
rfsim5g-oai-du	0.003408204639308	
rfsim5g-oai-du	0.0044343662408053	
rfsim5g-oai-du	0.0039478082231421	
rfsim5g-oai-du	0.0053785566760163	
rfsim5g-oai-du	0.0050505898000977	
rfsim5g-oai-du	0.0040629104447709	
rfsim5g-oai-du	0.0031669434680075	
rfsim5g-oai-du	0.0050776610750198	
rfsim5g-oai-du	0.0044928029500759	
rfsim5g-oai-du	0.0046911339325442	
rfsim5g-oai-du	0.0044855068834907	
rfsim5g-oai-du	0.0050194181805813	
rfsim5g-oai-du	0.0034426115306978	
rfsim5g-oai-du	0.0044476194007846	
rfsim5g-oai-du	0.0034832132904371	
rfsim5g-oai-du	0.0045159272908806	
rfsim5g-oai-du	0.0058277831373421	
rfsim5g-oai-du	0.0042162396494342	
rfsim5g-oai-du	0.004839786402431	
rfsim5g-oai-du	0.0040888729794389	
rfsim5g-oai-du	0.0037082383292382	
rfsim5g-oai-du	0.0053329259989654	
rfsim5g-oai-du	0.0046967492698469	
rfsim5g-oai-du	0.0038856794406585	
rfsim5g-oai-du	0.0043417786529781	
rfsim5g-oai-du	0.0044577383618019	
rfsim5g-oai-du	0.0039417406487202	
rfsim5g-oai-du	0.0043113354379886	
rfsim5g-oai-du	0.004323984386041	
rfsim5g-oai-du	0.0048118054067605	
rfsim5g-oai-du	0.0040428430809877	
rfsim5g-oai-du	0.0056280888904073	
rfsim5g-oai-du	0.0042043092602715	
rfsim5g-oai-du	0.0035585427029244	
rfsim5g-oai-du	0.00492126483256	
rfsim5g-oai-du	0.0027969301859704	
rfsim5g-oai-du	0.0051150807986375	
rfsim5g-oai-du	0.0045743629261127	
rfsim5g-oai-du	0.0045148496929746	
rfsim5g-oai-du	0.0048826050433448	
rfsim5g-oai-du	0.0040912014177354	
rfsim5g-oai-du	0.0032981213202093	
rfsim5g-oai-du	0.0055209033113461	
rfsim5g-oai-du	0.0042837677748685	
rfsim5g-oai-du	0.0028644235142032	
rfsim5g-oai-du	0.0054313514866256	
rfsim5g-oai-du	0.0035777531847644	
rfsim5g-oai-du	0.0036474598639014	
rfsim5g-oai-du	0.0059589615893188	
rfsim5g-oai-du	0.0040633629180504	
rfsim5g-oai-du	0.0052786491156181	
rfsim5g-oai-du	0.0034845630676771	
rfsim5g-oai-du	0.0049965808577479	
rfsim5g-oai-du	0.0035144214641808	
rfsim5g-oai-du	0.0046996361127344	
rfsim5g-oai-du	0.0034825812715111	
rfsim5g-oai-du	0.0036938294369762	
rfsim5g-oai-du	0.0058958895707512	
rfsim5g-oai-du	0.0047197090668429	
rfsim5g-oai-du	0.0033286741892786	
rfsim5g-oai-du	0.0050074144275316	
rfsim5g-oai-du	0.0043798966578422	
rfsim5g-oai-du	0.0047142267084851	
rfsim5g-oai-du	0.0037553281941234	
rfsim5g-oai-du	0.0047374767910204	
rfsim5g-oai-du	0.0041466374711126	
rfsim5g-oai-du	0.0047156864629381	
rfsim5g-oai-du	0.0046006145172654	
rfsim5g-oai-du	0.0047638944839515	
rfsim5g-oai-du	0.0032924684476907	
rfsim5g-oai-du	0.0045014684873947	
rfsim5g-oai-du	0.0039284851607312	
rfsim5g-oai-du	0.0037948364345738	
rfsim5g-oai-du	0.0055769783913563	
rfsim5g-oai-du	0.0048558978501671	
rfsim5g-oai-du	0.0042802348757947	
rfsim5g-oai-du	0.0046035005898931	
rfsim5g-oai-du	0.0041858705184503	
rfsim5g-oai-du	0.0042044808540987	
rfsim5g-oai-du	0.0038548494182678	
rfsim5g-oai-du	0.0052569925556101	
rfsim5g-oai-du	0.0038461447866981	
rfsim5g-oai-du	0.0033643747041519	
rfsim5g-oai-du	0.0044453742396426	
rfsim5g-oai-du	0.0048609450330685	
rfsim5g-oai-du	0.0043847984029725	
rfsim5g-oai-du	0.0039321234478365	
rfsim5g-oai-du	0.0037957883343224	
rfsim5g-oai-du	0.004968566009538	
rfsim5g-oai-du	0.004607322762137	
rfsim5g-oai-du	0.004460936709706	
rfsim5g-oai-du	0.0050279590382903	
rfsim5g-oai-du	0.0037580269367766	
rfsim5g-oai-du	0.0037968153606411	
rfsim5g-oai-du	0.0042572725408911	
rfsim5g-oai-du	0.0032112348037669	
rfsim5g-oai-du	0.0051778857297346	
rfsim5g-oai-du	0.0039694030775469	
rfsim5g-oai-du	0.0044182977434231	
rfsim5g-oai-du	0.004273997037268	
rfsim5g-oai-du	0.0046300253725688	
rfsim5g-oai-du	0.0038604611837563	
rfsim5g-oai-du	0.0041069750388283	
rfsim5g-oai-du	0.0039273223652096	
rfsim5g-oai-du	0.0055482010871977	
rfsim5g-oai-du	0.0043767913246061	
rfsim5g-oai-du	0.0046499940319315	
rfsim5g-oai-du	0.0041756268432404	
rfsim5g-oai-du	0.0040443701073815	
rfsim5g-oai-du	0.004915208250746	
rfsim5g-oai-du	0.0040603943115145	
rfsim5g-oai-du	0.0044595182018451	
rfsim5g-oai-du	0.0044855273409385	
rfsim5g-oai-du	0.0047108614740332	
rfsim5g-oai-du	0.0041530392797598	
rfsim5g-oai-du	0.0052327412026233	
rfsim5g-oai-du	0.0038654293208847	
rfsim5g-oai-du	0.0047854910748027	
rfsim5g-oai-du	0.0050117483033668	
rfsim5g-oai-du	0.0048620475277631	
rfsim5g-oai-du	0.0044850328970563	
rfsim5g-oai-du	0.0036602917327691	
rfsim5g-oai-du	0.004795283684199	
rfsim5g-oai-du	0.0037338524824567	
rfsim5g-oai-du	0.00542544448844	
rfsim5g-oai-du	0.0040859910468773	
rfsim5g-oai-du	0.0029754647374765	
rfsim5g-oai-du	0.0048793721582814	
rfsim5g-oai-du	0.0053678224268331	
rfsim5g-oai-du	0.0050960659432204	
rfsim5g-oai-du	0.0043668018959008	
rfsim5g-oai-du	0.0041855474414111	
rfsim5g-oai-du	0.0047673630957603	
rfsim5g-oai-du	0.0041145441060298	
rfsim5g-oai-du	0.0046851203354392	
rfsim5g-oai-du	0.0033578020544522	
rfsim5g-oai-du	0.0041663971410388	
rfsim5g-oai-du	0.0049381655379299	
rfsim5g-oai-du	0.0044551357559657	
rfsim5g-oai-du	0.0043953152760841	
rfsim5g-oai-du	0.0034270914692561	
rfsim5g-oai-du	0.0048092677669396	
rfsim5g-oai-du	0.0040106962443348	
rfsim5g-oai-du	0.0048566639943515	
rfsim5g-oai-du	0.0045859234518412	
rfsim5g-oai-du	0.0040251925433301	
rfsim5g-oai-du	0.0037394543265019	
rfsim5g-oai-du	0.0038642207041512	
rfsim5g-oai-du	0.00431017172447	
rfsim5g-oai-du	0.0052338402084429	
rfsim5g-oai-du	0.0044710680181556	
rfsim5g-oai-du	0.0040922306550864	
rfsim5g-oai-du	0.0047778830140093	
rfsim5g-oai-du	0.003774485030332	
rfsim5g-oai-du	0.0046907796289623	
rfsim5g-oai-du	0.0037257768822047	
rfsim5g-oai-du	0.0034920938625719	
rfsim5g-oai-du	0.0054686515670028	
rfsim5g-oai-du	0.0037759818073826	
rfsim5g-oai-du	0.0046639774297155	
rfsim5g-oai-du	0.003780380615073	
rfsim5g-oai-du	0.0051844354789034	
rfsim5g-oai-du	0.0039914534937939	
rfsim5g-oai-du	0.0044109283922107	
rfsim5g-oai-du	0.0036595100694982	
rfsim5g-oai-du	0.004960757732531	
rfsim5g-oai-du	0.0042858455978976	
rfsim5g-oai-du	0.0044792273324572	
rfsim5g-oai-du	0.0044934477879982	
rfsim5g-oai-du	0.0038657148050808	
rfsim5g-oai-du	0.0034497939528696	
rfsim5g-oai-du	0.0044885968434591	
rfsim5g-oai-du	0.0051003710243498	
rfsim5g-oai-du	0.0048376510801562	
rfsim5g-oai-du	0.0036648020452405	
rfsim5g-oai-du	0.0051252893774499	
rfsim5g-oai-du	0.0048327818994023	
rfsim5g-oai-du	0.0041208424464055	
rfsim5g-oai-du	0.0046608924714282	
rfsim5g-oai-du	0.0035613231470465	
rfsim5g-oai-du	0.0043578481711834	
rfsim5g-oai-du	0.005622428273121	
rfsim5g-oai-du	0.0043654942118723	
rfsim5g-oai-du	0.0047160889980705	
rfsim5g-oai-du	0.00429493244941	
rfsim5g-oai-du	0.0046909516309959	
rfsim5g-oai-du	0.0045584095541827	
rfsim5g-oai-du	0.0033491065367201	
rfsim5g-oai-du	0.0053349716987443	
rfsim5g-oai-du	0.0043998611922658	
rfsim5g-oai-du	0.0046529152397452	
rfsim5g-oai-du	0.0050875688184863	
rfsim5g-oai-du	0.0031052580608869	
rfsim5g-oai-du	0.0049106996602386	
rfsim5g-oai-du	0.0054469301602541	
rfsim5g-oai-du	0.0030368547653339	
rfsim5g-oai-du	0.0053322032096564	
rfsim5g-oai-du	0.0040012618018882	
rfsim5g-oai-du	0.0047822414629843	
rfsim5g-oai-du	0.0042042805744288	
rfsim5g-oai-du	0.0045432095649872	
rfsim5g-oai-du	0.0044715868922613	
rfsim5g-oai-du	0.004845559671997	
rfsim5g-oai-du	0.0043870849309465	
rfsim5g-oai-du	0.0033795207386878	
rfsim5g-oai-du	0.003644097469562	
rfsim5g-oai-du	0.0047460074279186	
rfsim5g-oai-du	0.0033753834388187	
rfsim5g-oai-du	0.0035977998197961	
rfsim5g-oai-du	0.0053823514416314	
rfsim5g-oai-du	0.0037493522069747	
rfsim5g-oai-du	0.0038716894938701	
rfsim5g-oai-du	0.0052559674108232	
rfsim5g-oai-du	0.0042823228988849	
rfsim5g-oai-du	0.0045122723850802	
rfsim5g-oai-du	0.004074275784191	
rfsim5g-oai-du	0.0038194223793772	
rfsim5g-oai-du	0.004499224067526	
rfsim5g-oai-du	0.0036674877566877	
rfsim5g-oai-du	0.0042721946941946	
rfsim5g-oai-du	0.0058282572760574	
rfsim5g-oai-du	0.0041448346764344	
rfsim5g-oai-du	0.0033698157142228	
rfsim5g-oai-du	0.0041453052439398	
rfsim5g-oai-du	0.0030707929699529	
rfsim5g-oai-du	0.0049662826756409	
rfsim5g-oai-du	0.0031513869645097	
rfsim5g-oai-du	0.0050503961731493	
rfsim5g-oai-du	0.0043894606784371	
rfsim5g-oai-du	0.0045043171043195	
rfsim5g-oai-du	0.004807475013777	
rfsim5g-oai-du	0.003738924743745	
rfsim5g-oai-du	0.0033674184062603	
rfsim5g-oai-du	0.004918234652265	
rfsim5g-oai-du	0.0043209937716111	
rfsim5g-oai-du	0.004961126429648	
rfsim5g-oai-du	0.0035377626562636	
rfsim5g-oai-du	0.0042260993660784	
rfsim5g-oai-du	0.0046978360904269	
rfsim5g-oai-du	0.0041513854951619	
rfsim5g-oai-du	0.0041284111561956	
rfsim5g-oai-du	0.004148242943773	
rfsim5g-oai-du	0.004316149955217	
rfsim5g-oai-du	0.0046863474473802	
rfsim5g-oai-du	0.0046528888266904	
rfsim5g-oai-du	0.0037092525974024	
rfsim5g-oai-du	0.0053903864054693	
rfsim5g-oai-du	0.00400492589184	
rfsim5g-oai-du	0.0036749354457006	
rfsim5g-oai-du	0.003884174620913	
rfsim5g-oai-du	0.0042927538837155	
rfsim5g-oai-du	0.0040636718233477	
rfsim5g-oai-du	0.0039143166389388	
rfsim5g-oai-du	0.0055536363243525	
rfsim5g-oai-du	0.0046274778258887	
rfsim5g-oai-du	0.0042322408158614	
rfsim5g-oai-du	0.0041307825660893	
rfsim5g-oai-du	0.0044487017319962	
rfsim5g-oai-du	0.0036767543157755	
rfsim5g-oai-du	0.0044459451824673	
rfsim5g-oai-du	0.0048542876373202	
rfsim5g-oai-du	0.0046666616785658	
rfsim5g-oai-du	0.0061809541786289	
rfsim5g-oai-du	0.0036624115107263	
rfsim5g-oai-du	0.0046966406627934	
rfsim5g-oai-du	0.0032265308226145	
rfsim5g-oai-du	0.0048236649925468	
rfsim5g-oai-du	0.0037787133585597	
rfsim5g-oai-du	0.0055488656576081	
rfsim5g-oai-du	0.0041216803806901	
rfsim5g-oai-du	0.0047474487880303	
rfsim5g-oai-du	0.0046515293899863	
rfsim5g-oai-du	0.0039132986911164	
rfsim5g-oai-du	0.0041203937103904	
rfsim5g-oai-du	0.0043086514627452	
rfsim5g-oai-du	0.0041560892151831	
rfsim5g-oai-du	0.004137706469105	
rfsim5g-oai-du	0.005264894450271	
rfsim5g-oai-du	0.0057342862177241	
rfsim5g-oai-du	0.0040373603135517	
rfsim5g-oai-du	0.0042229147897983	
rfsim5g-oai-du	0.0040487657171256	
rfsim5g-oai-du	0.0035942472503201	
rfsim5g-oai-du	0.0041226249171781	
rfsim5g-oai-du	0.0051432362736867	
rfsim5g-oai-du	0.0040827264896859	
rfsim5g-oai-du	0.0055279920473218	
rfsim5g-oai-du	0.0038465046774018	
rfsim5g-oai-du	0.0036857074159273	
rfsim5g-oai-du	0.0046973369920036	
rfsim5g-oai-du	0.0043236355597195	
rfsim5g-oai-du	0.0044704741676758	
rfsim5g-oai-du	0.0041550661746224	
rfsim5g-oai-du	0.0045834184356649	
rfsim5g-oai-du	0.004835209510713	
rfsim5g-oai-du	0.0040622231734906	
rfsim5g-oai-du	0.0036631565896288	
rfsim5g-oai-du	0.0044774164929246	
rfsim5g-oai-du	0.0043874506586392	
rfsim5g-oai-du	0.0038626802996697	
rfsim5g-oai-du	0.0047609164591913	
rfsim5g-oai-du	0.0040822673034267	
rfsim5g-oai-du	0.0040076406693525	
rfsim5g-oai-du	0.0046360982510758	
rfsim5g-oai-du	0.0037956080029301	
rfsim5g-oai-du	0.005115257004853	
rfsim5g-oai-du	0.0057785387604645	
rfsim5g-oai-du	0.0035271769591189	
rfsim5g-oai-du	0.0042490082606087	
rfsim5g-oai-du	0.0034993522972041	
rfsim5g-oai-du	0.0045081781455178	
rfsim5g-oai-du	0.0028221151011658	
rfsim5g-oai-du	0.005995388940998	
rfsim5g-oai-du	0.0039940097369242	
rfsim5g-oai-du	0.0041664113676493	
rfsim5g-oai-du	0.005395073914307	
rfsim5g-oai-du	0.0043496572942045	
rfsim5g-oai-du	0.0037077390089627	
rfsim5g-oai-du	0.0040209251467605	
rfsim5g-oai-du	0.003962832398577	
rfsim5g-oai-du	0.0048372635357788	
rfsim5g-oai-du	0.0044291317897123	
rfsim5g-oai-du	0.0036346933463663	
rfsim5g-oai-du	0.0042777074401581	
rfsim5g-oai-du	0.0057248380123207	
rfsim5g-oai-du	0.0035461220931553	
rfsim5g-oai-du	0.0040049410547851	
rfsim5g-oai-du	0.0050135693794045	
rfsim5g-oai-du	0.0038241728120027	
rfsim5g-oai-du	0.0042170892702888	
rfsim5g-oai-du	0.00382313892777	
rfsim5g-oai-du	0.0041997220778068	
rfsim5g-oai-du	0.0053316163211801	
rfsim5g-oai-du	0.0047104619520541	
rfsim5g-oai-du	0.0045478385903513	
rfsim5g-oai-du	0.0055110378771097	
rfsim5g-oai-du	0.0037173791476543	
rfsim5g-oai-du	0.0041863483365081	
rfsim5g-oai-du	0.004807004104873	
rfsim5g-oai-du	0.0042442451447739	
rfsim5g-oai-du	0.0048665566737288	
rfsim5g-oai-du	0.0037570592116876	
rfsim5g-oai-du	0.0044051068242641	
rfsim5g-oai-du	0.004177502029438	
rfsim5g-oai-du	0.0042148235504017	
rfsim5g-oai-du	0.0051686491971454	
rfsim5g-oai-du	0.0047859901076582	
rfsim5g-oai-du	0.005077724084467	
rfsim5g-oai-du	0.0042312698884109	
rfsim5g-oai-du	0.0038038705042255	
rfsim5g-oai-du	0.0036466031537449	
rfsim5g-oai-du	0.0047264601620674	
rfsim5g-oai-du	0.0040886510731494	
rfsim5g-oai-du	0.00530722956636	
rfsim5g-oai-du	0.0044098118101425	
rfsim5g-oai-du	0.0034329689056636	
rfsim5g-oai-du	0.0048970911105748	
rfsim5g-oai-du	0.0053754661956069	
rfsim5g-oai-du	0.0046647600553238	
rfsim5g-oai-du	0.0056561154215091	
rfsim5g-oai-du	0.0035992126173956	
rfsim5g-oai-du	0.0042747155732037	
rfsim5g-oai-du	0.0050838163413666	
rfsim5g-oai-du	0.0044817515750982	
rfsim5g-oai-du	0.004048901044191	
rfsim5g-oai-du	0.0044696664316871	
rfsim5g-oai-du	0.0041763801533928	
rfsim5g-oai-du	0.0047317518499357	
rfsim5g-oai-du	0.004443061672027	
rfsim5g-oai-du	0.0038993948629135	
rfsim5g-oai-du	0.0047166528068823	
rfsim5g-oai-du	0.0053335146354915	
rfsim5g-oai-du	0.0039258564905701	
rfsim5g-oai-du	0.0034528346751957	
rfsim5g-oai-du	0.0033096105850448	
rfsim5g-oai-du	0.0032708728994399	
rfsim5g-oai-du	0.0048061679781275	
rfsim5g-oai-du	0.005444678492042	
rfsim5g-oai-du	0.0052363043324568	
rfsim5g-oai-du	0.0041243381128074	
rfsim5g-oai-du	0.003716379051322	
rfsim5g-oai-du	0.0040556887082164	
rfsim5g-oai-du	0.0033775066998777	
rfsim5g-oai-du	0.0043513471021011	
rfsim5g-oai-du	0.004598774302913	
rfsim5g-oai-du	0.0048995150026521	
rfsim5g-oai-du	0.0061587656168748	
rfsim5g-oai-du	0.0032050272433359	
rfsim5g-oai-du	0.0045974983608783	
rfsim5g-oai-du	0.0032060143564468	
rfsim5g-oai-du	0.0040679444123787	
rfsim5g-oai-du	0.003985850752564	
rfsim5g-oai-du	0.0041192629756246	
rfsim5g-oai-du	0.0049248511521554	
rfsim5g-oai-du	0.0048342574533872	
rfsim5g-oai-du	0.0042621299843086	
rfsim5g-oai-du	0.0042395327672143	
rfsim5g-oai-du	0.0041390167528151	
rfsim5g-oai-du	0.0042053630375737	
rfsim5g-oai-du	0.0041650906518786	
rfsim5g-oai-du	0.0042510066545949	
rfsim5g-oai-du	0.004645012788592	
rfsim5g-oai-du	0.0048339476727442	
rfsim5g-oai-du	0.0045713115930791	
rfsim5g-oai-du	0.0039145898890094	
rfsim5g-oai-du	0.0040475452048118	
rfsim5g-oai-du	0.0050699165015312	
rfsim5g-oai-du	0.0042924427130245	
rfsim5g-oai-du	0.0053138863718248	
rfsim5g-oai-du	0.0035761371599713	
rfsim5g-oai-du	0.0045157422238496	
rfsim5g-oai-du	0.0043571908711011	
rfsim5g-oai-du	0.0042241403584355	
rfsim5g-oai-du	0.004366285024987	
rfsim5g-oai-du	0.004474431413002	
rfsim5g-oai-du	0.0045544375126138	
rfsim5g-oai-du	0.0058285726907812	
rfsim5g-oai-du	0.0030128486085262	
rfsim5g-oai-du	0.0043198498053796	
rfsim5g-oai-du	0.004255131254485	
rfsim5g-oai-du	0.0055361859655988	
rfsim5g-oai-du	0.0033384866157829	
rfsim5g-oai-du	0.0039947177065617	
rfsim5g-oai-du	0.0042794439172857	
rfsim5g-oai-du	0.0035896629442307	
rfsim5g-oai-du	0.0057401585354939	
rfsim5g-oai-du	0.0048707351135733	
rfsim5g-oai-du	0.0051935584044319	
rfsim5g-oai-du	0.0035713112022159	
rfsim5g-oai-du	0.0042262601218835	
rfsim5g-oai-du	0.0041294206437293	
rfsim5g-oai-du	0.0042063969811321	
rfsim5g-oai-du	0.0049305740510541	
rfsim5g-oai-du	0.0044452530077691	
rfsim5g-oai-du	0.0046836496011379	
rfsim5g-oai-du	0.005165887763038	
rfsim5g-oai-du	0.004345000333311	
rfsim5g-oai-du	0.004018980445748	
rfsim5g-oai-du	0.0039561867835008	
rfsim5g-oai-du	0.0039642102335928	
rfsim5g-oai-du	0.0053530385008287	
rfsim5g-oai-du	0.0038582776781459	
rfsim5g-oai-du	0.0040435208324291	
rfsim5g-oai-du	0.0040912851221735	
rfsim5g-oai-du	0.0042384879996528	
rfsim5g-oai-du	0.003595734126123	
rfsim5g-oai-du	0.0042319778438861	
rfsim5g-oai-du	0.0040232641639286	
rfsim5g-oai-du	0.0045222256904357	
rfsim5g-oai-du	0.0036038455954176	
rfsim5g-oai-du	0.0031186411277963	
rfsim5g-oai-du	0.0046618366314958	
rfsim5g-oai-du	0.003972217744407	
rfsim5g-oai-du	0.0052386088612584	
rfsim5g-oai-du	0.0053792036078499	
rfsim5g-oai-du	0.0040149919825552	
rfsim5g-oai-du	0.0036020627078698	
rfsim5g-oai-du	0.0044049704632057	
rfsim5g-oai-du	0.0036705514486411	
rfsim5g-oai-du	0.0051609665163041	
rfsim5g-oai-du	0.0038559547790571	
rfsim5g-oai-du	0.0047988468771741	
rfsim5g-oai-du	0.0042591126230653	
rfsim5g-oai-du	0.003902168878275	
rfsim5g-oai-du	0.0039662588821052	
rfsim5g-oai-du	0.0050726913510712	
rfsim5g-oai-du	0.0043101385213305	
rfsim5g-oai-du	0.0041295218475498	
rfsim5g-oai-du	0.0037926373868309	
rfsim5g-oai-du	0.004935408487408	
rfsim5g-oai-du	0.0041753506124186	
rfsim5g-oai-du	0.0051096456481335	
rfsim5g-oai-du	0.0036869728610134	
rfsim5g-oai-du	0.00425734980631	
rfsim5g-oai-du	0.0044987762374516	
rfsim5g-oai-du	0.004948896397375	
rfsim5g-oai-du	0.0034023976359133	
rfsim5g-oai-du	0.0044113730607099	
rfsim5g-oai-du	0.0038151459346301	
rfsim5g-oai-du	0.0048945152620205	
rfsim5g-oai-du	0.0042160178282013	
rfsim5g-oai-du	0.0044198594678553	
rfsim5g-oai-du	0.0040790282239096	
rfsim5g-oai-du	0.0038778401317118	
rfsim5g-oai-du	0.004629780122304	
rfsim5g-oai-du	0.0049750738973634	
rfsim5g-oai-du	0.0043092658530477	
rfsim5g-oai-du	0.0035827518613809	
rfsim5g-oai-du	0.0037734479382498	
rfsim5g-oai-du	0.0059599609963801	
rfsim5g-oai-du	0.0043508541394336	
rfsim5g-oai-du	0.0050946206535947	
rfsim5g-oai-du	0.0043092883877995	
rfsim5g-oai-du	0.0040136618300651	
rfsim5g-oai-du	0.0036553421966861	
rfsim5g-oai-du	0.0057955958043826	
rfsim5g-oai-du	0.0036080021824332	
rfsim5g-oai-du	0.0047894794004987	
rfsim5g-oai-du	0.0042894898206552	
rfsim5g-oai-du	0.0042521542950777	
rfsim5g-oai-du	0.0040740657448767	
rfsim5g-oai-du	0.0053275905366882	
rfsim5g-oai-du	0.0037784879115511	
rfsim5g-oai-du	0.0034075838199057	
rfsim5g-oai-du	0.0062090611637767	
rfsim5g-oai-du	0.003933149812402	
rfsim5g-oai-du	0.0048748708055569	
rfsim5g-oai-du	0.0045917968935875	
rfsim5g-oai-du	0.0046702216461288	
rfsim5g-oai-du	0.0039056654546273	
rfsim5g-oai-du	0.0037937746225574	
rfsim5g-oai-du	0.0057071759769094	
rfsim5g-oai-du	0.0041929868783303	
rfsim5g-oai-du	0.0045593210479574	
rfsim5g-oai-du	0.0049540650537518	
rfsim5g-oai-du	0.0037816448202022	
rfsim5g-oai-du	0.0060441022273238	
rfsim5g-oai-du	0.0036554559060507	
rfsim5g-oai-du	0.0050038495964124	
rfsim5g-oai-du	0.004263530493273	
rfsim5g-oai-du	0.0041781209417037	
rfsim5g-oai-du	0.0038961635874435	
rfsim5g-oai-du	0.0045682130710968	
rfsim5g-oai-du	0.0048550931653969	
rfsim5g-oai-du	0.003034760887123	
rfsim5g-oai-du	0.004892128004191	
rfsim5g-oai-du	0.004097733474492	
rfsim5g-oai-du	0.0050492019894572	
rfsim5g-oai-du	0.0046296950528242	
rfsim5g-oai-du	0.0038654173669468	
rfsim5g-oai-du	0.0043235273447002	
rfsim5g-oai-du	0.0046083541873992	
rfsim5g-oai-du	0.0050245361684245	
rfsim5g-oai-du	0.0037268776620448	
rfsim5g-oai-du	0.0032094287581093	
rfsim5g-oai-du	0.0051019381462203	
rfsim5g-oai-du	0.0048509626538897	
rfsim5g-oai-du	0.0043383012448706	
rfsim5g-oai-du	0.0029935965471986	
rfsim5g-oai-du	0.0040080177617884	
rfsim5g-oai-du	0.0060123845596885	
rfsim5g-oai-du	0.0044439645216757	
rfsim5g-oai-du	0.0043231058975369	
rfsim5g-oai-du	0.0041938566959795	
rfsim5g-oai-du	0.0040760804567523	
rfsim5g-oai-du	0.0040915194032461	
rfsim5g-oai-du	0.0048303726219649	
rfsim5g-oai-du	0.0040290152372465	
rfsim5g-oai-du	0.004077893539764	
rfsim5g-oai-du	0.0039094955892178	
rfsim5g-oai-du	0.0051107726962144	
rfsim5g-oai-du	0.0038709346103035	
rfsim5g-oai-du	0.0041843755523163	
rfsim5g-oai-du	0.0044182699403272	
rfsim5g-oai-du	0.0053515218433016	
rfsim5g-oai-du	0.0031291569224562	
rfsim5g-oai-du	0.0040144095479076	
rfsim5g-oai-du	0.0046218793524259	
rfsim5g-oai-du	0.0033030987138402	
rfsim5g-oai-du	0.0055346103628962	
rfsim5g-oai-du	0.004050027433743	
rfsim5g-oai-du	0.0045717934782606	
rfsim5g-oai-du	0.0036920778040193	
rfsim5g-oai-du	0.0051868510093135	
rfsim5g-oai-du	0.0047515013368391	
rfsim5g-oai-du	0.004292874203467	
rfsim5g-oai-du	0.0042392061442371	
rfsim5g-oai-du	0.0050330146185879	
rfsim5g-oai-du	0.0048339492336315	
rfsim5g-oai-du	0.0042120600691056	
rfsim5g-oai-du	0.0046458473330344	
rfsim5g-oai-du	0.0045094354325418	
rfsim5g-oai-du	0.0037300339982069	
rfsim5g-oai-du	0.0048732553563422	
rfsim5g-oai-du	0.004488458412516	
rfsim5g-oai-du	0.0046319097980287	
rfsim5g-oai-du	0.003868754982985	
rfsim5g-oai-du	0.0045235701595436	
rfsim5g-oai-du	0.0042218966054191	
rfsim5g-oai-du	0.0058974840058725	
rfsim5g-oai-du	0.0041460292521247	
rfsim5g-oai-du	0.004128145882458	
rfsim5g-oai-du	0.0048860502881909	
rfsim5g-oai-du	0.0039340848040745	
rfsim5g-oai-du	0.0050607682185783	
rfsim5g-oai-du	0.0039766314954646	
rfsim5g-oai-du	0.0056760907435305	
rfsim5g-oai-du	0.0040784538300698	
rfsim5g-oai-du	0.0040462080401106	
rfsim5g-oai-du	0.0040876722350882	
rfsim5g-oai-du	0.0053137247121343	
rfsim5g-oai-du	0.0035908676926484	
rfsim5g-oai-du	0.0063712297165631	
rfsim5g-oai-du	0.0026925453941542	
rfsim5g-oai-du	0.004081773990953	
rfsim5g-oai-du	0.0039882874302779	
rfsim5g-oai-du	0.0036590332908784	
rfsim5g-oai-du	0.0057733047125475	
rfsim5g-oai-du	0.0044172179251494	
rfsim5g-oai-du	0.0041341697873403	
rfsim5g-oai-du	0.0038818211343363	
rfsim5g-oai-du	0.0047112739157079	
rfsim5g-oai-du	0.0047129774480176	
rfsim5g-oai-du	0.0043605269496189	
rfsim5g-oai-du	0.0044681791980516	
rfsim5g-oai-du	0.0037908934193313	
rfsim5g-oai-du	0.005202915117201	
rfsim5g-oai-du	0.0042941925036799	
rfsim5g-oai-du	0.0040693687917564	
rfsim5g-oai-du	0.0034876069980753	
rfsim5g-oai-du	0.0040695697718504	
rfsim5g-oai-du	0.0041025102923796	
rfsim5g-oai-du	0.0035935702847966	
rfsim5g-oai-du	0.0054238844086622	
rfsim5g-oai-du	0.0041574936759781	
rfsim5g-oai-du	0.0041604412737432	
rfsim5g-oai-du	0.0046341952849162	
rfsim5g-oai-du	0.0043544275754185	
rfsim5g-oai-du	0.0049361031827056	
rfsim5g-oai-du	0.0042239024103341	
rfsim5g-oai-du	0.0036510058593745	
rfsim5g-oai-du	0.0043258863192472	
rfsim5g-oai-du	0.00448715122454	
rfsim5g-oai-du	0.0037466529834858	
rfsim5g-oai-du	0.0047523940935269	
rfsim5g-oai-du	0.0044058734007033	
rfsim5g-oai-du	0.0043123150392324	
rfsim5g-oai-du	0.0042378979729727	
rfsim5g-oai-du	0.0037655557541408	
rfsim5g-oai-du	0.004927294790758	
rfsim5g-oai-du	0.0049214733463519	
rfsim5g-oai-du	0.0039150300316473	
rfsim5g-oai-du	0.0036432829439095	
rfsim5g-oai-du	0.0048149085807917	
rfsim5g-oai-du	0.0047150701207288	
rfsim5g-oai-du	0.0046307684768563	
rfsim5g-oai-du	0.0042813382189155	
rfsim5g-oai-du	0.0037620410745311	
rfsim5g-oai-du	0.0047769190337829	
rfsim5g-oai-du	0.0040361628648246	
rfsim5g-oai-du	0.0045980879483065	
rfsim5g-oai-du	0.0043308487141676	
rfsim5g-oai-du	0.0038044936546255	
rfsim5g-oai-du	0.0047949169232131	
rfsim5g-oai-du	0.0055198487298177	
rfsim5g-oai-du	0.0039091202188216	
rfsim5g-oai-du	0.0045281016834863	
rfsim5g-oai-du	0.0041357380369061	
rfsim5g-oai-du	0.0045625101705962	
rfsim5g-oai-du	0.0048522827088619	
rfsim5g-oai-du	0.0051287689132207	
rfsim5g-oai-du	0.0046289383209343	
rfsim5g-oai-du	0.0036131366255323	
rfsim5g-oai-du	0.0045659843705157	
rfsim5g-oai-du	0.0035902269860176	
rfsim5g-oai-du	0.00420777008072	
rfsim5g-oai-du	0.0048184550086007	
rfsim5g-oai-du	0.0055391681002162	
rfsim5g-oai-du	0.0036660413442606	
rfsim5g-oai-du	0.0044691153106544	
rfsim5g-oai-du	0.0047963940982555	
rfsim5g-oai-du	0.0051322710727531	
rfsim5g-oai-du	0.0040168903008239	
rfsim5g-oai-du	0.0047338986756592	
rfsim5g-oai-du	0.0051089212765482	
rfsim5g-oai-du	0.0041739523416037	
rfsim5g-oai-du	0.0035803806763502	
rfsim5g-oai-du	0.0047272882657058	
rfsim5g-oai-du	0.0034561501309284	
rfsim5g-oai-du	0.0053657316532758	
rfsim5g-oai-du	0.0045015376501613	
rfsim5g-oai-du	0.0037652623904075	
rfsim5g-oai-du	0.0051522131668507	
rfsim5g-oai-du	0.0037331937839477	
rfsim5g-oai-du	0.0036721263541459	
rfsim5g-oai-du	0.0038765335499968	
rfsim5g-oai-du	0.0066126634495439	
rfsim5g-oai-du	0.0034930927056653	
rfsim5g-oai-du	0.0043005286227547	
rfsim5g-oai-du	0.0049340022925577	
rfsim5g-oai-du	0.0033192402053038	
rfsim5g-oai-du	0.0054410968349014	
rfsim5g-oai-du	0.0040784500101718	
rfsim5g-oai-du	0.0037228363887067	
rfsim5g-oai-du	0.0045162690160266	
rfsim5g-oai-du	0.0041231266303488	
rfsim5g-oai-du	0.0053533955498527	
rfsim5g-oai-du	0.00389993973056	
rfsim5g-oai-du	0.0043912549886885	
rfsim5g-oai-du	0.0039883212681902	
rfsim5g-oai-du	0.0052306026388159	
rfsim5g-oai-du	0.0033316118386586	
rfsim5g-oai-du	0.0039399638881614	
rfsim5g-oai-du	0.0050975859743321	
rfsim5g-oai-du	0.005619677393241	
rfsim5g-oai-du	0.0034638270593001	
rfsim5g-oai-du	0.005065108581259	
rfsim5g-oai-du	0.0035100359576339	
rfsim5g-oai-du	0.0031470808568315	
rfsim5g-oai-du	0.0045440357343563	
rfsim5g-oai-du	0.0044113278569305	
rfsim5g-oai-du	0.0051360534527784	
rfsim5g-oai-du	0.0057618394337716	
rfsim5g-oai-du	0.0032397800134811	
rfsim5g-oai-du	0.004272929052915	
rfsim5g-oai-du	0.0039427400741488	
rfsim5g-oai-du	0.004864550301235	
rfsim5g-oai-du	0.0040780656995728	
rfsim5g-oai-du	0.0045548141092515	
rfsim5g-oai-du	0.0042984895493248	
rfsim5g-oai-du	0.0033809187973476	
rfsim5g-oai-du	0.0039344883996214	
rfsim5g-oai-du	0.0057586222943726	
rfsim5g-oai-du	0.0050021939596864	
rfsim5g-oai-du	0.0040145450140109	
rfsim5g-oai-du	0.0039613423241057	
rfsim5g-oai-du	0.0029338897629896	
rfsim5g-oai-du	0.0046296635591754	
rfsim5g-oai-du	0.0033904335070834	
rfsim5g-oai-du	0.0056612491089726	
rfsim5g-oai-du	0.0038405108259828	
rfsim5g-oai-du	0.0044313731399803	
rfsim5g-oai-du	0.0039301649814077	
rfsim5g-oai-du	0.0051072012307822	
rfsim5g-oai-du	0.0036717905495032	
rfsim5g-oai-du	0.0044125270185051	
rfsim5g-oai-du	0.0047991275347423	
rfsim5g-oai-du	0.0036066957880992	
rfsim5g-oai-du	0.0049341177919103	
rfsim5g-oai-du	0.0038332441917727	
rfsim5g-oai-du	0.0043447313822723	
rfsim5g-oai-du	0.0040163885592846	
rfsim5g-oai-du	0.0041285913397681	
rfsim5g-oai-du	0.0048368030195694	
rfsim5g-oai-du	0.0049881501473554	
rfsim5g-oai-du	0.0043197611070486	
rfsim5g-oai-du	0.003716457355581	
rfsim5g-oai-du	0.0037525397637882	
rfsim5g-oai-du	0.0043444370409234	
rfsim5g-oai-du	0.0050576060029732	
rfsim5g-oai-du	0.003586910283316	
rfsim5g-oai-du	0.0043504315757258	
rfsim5g-oai-du	0.0041869892131431	
rfsim5g-oai-du	0.0042580541936882	
rfsim5g-oai-du	0.0047970503458711	
rfsim5g-oai-du	0.0035353309987034	
rfsim5g-oai-du	0.0034555526886137	
rfsim5g-oai-du	0.0051181451189745	
rfsim5g-oai-du	0.0046008794059271	
rfsim5g-oai-du	0.0042978832842836	
rfsim5g-oai-du	0.0041375695901498	
rfsim5g-oai-du	0.0047952095483638	
rfsim5g-oai-du	0.0039852402427094	
rfsim5g-oai-du	0.0043716143758891	
rfsim5g-oai-du	0.0049771618830498	
rfsim5g-oai-du	0.0031696804057907	
rfsim5g-oai-du	0.0048380315057558	
rfsim5g-oai-du	0.0037869755613818	
rfsim5g-oai-du	0.0046954256178865	
rfsim5g-oai-du	0.004187260062406	
rfsim5g-oai-du	0.0039983393270026	
rfsim5g-oai-du	0.0044626911576531	
rfsim5g-oai-du	0.0040729143748225	
rfsim5g-oai-du	0.0048117245425403	
rfsim5g-oai-du	0.0046409678087716	
rfsim5g-oai-du	0.0040197885760397	
rfsim5g-oai-du	0.0036657256213725	
rfsim5g-oai-du	0.0044731202649418	
rfsim5g-oai-du	0.0054677548181292	
rfsim5g-oai-du	0.0037265284214254	
rfsim5g-oai-du	0.0051135121096588	
rfsim5g-oai-du	0.0029689703373953	
rfsim5g-oai-du	0.0048426174493683	
rfsim5g-oai-du	0.0045922054565091	
rfsim5g-oai-du	0.0039509212535245	
rfsim5g-oai-du	0.0046134746108526	
rfsim5g-oai-du	0.0051880733591617	
rfsim5g-oai-du	0.0046724808234566	
rfsim5g-oai-du	0.0042075873046497	
rfsim5g-oai-du	0.0051288937981005	
rfsim5g-oai-du	0.004971545994383	
rfsim5g-oai-du	0.0041685483096448	
rfsim5g-oai-du	0.0053029177525504	
rfsim5g-oai-du	0.0045488039003487	
rfsim5g-oai-du	0.0044898548743317	
rfsim5g-oai-du	0.0027124784001059	
rfsim5g-oai-du	0.0038900920453777	
rfsim5g-oai-du	0.0034410183637883	
rfsim5g-oai-du	0.0042577068133959	
rfsim5g-oai-du	0.005450248035686	
rfsim5g-oai-du	0.0043703076735367	
rfsim5g-oai-du	0.0039355974000044	
rfsim5g-oai-du	0.0048989525478625	
rfsim5g-oai-du	0.0042085794973048	
rfsim5g-oai-du	0.005227901883293	
rfsim5g-oai-du	0.0036301023336937	
rfsim5g-oai-du	0.0047303000684431	
rfsim5g-oai-du	0.0034713885810167	
rfsim5g-oai-du	0.0042195076587409	
rfsim5g-oai-du	0.004036632692136	
rfsim5g-oai-du	0.0040568476934717	
rfsim5g-oai-du	0.0050259043993229	
rfsim5g-oai-du	0.0031924339825865	
rfsim5g-oai-du	0.0047614803653169	
rfsim5g-oai-du	0.0052651588501925	
rfsim5g-oai-du	0.00460367265057	
rfsim5g-oai-du	0.0038628353159853	
rfsim5g-oai-du	0.0037330755740214	
rfsim5g-oai-du	0.0043964620380497	
rfsim5g-oai-du	0.0044574536846707	
rfsim5g-oai-du	0.0050005001463469	
rfsim5g-oai-du	0.0037241841945287	
rfsim5g-oai-du	0.0042444172013958	
rfsim5g-oai-du	0.0046455675109762	
rfsim5g-oai-du	0.0033994516879585	
rfsim5g-oai-du	0.0045791353220073	
rfsim5g-oai-du	0.0042644160630408	
rfsim5g-oai-du	0.0046460168795816	
rfsim5g-oai-du	0.003321375914133	
rfsim5g-oai-du	0.0049573863324405	
rfsim5g-oai-du	0.0042742605251906	
rfsim5g-oai-du	0.0048924124569652	
rfsim5g-oai-du	0.0044653992404084	
rfsim5g-oai-du	0.0042803049964754	
rfsim5g-oai-du	0.0040434156830636	
rfsim5g-oai-du	0.0039983448409179	
rfsim5g-oai-du	0.0038774574465787	
rfsim5g-oai-du	0.0044702554717713	
rfsim5g-oai-du	0.005473515156753	
rfsim5g-oai-du	0.0037226363027461	
rfsim5g-oai-du	0.0031359402784614	
rfsim5g-oai-du	0.0047506751578104	
rfsim5g-oai-du	0.0049168346689347	
rfsim5g-oai-du	0.0050911063482117	
rfsim5g-oai-du	0.0033031366017461	
rfsim5g-oai-du	0.0062317191403627	
rfsim5g-oai-du	0.0038867386612937	
rfsim5g-oai-du	0.0048086912021489	
rfsim5g-oai-du	0.0043870484346924	
rfsim5g-oai-du	0.0042740771227616	
rfsim5g-oai-du	0.0043253396418989	
rfsim5g-oai-du	0.0046766526813251	
rfsim5g-oai-du	0.0049537348494869	
rfsim5g-oai-du	0.0047421785446693	
rfsim5g-oai-du	0.0038686034642338	
rfsim5g-oai-du	0.0040407716955348	
rfsim5g-oai-du	0.0038426361817662	
rfsim5g-oai-du	0.0056778222129398	
rfsim5g-oai-du	0.0035988207619759	
rfsim5g-oai-du	0.0049314131070413	
rfsim5g-oai-du	0.0043033001540492	
rfsim5g-oai-du	0.0048547806117961	
rfsim5g-oai-du	0.005219914260563	
rfsim5g-oai-du	0.0034639457746483	
rfsim5g-oai-du	0.0034801566296997	
rfsim5g-oai-du	0.004514264458976	
rfsim5g-oai-du	0.0044802259753454	
rfsim5g-oai-du	0.0052004025096102	
rfsim5g-oai-du	0.0043739994019673	
rfsim5g-oai-du	0.0048382400770796	
rfsim5g-oai-du	0.0048290877779745	
rfsim5g-oai-du	0.0038266335385838	
rfsim5g-oai-du	0.0041233823742822	
rfsim5g-oai-du	0.0053074041205833	
rfsim5g-oai-du	0.0036041523340445	
rfsim5g-oai-du	0.0049629190175691	
rfsim5g-oai-du	0.0048078748296583	
rfsim5g-oai-du	0.0045667911891515	
rfsim5g-oai-du	0.0037583356790206	
rfsim5g-oai-du	0.003870502870674	
rfsim5g-oai-du	0.0031710721862698	
rfsim5g-oai-du	0.0048821176863033	
rfsim5g-oai-du	0.0048236881935641	
rfsim5g-oai-du	0.004106455912113	
rfsim5g-oai-du	0.004807160957758	
rfsim5g-oai-du	0.0044985625376565	
rfsim5g-oai-du	0.0042234419253347	
rfsim5g-oai-du	0.0037755906321826	
rfsim5g-oai-du	0.0041747920778605	
rfsim5g-oai-du	0.0060296464529593	
rfsim5g-oai-du	0.0033032709680345	
rfsim5g-oai-du	0.0037964365797771	
rfsim5g-oai-du	0.0049334035595553	
rfsim5g-oai-du	0.0026508869264346	
rfsim5g-oai-du	0.0044074959406587	
rfsim5g-oai-du	0.0050316582012255	
rfsim5g-oai-du	0.0045687955991396	
rfsim5g-oai-du	0.004504336207275	
rfsim5g-oai-du	0.0036826213198188	
rfsim5g-oai-du	0.0042487810100477	
rfsim5g-oai-du	0.0047451812475044	
rfsim5g-oai-du	0.004210118339914	
rfsim5g-oai-du	0.0047400267068894	
rfsim5g-oai-du	0.0033883463244747	
rfsim5g-oai-du	0.0044322532952164	
rfsim5g-oai-du	0.0037010217571581	
rfsim5g-oai-du	0.0040908893592873	
rfsim5g-oai-du	0.0050759832620459	
rfsim5g-oai-du	0.0039830399742391	
rfsim5g-oai-du	0.0047605454040728	
rfsim5g-oai-du	0.0047536806502472	
rfsim5g-oai-du	0.0037984762042242	
rfsim5g-oai-du	0.0043166738536017	
rfsim5g-oai-du	0.0036548104800752	
rfsim5g-oai-du	0.0043565687838989	
rfsim5g-oai-du	0.0048793953337213	
rfsim5g-oai-du	0.0043016724882129	
rfsim5g-oai-du	0.0043347224472628	
rfsim5g-oai-du	0.0056173682183415	
rfsim5g-oai-du	0.0035474928171417	
rfsim5g-oai-du	0.0047734139083923	
rfsim5g-oai-du	0.0027312252981162	
rfsim5g-oai-du	0.0048833245514322	
rfsim5g-oai-du	0.0054270564805527	
rfsim5g-oai-du	0.0043732875997612	
rfsim5g-oai-du	0.0045540666327683	
rfsim5g-oai-du	0.0042512291026464	
rfsim5g-oai-du	0.0049686125174101	
rfsim5g-oai-du	0.0054341968607641	
rfsim5g-oai-du	0.0047980775956993	
rfsim5g-oai-du	0.0039583028693569	
rfsim5g-oai-du	0.0035865155126626	
rfsim5g-oai-du	0.0038888106801378	
rfsim5g-oai-du	0.0042311889079201	
rfsim5g-oai-du	0.005843950805455	
rfsim5g-oai-du	0.0027411732107629	
rfsim5g-oai-du	0.0032218883991539	
rfsim5g-oai-du	0.003707290924718	
rfsim5g-oai-du	0.0055879283762342	
rfsim5g-oai-du	0.0051609325855081	
rfsim5g-oai-du	0.0040891074016793	
rfsim5g-oai-du	0.0049639868758285	
rfsim5g-oai-du	0.0045111439019001	
rfsim5g-oai-du	0.004067850861688	
rfsim5g-oai-du	0.0044745396313467	
rfsim5g-oai-du	0.0042895158010256	
rfsim5g-oai-du	0.0042333743196932	
rfsim5g-oai-du	0.004952064816681	
rfsim5g-oai-du	0.0038601654496923	
rfsim5g-oai-du	0.0056180767245369	
rfsim5g-oai-du	0.0036323389292097	
rfsim5g-oai-du	0.0044815205709115	
rfsim5g-oai-du	0.0045298950722733	
rfsim5g-oai-du	0.0047662160096361	
rfsim5g-oai-du	0.0046032846254932	
rfsim5g-oai-du	0.0040876942181341	
rfsim5g-oai-du	0.0039248969776842	
rfsim5g-oai-du	0.0046829297026831	
rfsim5g-oai-du	0.0044237068823017	
rfsim5g-oai-du	0.0040020881006097	
rfsim5g-oai-du	0.0045222900417001	
rfsim5g-oai-du	0.0048086170084051	
rfsim5g-oai-du	0.003871750513147	
rfsim5g-oai-du	0.0040566731845388	
rfsim5g-oai-du	0.0051561460293727	
rfsim5g-oai-du	0.0043043973045468	
rfsim5g-oai-du	0.003892923181778	
rfsim5g-oai-du	0.0039097693914343	
rfsim5g-oai-du	0.0040047325950425	
rfsim5g-oai-du	0.0038028096051841	
rfsim5g-oai-du	0.0053993902882885	
rfsim5g-oai-du	0.0039539589871055	
rfsim5g-oai-du	0.0039028970736861	
rfsim5g-oai-du	0.0035080412302463	
rfsim5g-oai-du	0.0045098860023887	
rfsim5g-oai-du	0.00521021945057	
rfsim5g-oai-du	0.0042929158531437	
rfsim5g-oai-du	0.0040730506348819	
rfsim5g-oai-du	0.0041320425626542	
rfsim5g-oai-du	0.0048040634881807	
rfsim5g-oai-du	0.0038048688517137	
rfsim5g-oai-du	0.0050412195199562	
rfsim5g-oai-du	0.0040202775479589	
rfsim5g-oai-du	0.0045855380261838	
rfsim5g-oai-du	0.005210134723052	
rfsim5g-oai-du	0.0045220903095888	
rfsim5g-oai-du	0.0040897395826416	
rfsim5g-oai-du	0.004223748921198	
rfsim5g-oai-du	0.0056560304660702	
rfsim5g-oai-du	0.0040925430537807	
rfsim5g-oai-du	0.0038961838500684	
rfsim5g-oai-du	0.0035295451162368	
rfsim5g-oai-du	0.0052673614312373	
rfsim5g-oai-du	0.0032370586104709	
rfsim5g-oai-du	0.0038985252551862	
rfsim5g-oai-du	0.0053607944901766	
rfsim5g-oai-du	0.0032111254106492	
rfsim5g-oai-du	0.0045833542498069	
rfsim5g-oai-du	0.0044287585712712	
rfsim5g-oai-du	0.0054655911586376	
rfsim5g-oai-du	0.0044579206473913	
rfsim5g-oai-du	0.0044631071204092	
rfsim5g-oai-du	0.0039708453578167	
rfsim5g-oai-du	0.0047448096659788	
rfsim5g-oai-du	0.0043988099592378	
rfsim5g-oai-du	0.0048940774925635	
rfsim5g-oai-du	0.003834637545445	
rfsim5g-oai-du	0.0046765843119979	
rfsim5g-oai-du	0.0050763401644808	
rfsim5g-oai-du	0.0043654997555011	
rfsim5g-oai-du	0.0046842474994439	
rfsim5g-oai-du	0.0039910582573905	
rfsim5g-oai-du	0.0051295539354135	
rfsim5g-oai-du	0.0034396600985216	
rfsim5g-oai-du	0.0051988821237	
rfsim5g-oai-du	0.004406279671593	
rfsim5g-oai-du	0.0039073302095418	
rfsim5g-oai-du	0.0037340454555409	
rfsim5g-oai-du	0.0057021627947716	
rfsim5g-oai-du	0.004710989906067	
rfsim5g-oai-du	0.004510872212693	
rfsim5g-oai-du	0.0039638316400579	
rfsim5g-oai-du	0.004235681840172	
rfsim5g-oai-du	0.004909957162334	
rfsim5g-oai-du	0.005246332332041	
rfsim5g-oai-du	0.0047524548409516	
rfsim5g-oai-du	0.0041827252348177	
rfsim5g-oai-du	0.0035270468515322	
rfsim5g-oai-du	0.0055279612323881	
rfsim5g-oai-du	0.003745299095495	
rfsim5g-oai-du	0.0045751807270829	
rfsim5g-oai-du	0.0037442940076537	
rfsim5g-oai-du	0.0037177478618456	
rfsim5g-oai-du	0.0038897962683468	
rfsim5g-oai-du	0.0047069986438308	
rfsim5g-oai-du	0.0047037348251201	
rfsim5g-oai-du	0.004400385165229	
rfsim5g-oai-du	0.0041456495100704	
rfsim5g-oai-du	0.0046045795294067	
rfsim5g-oai-du	0.0044508463945076	
rfsim5g-oai-du	0.0045859632566455	
rfsim5g-oai-du	0.0048983994192538	
rfsim5g-oai-du	0.0048873037078399	
rfsim5g-oai-du	0.0031918225820864	
rfsim5g-oai-du	0.0038283478445574	
rfsim5g-oai-du	0.0046359722296753	
rfsim5g-oai-du	0.0044453496556662	
rfsim5g-oai-du	0.0045304604686521	
rfsim5g-oai-du	0.0042283674267704	
rfsim5g-oai-du	0.0042197467267996	
rfsim5g-oai-du	0.003928861455625	
rfsim5g-oai-du	0.0046387352217029	
rfsim5g-oai-du	0.0039616056482263	
rfsim5g-oai-du	0.0045005488246139	
rfsim5g-oai-du	0.0048114823976514	
rfsim5g-oai-du	0.003687847689052	
rfsim5g-oai-du	0.0040891630937553	
rfsim5g-oai-du	0.0053578339485856	
rfsim5g-oai-du	0.0038324078678167	
rfsim5g-oai-du	0.004352708703967	
rfsim5g-oai-du	0.0040181448787508	
rfsim5g-oai-du	0.0030771757723399	
rfsim5g-oai-du	0.0053002093012955	
rfsim5g-oai-du	0.0046071652087254	
