Container,Value
rfsim5g-oai-du,0.0011409246164404783
rfsim5g-oai-du,0.00023104135579711798
rfsim5g-oai-du,0.0007087044211738148
rfsim5g-oai-du,0.0014331870087892135
rfsim5g-oai-du,0.0013286659158009842
rfsim5g-oai-du,0.0009788791470749043
rfsim5g-oai-du,0.0011615114926189177
rfsim5g-oai-du,0.0016424212356478953
rfsim5g-oai-du,0.00495246024528343
rfsim5g-oai-du,0.0044964124128281935
rfsim5g-oai-du,0.004431000021861268
rfsim5g-oai-du,0.004425863651269047
rfsim5g-oai-du,0.004868195700938649
rfsim5g-oai-du,0.004157997560816253
rfsim5g-oai-du,0.006033868480083627
rfsim5g-oai-du,0.0042854363525491644
rfsim5g-oai-du,0.0055757118991260025
rfsim5g-oai-du,0.005022339129643119
rfsim5g-oai-du,0.004806572878732705
rfsim5g-oai-du,0.004650678282046612
rfsim5g-oai-du,0.005587563755275196
rfsim5g-oai-du,0.004492968161028742
rfsim5g-oai-du,0.004994787401400826
rfsim5g-oai-du,0.004707869374047149
rfsim5g-oai-du,0.005151393566910416
rfsim5g-oai-du,0.0043617989547350905
rfsim5g-oai-du,0.00510575070656319
rfsim5g-oai-du,0.004728679242743708
rfsim5g-oai-du,0.004947342164738527
rfsim5g-oai-du,0.005869989012956205
rfsim5g-oai-du,0.004505375327261742
rfsim5g-oai-du,0.004247628432052626
rfsim5g-oai-du,0.006272876503487434
rfsim5g-oai-du,0.004388203718499647
rfsim5g-oai-du,0.004311736509101897
rfsim5g-oai-du,0.004505513312746976
rfsim5g-oai-du,0.004568553328736353
rfsim5g-oai-du,0.004584257824143068
rfsim5g-oai-du,0.005227286629445914
rfsim5g-oai-du,0.004913880040927994
rfsim5g-oai-du,0.004985196993910075
rfsim5g-oai-du,0.005557293223340386
rfsim5g-oai-du,0.0038322700513972277
rfsim5g-oai-du,0.004735394354943202
rfsim5g-oai-du,0.005169471209977003
rfsim5g-oai-du,0.005747143596320546
rfsim5g-oai-du,0.004366497280205194
rfsim5g-oai-du,0.005768010436936147
rfsim5g-oai-du,0.004346199666996669
rfsim5g-oai-du,0.004674452232022322
rfsim5g-oai-du,0.005451033412834131
rfsim5g-oai-du,0.005707428021780212
rfsim5g-oai-du,0.004456753400273839
rfsim5g-oai-du,0.0055177118439068955
rfsim5g-oai-du,0.00523273229119124
rfsim5g-oai-du,0.0051483117982656324
rfsim5g-oai-du,0.0036467823879938036
rfsim5g-oai-du,0.005300403685720585
rfsim5g-oai-du,0.004651204259545362
rfsim5g-oai-du,0.005670695232840427
rfsim5g-oai-du,0.005314658567859755
rfsim5g-oai-du,0.00498682218734111
rfsim5g-oai-du,0.005442060088873174
rfsim5g-oai-du,0.004921926115888846
rfsim5g-oai-du,0.005433164879505992
rfsim5g-oai-du,0.004623160978219677
rfsim5g-oai-du,0.004469422208350974
rfsim5g-oai-du,0.005663970327930981
rfsim5g-oai-du,0.003353432697980473
rfsim5g-oai-du,0.0066470280462899885
rfsim5g-oai-du,0.0038416195597912404
rfsim5g-oai-du,0.0049163734740185995
rfsim5g-oai-du,0.003974975921728775
rfsim5g-oai-du,0.004676999147274645
rfsim5g-oai-du,0.004746708008886285
rfsim5g-oai-du,0.0050872452258600214
rfsim5g-oai-du,0.005011262117550497
rfsim5g-oai-du,0.004319220053805104
rfsim5g-oai-du,0.004043531872691635
rfsim5g-oai-du,0.00441874583922301
rfsim5g-oai-du,0.003819383090705478
rfsim5g-oai-du,0.004143612362821942
rfsim5g-oai-du,0.004009650571108637
rfsim5g-oai-du,0.005127326786114223
rfsim5g-oai-du,0.004768930428151707
rfsim5g-oai-du,0.004086817996276954
rfsim5g-oai-du,0.005465523695247504
rfsim5g-oai-du,0.004713838719806219
rfsim5g-oai-du,0.004277819188439521
rfsim5g-oai-du,0.005241493535254121
rfsim5g-oai-du,0.004394251990873293
rfsim5g-oai-du,0.00603238056997137
rfsim5g-oai-du,0.004521587671516238
rfsim5g-oai-du,0.004712062423866312
rfsim5g-oai-du,0.004807205244891875
rfsim5g-oai-du,0.004521661610241574
rfsim5g-oai-du,0.005155793423683614
rfsim5g-oai-du,0.004836853454787821
rfsim5g-oai-du,0.004458912219506778
rfsim5g-oai-du,0.0036644858475894165
rfsim5g-oai-du,0.004948513932988441
rfsim5g-oai-du,0.005870673224237835
rfsim5g-oai-du,0.0050079892310766665
rfsim5g-oai-du,0.004334037591313795
rfsim5g-oai-du,0.006375294341894056
rfsim5g-oai-du,0.006949968632958789
rfsim5g-oai-du,0.005306619203673977
rfsim5g-oai-du,0.005139495229177803
rfsim5g-oai-du,0.006044550300120068
rfsim5g-oai-du,0.005766012659609297
rfsim5g-oai-du,0.005688908065044182
rfsim5g-oai-du,0.0053716442868056245
rfsim5g-oai-du,0.00521699079611389
rfsim5g-oai-du,0.005031514928525358
rfsim5g-oai-du,0.005235575153953911
rfsim5g-oai-du,0.004808263600186752
rfsim5g-oai-du,0.005898318510296104
rfsim5g-oai-du,0.004861116099947926
rfsim5g-oai-du,0.005168051831547445
rfsim5g-oai-du,0.005346935459755758
rfsim5g-oai-du,0.00531461957968707
rfsim5g-oai-du,0.004545323636601712
rfsim5g-oai-du,0.005951234903869247
rfsim5g-oai-du,0.005678459529057472
rfsim5g-oai-du,0.005311320048710302
rfsim5g-oai-du,0.0063008516993247115
rfsim5g-oai-du,0.005027893634451487
rfsim5g-oai-du,0.005667716771836586
rfsim5g-oai-du,0.004874065652416811
rfsim5g-oai-du,0.0042765033351953715
rfsim5g-oai-du,0.005850414878585746
rfsim5g-oai-du,0.005664795288009773
rfsim5g-oai-du,0.004637984171754699
rfsim5g-oai-du,0.0046249920692858935
rfsim5g-oai-du,0.005055827216618005
rfsim5g-oai-du,0.005191178822670533
rfsim5g-oai-du,0.00515436329636318
rfsim5g-oai-du,0.004407796846788764
rfsim5g-oai-du,0.005346970144441599
rfsim5g-oai-du,0.005783656435388147
rfsim5g-oai-du,0.004019747803278727
rfsim5g-oai-du,0.005754265868852443
rfsim5g-oai-du,0.006515020819672144
rfsim5g-oai-du,0.003971967967213128
rfsim5g-oai-du,0.004337338803651203
rfsim5g-oai-du,0.0038196341360782096
rfsim5g-oai-du,0.004432597915452851
rfsim5g-oai-du,0.005061617757493366
rfsim5g-oai-du,0.004711555930558303
rfsim5g-oai-du,0.004717740520150877
rfsim5g-oai-du,0.00500529982573398
rfsim5g-oai-du,0.00466431561996777
rfsim5g-oai-du,0.004119155290335874
rfsim5g-oai-du,0.004893652930716125
rfsim5g-oai-du,0.005913304664523645
rfsim5g-oai-du,0.005363614458655389
rfsim5g-oai-du,0.004856681175510161
rfsim5g-oai-du,0.0044980584163265775
rfsim5g-oai-du,0.003930585436734712
rfsim5g-oai-du,0.00665351206530611
rfsim5g-oai-du,0.004521791814181251
rfsim5g-oai-du,0.004502375641068055
rfsim5g-oai-du,0.0040945476292889495
rfsim5g-oai-du,0.005912520001323517
rfsim5g-oai-du,0.004333224629305472
rfsim5g-oai-du,0.0045499460717941965
rfsim5g-oai-du,0.0036461666721706713
rfsim5g-oai-du,0.005814127571744651
rfsim5g-oai-du,0.0037398868411512667
rfsim5g-oai-du,0.004439931271982047
rfsim5g-oai-du,0.0039297397910301336
rfsim5g-oai-du,0.004514946635023739
rfsim5g-oai-du,0.006470429789959921
rfsim5g-oai-du,0.004074937594821508
rfsim5g-oai-du,0.006214448771113576
rfsim5g-oai-du,0.004772275648157518
rfsim5g-oai-du,0.005975345333594208
rfsim5g-oai-du,0.004844050544577046
rfsim5g-oai-du,0.005010640220439605
rfsim5g-oai-du,0.00523581308289313
rfsim5g-oai-du,0.006174737089846848
rfsim5g-oai-du,0.003959967029875362
rfsim5g-oai-du,0.003581974539886852
rfsim5g-oai-du,0.003763853462732974
rfsim5g-oai-du,0.005359132896010325
rfsim5g-oai-du,0.005400546015700629
rfsim5g-oai-du,0.005617308828906352
rfsim5g-oai-du,0.0058000489084847565
rfsim5g-oai-du,0.004858386805632553
rfsim5g-oai-du,0.005094267102783033
rfsim5g-oai-du,0.0062012848652843846
rfsim5g-oai-du,0.005091848630668612
rfsim5g-oai-du,0.005301767931172847
rfsim5g-oai-du,0.00498004722952792
rfsim5g-oai-du,0.005214501069852461
rfsim5g-oai-du,0.004273681607453279
rfsim5g-oai-du,0.005002631742464313
rfsim5g-oai-du,0.005030061100828481
rfsim5g-oai-du,0.005626324673893908
rfsim5g-oai-du,0.005998982813326274
rfsim5g-oai-du,0.006306726421949638
rfsim5g-oai-du,0.005534223922665311
rfsim5g-oai-du,0.005683299473718983
rfsim5g-oai-du,0.0044682728734062975
rfsim5g-oai-du,0.0055695958875551215
rfsim5g-oai-du,0.004423958414711771
rfsim5g-oai-du,0.004746414272860945
rfsim5g-oai-du,0.0068453353595646195
rfsim5g-oai-du,0.0047333890019445385
rfsim5g-oai-du,0.0034484126079681325
rfsim5g-oai-du,0.004116651381540262
rfsim5g-oai-du,0.005249290123456798
rfsim5g-oai-du,0.005642364150695159
rfsim5g-oai-du,0.004242943116529948
rfsim5g-oai-du,0.003911775755449317
rfsim5g-oai-du,0.005005234638831609
rfsim5g-oai-du,0.004170983209564667
rfsim5g-oai-du,0.004891247217927232
rfsim5g-oai-du,0.00605808035889278
rfsim5g-oai-du,0.0037229656786950597
rfsim5g-oai-du,0.005893377034275838
rfsim5g-oai-du,0.005423927902536637
rfsim5g-oai-du,0.0051948017547049875
rfsim5g-oai-du,0.005118660741885642
rfsim5g-oai-du,0.005846617013282636
rfsim5g-oai-du,0.00450726901231022
rfsim5g-oai-du,0.004821389838000323
rfsim5g-oai-du,0.005189322165005361
rfsim5g-oai-du,0.004902766259222493
rfsim5g-oai-du,0.004936989692765106
rfsim5g-oai-du,0.004727214007267925
rfsim5g-oai-du,0.005285826362735394
rfsim5g-oai-du,0.005818346292968117
rfsim5g-oai-du,0.005393992674659283
rfsim5g-oai-du,0.0048292410765066246
rfsim5g-oai-du,0.00411624651363831
rfsim5g-oai-du,0.0055103322292594315
rfsim5g-oai-du,0.004447682004341682
rfsim5g-oai-du,0.004922902043282659
rfsim5g-oai-du,0.006915563726697012
rfsim5g-oai-du,0.0055326355276230955
rfsim5g-oai-du,0.0051019876845583316
rfsim5g-oai-du,0.00491536967120307
rfsim5g-oai-du,0.00624746368908713
rfsim5g-oai-du,0.004983873707180693
rfsim5g-oai-du,0.005143977610074283
rfsim5g-oai-du,0.004714914600050019
rfsim5g-oai-du,0.005209717909667433
rfsim5g-oai-du,0.005203660970076717
rfsim5g-oai-du,0.004529008058766336
rfsim5g-oai-du,0.005551547326347581
rfsim5g-oai-du,0.004591116582045994
rfsim5g-oai-du,0.004603975600988476
rfsim5g-oai-du,0.007537249427094983
rfsim5g-oai-du,0.004814472141091867
rfsim5g-oai-du,0.006289941676027802
rfsim5g-oai-du,0.005840969794799239
rfsim5g-oai-du,0.005444543693614047
rfsim5g-oai-du,0.005576002144878858
rfsim5g-oai-du,0.004554536131257764
rfsim5g-oai-du,0.006071019345674237
rfsim5g-oai-du,0.004729178282338632
rfsim5g-oai-du,0.005506298414917363
rfsim5g-oai-du,0.00482441958467674
rfsim5g-oai-du,0.005078149303089442
rfsim5g-oai-du,0.004883863569779798
rfsim5g-oai-du,0.005725994562322398
rfsim5g-oai-du,0.004707197398792646
rfsim5g-oai-du,0.004474311101587824
rfsim5g-oai-du,0.005478909757307839
rfsim5g-oai-du,0.0037217975911223193
rfsim5g-oai-du,0.0055882037847347805
rfsim5g-oai-du,0.005517564416367694
rfsim5g-oai-du,0.004161123770112924
rfsim5g-oai-du,0.004688831414672758
rfsim5g-oai-du,0.004653694943980984
rfsim5g-oai-du,0.005086212429302449
rfsim5g-oai-du,0.0065275693733728565
rfsim5g-oai-du,0.0043267555660292485
rfsim5g-oai-du,0.005073133629589759
rfsim5g-oai-du,0.006096411803552992
rfsim5g-oai-du,0.0044666909327052045
rfsim5g-oai-du,0.0046883703084068815
rfsim5g-oai-du,0.004543933057432826
rfsim5g-oai-du,0.004540278100193406
rfsim5g-oai-du,0.005210947879839045
rfsim5g-oai-du,0.006068435238921091
rfsim5g-oai-du,0.004331500567006839
rfsim5g-oai-du,0.004844455857768942
rfsim5g-oai-du,0.005535257737315296
rfsim5g-oai-du,0.003981639768671164
rfsim5g-oai-du,0.004596321420503379
rfsim5g-oai-du,0.003675324379083546
rfsim5g-oai-du,0.0057175225032440056
rfsim5g-oai-du,0.004378930589386921
rfsim5g-oai-du,0.0037423575249846994
rfsim5g-oai-du,0.0036209495474170917
rfsim5g-oai-du,0.004484944243539966
rfsim5g-oai-du,0.005283375873934308
rfsim5g-oai-du,0.004566883753040904
rfsim5g-oai-du,0.0035790910095384186
rfsim5g-oai-du,0.004407185333844476
rfsim5g-oai-du,0.0056502466683202605
rfsim5g-oai-du,0.004596971565156595
rfsim5g-oai-du,0.005144752050989436
rfsim5g-oai-du,0.003525241984453448
rfsim5g-oai-du,0.004833648758639985
rfsim5g-oai-du,0.0040858466010636925
rfsim5g-oai-du,0.0035793968661030373
rfsim5g-oai-du,0.004055613065872689
rfsim5g-oai-du,0.004352807423988812
rfsim5g-oai-du,0.004757422054636683
rfsim5g-oai-du,0.005145881444469701
rfsim5g-oai-du,0.004847651078809898
rfsim5g-oai-du,0.005037797910515492
rfsim5g-oai-du,0.003981444129002914
rfsim5g-oai-du,0.005048583106025346
rfsim5g-oai-du,0.004589618233428661
rfsim5g-oai-du,0.004844246379704137
rfsim5g-oai-du,0.005118372696427332
rfsim5g-oai-du,0.004743148502939608
rfsim5g-oai-du,0.004588717022677248
rfsim5g-oai-du,0.004517201280276075
rfsim5g-oai-du,0.004299949220257452
rfsim5g-oai-du,0.0036988292633657956
rfsim5g-oai-du,0.005988041859316819
rfsim5g-oai-du,0.004793934169771463
rfsim5g-oai-du,0.005096892849126936
rfsim5g-oai-du,0.005120225217906763
rfsim5g-oai-du,0.006062966715700269
rfsim5g-oai-du,0.00435229051309633
rfsim5g-oai-du,0.0047286715041604905
rfsim5g-oai-du,0.004974494842102921
rfsim5g-oai-du,0.005262764497415417
rfsim5g-oai-du,0.007044121306516732
rfsim5g-oai-du,0.004631878445181821
rfsim5g-oai-du,0.005153999494860814
rfsim5g-oai-du,0.004290921791267692
rfsim5g-oai-du,0.005546880809101305
rfsim5g-oai-du,0.004842870179214615
rfsim5g-oai-du,0.003598626203606479
rfsim5g-oai-du,0.004052228860294115
rfsim5g-oai-du,0.004350577818627438
rfsim5g-oai-du,0.004076276260504196
rfsim5g-oai-du,0.003856828370114312
rfsim5g-oai-du,0.004649929650802036
rfsim5g-oai-du,0.00482860365151109
rfsim5g-oai-du,0.006041316250110734
rfsim5g-oai-du,0.004589225238315336
rfsim5g-oai-du,0.005020723620192437
rfsim5g-oai-du,0.0058049903573079735
rfsim5g-oai-du,0.0036987324483191354
rfsim5g-oai-du,0.00397701286332164
rfsim5g-oai-du,0.003974587006700611
rfsim5g-oai-du,0.005648760975281854
rfsim5g-oai-du,0.0051726229971091765
rfsim5g-oai-du,0.0034739566897830916
rfsim5g-oai-du,0.004788104642431203
rfsim5g-oai-du,0.004130889659437266
rfsim5g-oai-du,0.006361023720128916
rfsim5g-oai-du,0.0038938718927958513
rfsim5g-oai-du,0.0040945080900297685
rfsim5g-oai-du,0.005382730159088853
rfsim5g-oai-du,0.005157515117960797
rfsim5g-oai-du,0.006548585408183654
rfsim5g-oai-du,0.005962511692588404
rfsim5g-oai-du,0.004107128651847878
rfsim5g-oai-du,0.0044417467458781265
rfsim5g-oai-du,0.004007481240620341
rfsim5g-oai-du,0.005035737368684381
rfsim5g-oai-du,0.004834593622898404
rfsim5g-oai-du,0.004286369075842214
rfsim5g-oai-du,0.003739492164727026
rfsim5g-oai-du,0.005244528371359137
rfsim5g-oai-du,0.005008178008635209
rfsim5g-oai-du,0.0037511270300480347
rfsim5g-oai-du,0.003816487148861901
rfsim5g-oai-du,0.00479077749959805
rfsim5g-oai-du,0.004228721478282873
rfsim5g-oai-du,0.004198326733582906
rfsim5g-oai-du,0.003688019617772671
rfsim5g-oai-du,0.0048602413360342225
rfsim5g-oai-du,0.0034276590118455176
rfsim5g-oai-du,0.0043440426923246865
rfsim5g-oai-du,0.004105487628337924
rfsim5g-oai-du,0.004258545399879743
rfsim5g-oai-du,0.0039043745350883347
rfsim5g-oai-du,0.005507842609295985
rfsim5g-oai-du,0.006324559670872158
rfsim5g-oai-du,0.0038480457487657213
rfsim5g-oai-du,0.005069555962698909
rfsim5g-oai-du,0.003739965068568314
rfsim5g-oai-du,0.0037833932635102405
rfsim5g-oai-du,0.0060793674304974385
rfsim5g-oai-du,0.004762128079263435
rfsim5g-oai-du,0.004763846087723697
rfsim5g-oai-du,0.0037942173403502726
rfsim5g-oai-du,0.006087810941093188
rfsim5g-oai-du,0.003852270232619823
rfsim5g-oai-du,0.005502867680877447
rfsim5g-oai-du,0.004151260608583273
rfsim5g-oai-du,0.005031648125835229
rfsim5g-oai-du,0.005764583893793671
rfsim5g-oai-du,0.005781191863649282
rfsim5g-oai-du,0.0048229451945283105
rfsim5g-oai-du,0.005889762058091997
rfsim5g-oai-du,0.005361591290637789
rfsim5g-oai-du,0.0054728087582164055
rfsim5g-oai-du,0.005337039718172084
rfsim5g-oai-du,0.0052426602729373755
rfsim5g-oai-du,0.005301176320234682
rfsim5g-oai-du,0.005586162673364162
rfsim5g-oai-du,0.005841923403040151
rfsim5g-oai-du,0.006521062252877551
rfsim5g-oai-du,0.004488654731570153
rfsim5g-oai-du,0.005132307288463295
rfsim5g-oai-du,0.005327043327251591
rfsim5g-oai-du,0.005018393946055287
rfsim5g-oai-du,0.0039423094678067904
rfsim5g-oai-du,0.005347767558418149
rfsim5g-oai-du,0.00543135905427669
rfsim5g-oai-du,0.004475017988334253
rfsim5g-oai-du,0.0048241213544680805
rfsim5g-oai-du,0.004207597800436375
rfsim5g-oai-du,0.0038276968287145803
rfsim5g-oai-du,0.00496188211628793
rfsim5g-oai-du,0.005788251635088613
rfsim5g-oai-du,0.004557497471512384
rfsim5g-oai-du,0.0055848048595292426
rfsim5g-oai-du,0.005433539528339733
rfsim5g-oai-du,0.005915673723703588
rfsim5g-oai-du,0.0041611061458751725
rfsim5g-oai-du,0.004861915837469942
rfsim5g-oai-du,0.004245616540509029
rfsim5g-oai-du,0.003926344848498469
rfsim5g-oai-du,0.005395478650524579
rfsim5g-oai-du,0.004831715191144614
rfsim5g-oai-du,0.005641450065835031
rfsim5g-oai-du,0.00440239376018225
rfsim5g-oai-du,0.0045760924144704574
rfsim5g-oai-du,0.005290252594852066
rfsim5g-oai-du,0.005128332557986456
rfsim5g-oai-du,0.004773829036009666
rfsim5g-oai-du,0.00451624805248956
rfsim5g-oai-du,0.004387572835507411
rfsim5g-oai-du,0.006230556268055725
rfsim5g-oai-du,0.005283736015057296
rfsim5g-oai-du,0.004854377768537051
rfsim5g-oai-du,0.006764323590583225
rfsim5g-oai-du,0.005238465129657399
rfsim5g-oai-du,0.005625655146473084
rfsim5g-oai-du,0.004782451013364102
rfsim5g-oai-du,0.004432806538349508
rfsim5g-oai-du,0.005232157050348357
rfsim5g-oai-du,0.00555953436106572
rfsim5g-oai-du,0.004791120527011704
rfsim5g-oai-du,0.004781118638647648
rfsim5g-oai-du,0.005018000205573284
rfsim5g-oai-du,0.004715825171310989
rfsim5g-oai-du,0.004483981452718219
rfsim5g-oai-du,0.005909131707097115
rfsim5g-oai-du,0.004492960523942702
rfsim5g-oai-du,0.005457432726125057
rfsim5g-oai-du,0.005041859748399296
rfsim5g-oai-du,0.004689686614557897
rfsim5g-oai-du,0.005591459941377709
rfsim5g-oai-du,0.004537704867433476
rfsim5g-oai-du,0.005278960474308361
rfsim5g-oai-du,0.004697841039053146
rfsim5g-oai-du,0.005722969834655644
rfsim5g-oai-du,0.00466286985238702
rfsim5g-oai-du,0.005132643290926057
rfsim5g-oai-du,0.005847586126806208
rfsim5g-oai-du,0.004514211023516532
rfsim5g-oai-du,0.0049938699555574775
rfsim5g-oai-du,0.004681423431672633
rfsim5g-oai-du,0.005964660161744036
rfsim5g-oai-du,0.006641418095112596
rfsim5g-oai-du,0.005673544193916909
rfsim5g-oai-du,0.005921475364803072
rfsim5g-oai-du,0.005029847702291151
rfsim5g-oai-du,0.005461936630909904
rfsim5g-oai-du,0.0062248970335053826
rfsim5g-oai-du,0.006700147044541576
rfsim5g-oai-du,0.004382688520455042
rfsim5g-oai-du,0.006055448197578472
rfsim5g-oai-du,0.0058732417904970285
rfsim5g-oai-du,0.004652601357549067
rfsim5g-oai-du,0.004936797504115243
rfsim5g-oai-du,0.0050056071762245285
rfsim5g-oai-du,0.004371445833518676
rfsim5g-oai-du,0.005501175712951044
rfsim5g-oai-du,0.004462095678059568
rfsim5g-oai-du,0.004080314244762926
rfsim5g-oai-du,0.004375905226019805
rfsim5g-oai-du,0.005738973715545905
rfsim5g-oai-du,0.005246719588265089
rfsim5g-oai-du,0.004455744627388687
rfsim5g-oai-du,0.004679835129714003
rfsim5g-oai-du,0.003970728999978024
rfsim5g-oai-du,0.004382933440419946
rfsim5g-oai-du,0.0058139822854686414
rfsim5g-oai-du,0.003875003506708013
rfsim5g-oai-du,0.006023582136150726
rfsim5g-oai-du,0.005649808612651661
rfsim5g-oai-du,0.005154961731368416
rfsim5g-oai-du,0.00532612527895014
rfsim5g-oai-du,0.005197411144744753
rfsim5g-oai-du,0.004812326647825654
rfsim5g-oai-du,0.004078510712006618
rfsim5g-oai-du,0.004365477915033209
rfsim5g-oai-du,0.005776023178958831
rfsim5g-oai-du,0.005364210812656483
rfsim5g-oai-du,0.005324248508991605
rfsim5g-oai-du,0.00405775392670154
rfsim5g-oai-du,0.004835836171181526
rfsim5g-oai-du,0.004584441505890834
rfsim5g-oai-du,0.005353114394938565
rfsim5g-oai-du,0.004922664483244324
rfsim5g-oai-du,0.0052209106883370415
rfsim5g-oai-du,0.005520763631943069
rfsim5g-oai-du,0.004566421435360244
rfsim5g-oai-du,0.005853555533452703
rfsim5g-oai-du,0.005165911632738664
rfsim5g-oai-du,0.004357669095134963
rfsim5g-oai-du,0.005218164927257631
rfsim5g-oai-du,0.005175963193063269
rfsim5g-oai-du,0.005112603280666816
rfsim5g-oai-du,0.005237827337158312
rfsim5g-oai-du,0.004240309708628637
rfsim5g-oai-du,0.005541836742040638
rfsim5g-oai-du,0.004748585037687039
rfsim5g-oai-du,0.004589975841566635
rfsim5g-oai-du,0.004687106381097729
rfsim5g-oai-du,0.004462758990341044
rfsim5g-oai-du,0.005721985721548142
rfsim5g-oai-du,0.005166219796965556
rfsim5g-oai-du,0.0048838822356183
rfsim5g-oai-du,0.004845641238822958
rfsim5g-oai-du,0.005007862828586024
rfsim5g-oai-du,0.004790745156883381
rfsim5g-oai-du,0.00535065658103967
rfsim5g-oai-du,0.004592903831941153
rfsim5g-oai-du,0.005660941904996531
rfsim5g-oai-du,0.0046222270507257565
rfsim5g-oai-du,0.004057216873764854
rfsim5g-oai-du,0.004700346016673839
rfsim5g-oai-du,0.005823868948910679
rfsim5g-oai-du,0.00647009275302536
rfsim5g-oai-du,0.004719508411257774
rfsim5g-oai-du,0.005491662885038566
rfsim5g-oai-du,0.005610742986798703
rfsim5g-oai-du,0.004133555163043601
rfsim5g-oai-du,0.005358992255434896
rfsim5g-oai-du,0.004524302264492615
rfsim5g-oai-du,0.006025972373188411
rfsim5g-oai-du,0.005209593649543973
rfsim5g-oai-du,0.004202291959150591
rfsim5g-oai-du,0.005071416234774373
rfsim5g-oai-du,0.00435714684335983
rfsim5g-oai-du,0.0052778038036267235
rfsim5g-oai-du,0.004664037638213171
rfsim5g-oai-du,0.004986757142857146
rfsim5g-oai-du,0.004332801282618331
rfsim5g-oai-du,0.004177391342049074
rfsim5g-oai-du,0.004203330909818606
rfsim5g-oai-du,0.005563468783351086
rfsim5g-oai-du,0.004915700418000641
rfsim5g-oai-du,0.0045665231506700245
rfsim5g-oai-du,0.00525520204815344
rfsim5g-oai-du,0.004932492994879645
rfsim5g-oai-du,0.004202004706395142
rfsim5g-oai-du,0.004855558842909843
rfsim5g-oai-du,0.004510673102266855
rfsim5g-oai-du,0.005601494355122131
rfsim5g-oai-du,0.0043844545334739676
rfsim5g-oai-du,0.004895773023589351
rfsim5g-oai-du,0.0044839579291650064
rfsim5g-oai-du,0.004605128743923462
rfsim5g-oai-du,0.004933033222070355
rfsim5g-oai-du,0.004201858967227971
rfsim5g-oai-du,0.0038384156673414837
rfsim5g-oai-du,0.004528443767103493
rfsim5g-oai-du,0.005513144347787404
rfsim5g-oai-du,0.005541460915554767
rfsim5g-oai-du,0.005030065155372171
rfsim5g-oai-du,0.004521937104985834
rfsim5g-oai-du,0.0045188650149228455
rfsim5g-oai-du,0.004920437403575604
rfsim5g-oai-du,0.004654234209093517
rfsim5g-oai-du,0.005113657931754292
rfsim5g-oai-du,0.004713095063072986
rfsim5g-oai-du,0.005257078863646508
rfsim5g-oai-du,0.005337051821481391
rfsim5g-oai-du,0.0052215127481291205
rfsim5g-oai-du,0.0041294924721064896
rfsim5g-oai-du,0.0045059912919215555
rfsim5g-oai-du,0.005489264792569017
rfsim5g-oai-du,0.004440863551109725
rfsim5g-oai-du,0.0057585206537757
rfsim5g-oai-du,0.0064536872578173895
rfsim5g-oai-du,0.004403243241416626
rfsim5g-oai-du,0.005020197981436506
rfsim5g-oai-du,0.0037438162791745703
rfsim5g-oai-du,0.004670883241365668
rfsim5g-oai-du,0.004966246597929068
rfsim5g-oai-du,0.005183714577791399
rfsim5g-oai-du,0.005047735770659782
rfsim5g-oai-du,0.0057736060229467215
rfsim5g-oai-du,0.003946987905283905
rfsim5g-oai-du,0.004593203346574526
rfsim5g-oai-du,0.004881016089301094
rfsim5g-oai-du,0.004920239153174388
rfsim5g-oai-du,0.005607365199199524
rfsim5g-oai-du,0.004505387097507666
rfsim5g-oai-du,0.004030307963434628
rfsim5g-oai-du,0.004441643027888492
rfsim5g-oai-du,0.004466732558654359
rfsim5g-oai-du,0.004542123705179174
rfsim5g-oai-du,0.004759105644090285
rfsim5g-oai-du,0.005151464075833572
rfsim5g-oai-du,0.005505686758381483
rfsim5g-oai-du,0.005097758629230243
rfsim5g-oai-du,0.004374352351788792
rfsim5g-oai-du,0.005280082288258672
rfsim5g-oai-du,0.004341318725009021
rfsim5g-oai-du,0.005476747569065758
rfsim5g-oai-du,0.004965983937659019
rfsim5g-oai-du,0.004406889066924142
rfsim5g-oai-du,0.004927667464167379
rfsim5g-oai-du,0.004530514256239188
rfsim5g-oai-du,0.005072573937092554
rfsim5g-oai-du,0.005117227509665129
rfsim5g-oai-du,0.005390116067938019
rfsim5g-oai-du,0.004248405303853075
rfsim5g-oai-du,0.004535092415620526
rfsim5g-oai-du,0.00509067324412518
rfsim5g-oai-du,0.0040550952891964765
rfsim5g-oai-du,0.004257440726221518
rfsim5g-oai-du,0.004272697926020012
rfsim5g-oai-du,0.004298857101738125
rfsim5g-oai-du,0.005632345577327669
rfsim5g-oai-du,0.005240546020148237
rfsim5g-oai-du,0.0050387893723015
rfsim5g-oai-du,0.005166189791993673
rfsim5g-oai-du,0.005397718495103707
rfsim5g-oai-du,0.005564088330865046
rfsim5g-oai-du,0.00484265189327779
rfsim5g-oai-du,0.00526398609265657
rfsim5g-oai-du,0.004229363340419741
rfsim5g-oai-du,0.0048741702320844685
rfsim5g-oai-du,0.004868744197891867
rfsim5g-oai-du,0.005349710535770398
rfsim5g-oai-du,0.005224739524857476
rfsim5g-oai-du,0.0048898508106165325
rfsim5g-oai-du,0.00418444051735755
rfsim5g-oai-du,0.0049899374442825845
rfsim5g-oai-du,0.005444032093235631
rfsim5g-oai-du,0.005748753843143186
rfsim5g-oai-du,0.005814081168054513
rfsim5g-oai-du,0.007621643689516562
rfsim5g-oai-du,0.007268175561892308
rfsim5g-oai-du,0.0060955796977792895
rfsim5g-oai-du,0.006474346116711921
rfsim5g-oai-du,0.007646436523282035
rfsim5g-oai-du,0.0056825248060780945
rfsim5g-oai-du,0.006687611883260151
rfsim5g-oai-du,0.005511137462751113
rfsim5g-oai-du,0.005242709346419799
rfsim5g-oai-du,0.006531752464867349
rfsim5g-oai-du,0.005268332121347362
rfsim5g-oai-du,0.007205195828686073
rfsim5g-oai-du,0.005166861003350428
rfsim5g-oai-du,0.005278722249162343
rfsim5g-oai-du,0.006278905616293494
rfsim5g-oai-du,0.0048648478002116975
rfsim5g-oai-du,0.005404680398071205
rfsim5g-oai-du,0.004482371474492986
rfsim5g-oai-du,0.004475203395054925
rfsim5g-oai-du,0.004799852814901186
rfsim5g-oai-du,0.004113865372367253
rfsim5g-oai-du,0.0047934401203521505
rfsim5g-oai-du,0.0048783862034129195
rfsim5g-oai-du,0.006417862517295125
rfsim5g-oai-du,0.004269213729544304
rfsim5g-oai-du,0.005936228114552176
rfsim5g-oai-du,0.004540945473341503
rfsim5g-oai-du,0.004074012185465347
rfsim5g-oai-du,0.004548000399307812
rfsim5g-oai-du,0.004422972203735674
rfsim5g-oai-du,0.00467813421181053
rfsim5g-oai-du,0.005485112205510448
rfsim5g-oai-du,0.004701095607636313
rfsim5g-oai-du,0.0050421980222168155
rfsim5g-oai-du,0.00452224108112899
rfsim5g-oai-du,0.0051849988470322374
rfsim5g-oai-du,0.004616785394314095
rfsim5g-oai-du,0.005229589471844103
rfsim5g-oai-du,0.005265298931451115
rfsim5g-oai-du,0.004665035618294292
rfsim5g-oai-du,0.005155983080719149
rfsim5g-oai-du,0.004128730723475368
rfsim5g-oai-du,0.004144151304194661
rfsim5g-oai-du,0.004893591513923142
rfsim5g-oai-du,0.0044026924056678315
rfsim5g-oai-du,0.003914905383583275
rfsim5g-oai-du,0.004305646530352307
rfsim5g-oai-du,0.006106994313917313
rfsim5g-oai-du,0.004754159702371834
rfsim5g-oai-du,0.004145445962163606
rfsim5g-oai-du,0.004995932313600495
rfsim5g-oai-du,0.004838621920618066
rfsim5g-oai-du,0.004611840608914672
rfsim5g-oai-du,0.00420961782937242
rfsim5g-oai-du,0.004342928529186236
rfsim5g-oai-du,0.00642914377395676
rfsim5g-oai-du,0.004816429735101515
rfsim5g-oai-du,0.004702534293441045
rfsim5g-oai-du,0.004714014988107245
rfsim5g-oai-du,0.0042730772865009715
rfsim5g-oai-du,0.0053916007554681575
rfsim5g-oai-du,0.0045429731740969015
rfsim5g-oai-du,0.004684198525253853
rfsim5g-oai-du,0.005410306100291673
rfsim5g-oai-du,0.004498066303196927
rfsim5g-oai-du,0.005088589316691764
rfsim5g-oai-du,0.0047705060040102235
rfsim5g-oai-du,0.005333148917475861
rfsim5g-oai-du,0.004590121960848912
rfsim5g-oai-du,0.004878498832044962
rfsim5g-oai-du,0.004796024510610178
rfsim5g-oai-du,0.005147899325546846
rfsim5g-oai-du,0.0057034728736660234
rfsim5g-oai-du,0.005414757748098973
rfsim5g-oai-du,0.005183179116876536
rfsim5g-oai-du,0.005842669244041083
rfsim5g-oai-du,0.0041378546619168415
rfsim5g-oai-du,0.004263644481743033
rfsim5g-oai-du,0.0053054294033020215
rfsim5g-oai-du,0.0042597526204015265
rfsim5g-oai-du,0.004368802256303334
rfsim5g-oai-du,0.004748680991323586
rfsim5g-oai-du,0.00544364257073597
rfsim5g-oai-du,0.003821168384568347
rfsim5g-oai-du,0.004287985399825259
rfsim5g-oai-du,0.004260615670555539
rfsim5g-oai-du,0.005201248897149265
rfsim5g-oai-du,0.004691851154354256
rfsim5g-oai-du,0.00573201460368622
rfsim5g-oai-du,0.005378526068419281
rfsim5g-oai-du,0.006857647564373857
rfsim5g-oai-du,0.004971531372746525
rfsim5g-oai-du,0.004064043820609478
rfsim5g-oai-du,0.004417652721670475
rfsim5g-oai-du,0.004403563642588147
rfsim5g-oai-du,0.006522957069496818
rfsim5g-oai-du,0.004224890696909794
rfsim5g-oai-du,0.0040432422090730755
rfsim5g-oai-du,0.006698005884286724
rfsim5g-oai-du,0.00436425055884275
rfsim5g-oai-du,0.004083808495647677
rfsim5g-oai-du,0.004721897134025857
rfsim5g-oai-du,0.004360043978272256
rfsim5g-oai-du,0.005222167617445781
rfsim5g-oai-du,0.0042472067325163435
rfsim5g-oai-du,0.003494767929701753
rfsim5g-oai-du,0.006450665587526004
rfsim5g-oai-du,0.0050282266195368725
rfsim5g-oai-du,0.004540120713349768
rfsim5g-oai-du,0.00425071344561999
rfsim5g-oai-du,0.004984256511873311
rfsim5g-oai-du,0.005160919588353572
rfsim5g-oai-du,0.00590333183462012
rfsim5g-oai-du,0.006077486918841453
rfsim5g-oai-du,0.004588986641905283
rfsim5g-oai-du,0.005371405401883296
rfsim5g-oai-du,0.004104361293562754
rfsim5g-oai-du,0.0036653261498207803
rfsim5g-oai-du,0.004035074376127173
rfsim5g-oai-du,0.0044924175131929684
rfsim5g-oai-du,0.004539595205418901
rfsim5g-oai-du,0.005365186315742843
rfsim5g-oai-du,0.0050569884230563834
rfsim5g-oai-du,0.004622773220293836
rfsim5g-oai-du,0.004245571053684975
rfsim5g-oai-du,0.005133815549526363
rfsim5g-oai-du,0.004941839923497778
rfsim5g-oai-du,0.005889556375928489
rfsim5g-oai-du,0.005426888759906309
rfsim5g-oai-du,0.004047175778546681
rfsim5g-oai-du,0.005217037794396749
rfsim5g-oai-du,0.00431397006362315
rfsim5g-oai-du,0.0050925200651126875
rfsim5g-oai-du,0.0047509129569759225
rfsim5g-oai-du,0.004628896000542571
rfsim5g-oai-du,0.004282143971422717
rfsim5g-oai-du,0.004019733601010477
rfsim5g-oai-du,0.005029508165658963
rfsim5g-oai-du,0.00409900918072717
rfsim5g-oai-du,0.004727907899485692
rfsim5g-oai-du,0.004492440909612954
rfsim5g-oai-du,0.004071984357413609
rfsim5g-oai-du,0.004395686091650325
rfsim5g-oai-du,0.00488299855288848
rfsim5g-oai-du,0.004522189866509006
rfsim5g-oai-du,0.004738909762808955
rfsim5g-oai-du,0.0035622592727356226
rfsim5g-oai-du,0.004877429627271281
rfsim5g-oai-du,0.005801372096069938
rfsim5g-oai-du,0.004517746441048041
rfsim5g-oai-du,0.004936401965065566
rfsim5g-oai-du,0.004385741965065522
rfsim5g-oai-du,0.004961815114473718
rfsim5g-oai-du,0.0037140372832432985
rfsim5g-oai-du,0.005976265159301073
rfsim5g-oai-du,0.004322956593995263
rfsim5g-oai-du,0.0051437612631863175
rfsim5g-oai-du,0.004384532558087214
rfsim5g-oai-du,0.005212483501653256
rfsim5g-oai-du,0.004857481904676259
rfsim5g-oai-du,0.003939899060880175
rfsim5g-oai-du,0.005509244908582211
rfsim5g-oai-du,0.004296368295486658
rfsim5g-oai-du,0.005509013165029183
rfsim5g-oai-du,0.006154980632680975
rfsim5g-oai-du,0.005170098133818848
rfsim5g-oai-du,0.004304870141101585
rfsim5g-oai-du,0.004167868479745074
rfsim5g-oai-du,0.003934887397350331
rfsim5g-oai-du,0.004169299551078428
rfsim5g-oai-du,0.004277304412569725
rfsim5g-oai-du,0.006059728369648602
rfsim5g-oai-du,0.004738832840992322
rfsim5g-oai-du,0.00479032894298476
rfsim5g-oai-du,0.004353648268662731
rfsim5g-oai-du,0.0047904602314372225
rfsim5g-oai-du,0.004278544839998308
rfsim5g-oai-du,0.004464626860102651
rfsim5g-oai-du,0.005148679030771266
rfsim5g-oai-du,0.005283021048241851
rfsim5g-oai-du,0.004380513642425966
rfsim5g-oai-du,0.005354848068359067
rfsim5g-oai-du,0.004848353572801106
rfsim5g-oai-du,0.005040267694463859
rfsim5g-oai-du,0.004259390272808194
rfsim5g-oai-du,0.005262367185541399
rfsim5g-oai-du,0.004025051530414528
rfsim5g-oai-du,0.006559272511794428
rfsim5g-oai-du,0.0049223934699501384
rfsim5g-oai-du,0.004005299808854985
rfsim5g-oai-du,0.005511229640824933
rfsim5g-oai-du,0.004049382245732501
rfsim5g-oai-du,0.0037472022559315245
rfsim5g-oai-du,0.004408779897956728
rfsim5g-oai-du,0.0046431156794105085
rfsim5g-oai-du,0.0048746936646302625
rfsim5g-oai-du,0.004304951570244228
rfsim5g-oai-du,0.0038016075389504084
rfsim5g-oai-du,0.005344200520080929
rfsim5g-oai-du,0.004574822594626064
rfsim5g-oai-du,0.003782331144444241
rfsim5g-oai-du,0.004920535565700355
rfsim5g-oai-du,0.0048683419839432515
rfsim5g-oai-du,0.004524424337148871
rfsim5g-oai-du,0.005863219922576386
rfsim5g-oai-du,0.004504415558294938
rfsim5g-oai-du,0.004590854841151278
rfsim5g-oai-du,0.004909610847985311
rfsim5g-oai-du,0.005072258750253717
rfsim5g-oai-du,0.004678977907160271
rfsim5g-oai-du,0.005221052129172096
rfsim5g-oai-du,0.0050011047548125685
rfsim5g-oai-du,0.0052746967112223845
rfsim5g-oai-du,0.006179211535554424
rfsim5g-oai-du,0.004656977175063078
rfsim5g-oai-du,0.004737913731672066
rfsim5g-oai-du,0.006331511741439801
rfsim5g-oai-du,0.004211491174143926
rfsim5g-oai-du,0.004602399706181655
rfsim5g-oai-du,0.0051666452706522585
rfsim5g-oai-du,0.005965317906950766
rfsim5g-oai-du,0.004723966529063955
rfsim5g-oai-du,0.005444691888876571
rfsim5g-oai-du,0.004708448622112902
rfsim5g-oai-du,0.004703215908316979
rfsim5g-oai-du,0.004349465653012686
rfsim5g-oai-du,0.005446591648700955
rfsim5g-oai-du,0.006293904799727592
rfsim5g-oai-du,0.0050361348707042035
rfsim5g-oai-du,0.0045885249300349215
rfsim5g-oai-du,0.004700259263405421
rfsim5g-oai-du,0.00622545496473747
rfsim5g-oai-du,0.004048161800214756
rfsim5g-oai-du,0.0046325393936684275
rfsim5g-oai-du,0.005238568458236472
rfsim5g-oai-du,0.005131492689143262
rfsim5g-oai-du,0.00414429370322397
rfsim5g-oai-du,0.004323044663432946
rfsim5g-oai-du,0.004770317318877016
rfsim5g-oai-du,0.004455745890305905
rfsim5g-oai-du,0.004433379328621787
rfsim5g-oai-du,0.004569126258833784
rfsim5g-oai-du,0.003733174580388732
rfsim5g-oai-du,0.004922343882508746
rfsim5g-oai-du,0.004962035314038787
rfsim5g-oai-du,0.004666781476282722
rfsim5g-oai-du,0.003985927455829802
rfsim5g-oai-du,0.00414743564378482
rfsim5g-oai-du,0.004320045624649793
rfsim5g-oai-du,0.0033472387002798404
rfsim5g-oai-du,0.0044208423081232365
rfsim5g-oai-du,0.004883275316526725
rfsim5g-oai-du,0.004260590046874133
rfsim5g-oai-du,0.004755287773250964
rfsim5g-oai-du,0.003212532330135171
rfsim5g-oai-du,0.004704951570508515
rfsim5g-oai-du,0.0038415912275693914
rfsim5g-oai-du,0.0034387439434204127
rfsim5g-oai-du,0.004825362032989884
rfsim5g-oai-du,0.004759210503195675
rfsim5g-oai-du,0.0034072390550691617
rfsim5g-oai-du,0.005243948064358393
rfsim5g-oai-du,0.004480310791590877
rfsim5g-oai-du,0.003872532734787995
rfsim5g-oai-du,0.00399678103802891
rfsim5g-oai-du,0.00387404069843795
rfsim5g-oai-du,0.004833092118506874
rfsim5g-oai-du,0.004993631460329849
rfsim5g-oai-du,0.0040081103952173715
rfsim5g-oai-du,0.0036845964795748547
rfsim5g-oai-du,0.004518622517435977
rfsim5g-oai-du,0.0047976381047271175
rfsim5g-oai-du,0.005115517079466812
rfsim5g-oai-du,0.003412212074682305
rfsim5g-oai-du,0.004650378485435064
rfsim5g-oai-du,0.004264301466497665
rfsim5g-oai-du,0.00456148947207796
rfsim5g-oai-du,0.003508773595187015
rfsim5g-oai-du,0.004837164261737634
rfsim5g-oai-du,0.004215450390165303
rfsim5g-oai-du,0.004102471168041707
rfsim5g-oai-du,0.004309522492401041
rfsim5g-oai-du,0.004179553669127167
rfsim5g-oai-du,0.0055150252279636165
rfsim5g-oai-du,0.004800730839880752
rfsim5g-oai-du,0.0034493029323892665
rfsim5g-oai-du,0.00559588246099357
rfsim5g-oai-du,0.003965208011508198
rfsim5g-oai-du,0.003588735334873018
rfsim5g-oai-du,0.005758382558011541
rfsim5g-oai-du,0.0035899652479930233
rfsim5g-oai-du,0.004439027867590358
rfsim5g-oai-du,0.003974040503910358
rfsim5g-oai-du,0.005437382376466339
rfsim5g-oai-du,0.0041864050391041754
rfsim5g-oai-du,0.003501982292037021
rfsim5g-oai-du,0.004904832288262825
rfsim5g-oai-du,0.003644106111454369
rfsim5g-oai-du,0.004307831338867778
rfsim5g-oai-du,0.004447622229091167
rfsim5g-oai-du,0.004469342410662877
rfsim5g-oai-du,0.004893233390784861
rfsim5g-oai-du,0.004430022268183563
rfsim5g-oai-du,0.0037511197058486406
rfsim5g-oai-du,0.004550912858926458
rfsim5g-oai-du,0.004793429077289912
rfsim5g-oai-du,0.004392915741686487
rfsim5g-oai-du,0.004179359437067395
rfsim5g-oai-du,0.0039097939076628875
rfsim5g-oai-du,0.005299767344348368
rfsim5g-oai-du,0.0051242732712313555
rfsim5g-oai-du,0.003568156433444238
rfsim5g-oai-du,0.004628220839504162
rfsim5g-oai-du,0.0037167666055125995
rfsim5g-oai-du,0.006078533630998502
rfsim5g-oai-du,0.0032616084746137364
rfsim5g-oai-du,0.004548548674528069
rfsim5g-oai-du,0.003698900390105362
rfsim5g-oai-du,0.003971824807163746
rfsim5g-oai-du,0.00552702325117492
rfsim5g-oai-du,0.0038061686599894476
rfsim5g-oai-du,0.003431139585358487
rfsim5g-oai-du,0.004472411363071392
rfsim5g-oai-du,0.005099992878298318
rfsim5g-oai-du,0.004032394894828022
rfsim5g-oai-du,0.004042165295503942
rfsim5g-oai-du,0.005517630008449342
rfsim5g-oai-du,0.0031794431893981887
rfsim5g-oai-du,0.004240098326450654
rfsim5g-oai-du,0.004724722777656821
rfsim5g-oai-du,0.0034160970441207586
rfsim5g-oai-du,0.004336928298195961
rfsim5g-oai-du,0.005384361385806939
rfsim5g-oai-du,0.0036840919034756277
rfsim5g-oai-du,0.004329055896600029
rfsim5g-oai-du,0.0037077989597519077
rfsim5g-oai-du,0.003927932031767062
rfsim5g-oai-du,0.004743780300022229
rfsim5g-oai-du,0.005311990072799595
rfsim5g-oai-du,0.0029908967350540886
rfsim5g-oai-du,0.003942333111303506
rfsim5g-oai-du,0.0046579354115321835
rfsim5g-oai-du,0.004420062723417478
rfsim5g-oai-du,0.004389434556717446
rfsim5g-oai-du,0.0050828557940300195
rfsim5g-oai-du,0.003764105519298717
rfsim5g-oai-du,0.004270822220727179
rfsim5g-oai-du,0.0039347944111774525
rfsim5g-oai-du,0.004227077957947406
rfsim5g-oai-du,0.0055377007083037885
rfsim5g-oai-du,0.0032269259622238525
rfsim5g-oai-du,0.004497059047576676
rfsim5g-oai-du,0.0036332638075817765
rfsim5g-oai-du,0.004142873446030581
rfsim5g-oai-du,0.005334755771887227
rfsim5g-oai-du,0.004009434958012642
rfsim5g-oai-du,0.0051105310055624366
rfsim5g-oai-du,0.0039956153963151475
rfsim5g-oai-du,0.0041803439944376975
rfsim5g-oai-du,0.003791564357726513
rfsim5g-oai-du,0.003881675626453611
rfsim5g-oai-du,0.004390299929784459
rfsim5g-oai-du,0.003662694167727034
rfsim5g-oai-du,0.005342019440909317
rfsim5g-oai-du,0.004061714053596684
rfsim5g-oai-du,0.005486970508368925
rfsim5g-oai-du,0.004124591368411758
rfsim5g-oai-du,0.003619023237179327
rfsim5g-oai-du,0.003755541715654353
rfsim5g-oai-du,0.004266097735684938
rfsim5g-oai-du,0.005690486392336244
rfsim5g-oai-du,0.003763970934030031
rfsim5g-oai-du,0.00446116583821875
rfsim5g-oai-du,0.004463900786839756
rfsim5g-oai-du,0.003752907496154861
rfsim5g-oai-du,0.005216313510019473
rfsim5g-oai-du,0.004589900184883501
rfsim5g-oai-du,0.003953046418981404
rfsim5g-oai-du,0.005471331447814592
rfsim5g-oai-du,0.0033228522692257843
rfsim5g-oai-du,0.0033726131733615786
rfsim5g-oai-du,0.005428417119625242
rfsim5g-oai-du,0.004956792390295448
rfsim5g-oai-du,0.003922878187281876
rfsim5g-oai-du,0.00478290918798778
rfsim5g-oai-du,0.004117604607069624
rfsim5g-oai-du,0.003937809375408625
rfsim5g-oai-du,0.004587924159874421
rfsim5g-oai-du,0.003718518433636514
rfsim5g-oai-du,0.004385072588642043
rfsim5g-oai-du,0.0045244000088145876
rfsim5g-oai-du,0.005166746733070168
rfsim5g-oai-du,0.004809598078498016
rfsim5g-oai-du,0.005108489695171991
rfsim5g-oai-du,0.0035505045049035776
rfsim5g-oai-du,0.004059875522989331
rfsim5g-oai-du,0.004530581828062275
rfsim5g-oai-du,0.003866833105097239
rfsim5g-oai-du,0.0043483882838822215
rfsim5g-oai-du,0.004408425105966702
rfsim5g-oai-du,0.004747664187668213
rfsim5g-oai-du,0.004049313170322651
rfsim5g-oai-du,0.003935430970561169
rfsim5g-oai-du,0.00516974431742961
rfsim5g-oai-du,0.004054881439029275
rfsim5g-oai-du,0.004475153171102941
rfsim5g-oai-du,0.0044441026886654425
rfsim5g-oai-du,0.003894965031677666
rfsim5g-oai-du,0.003983973680180387
rfsim5g-oai-du,0.0044166528321701514
rfsim5g-oai-du,0.003575847397554036
rfsim5g-oai-du,0.0037535501126739522
rfsim5g-oai-du,0.004334278949298776
rfsim5g-oai-du,0.0037864558540385874
rfsim5g-oai-du,0.005565252337947865
rfsim5g-oai-du,0.00353937886219833
rfsim5g-oai-du,0.004011902606221205
rfsim5g-oai-du,0.0043717469443185835
rfsim5g-oai-du,0.0036566753109572646
rfsim5g-oai-du,0.004695075233352774
rfsim5g-oai-du,0.004655292807435068
rfsim5g-oai-du,0.0038755523074810202
rfsim5g-oai-du,0.0050180034108597855
rfsim5g-oai-du,0.003839710420291079
rfsim5g-oai-du,0.004793055286043268
rfsim5g-oai-du,0.004269308220250093
rfsim5g-oai-du,0.003466046142496187
rfsim5g-oai-du,0.004266358453868603
rfsim5g-oai-du,0.004653648252510823
rfsim5g-oai-du,0.004934880743534774
rfsim5g-oai-du,0.003507078625641694
rfsim5g-oai-du,0.003921359428259949
rfsim5g-oai-du,0.00451619831830743
rfsim5g-oai-du,0.003852035724723843
rfsim5g-oai-du,0.004195135119944228
rfsim5g-oai-du,0.005452758807527427
rfsim5g-oai-du,0.003994858258612019
rfsim5g-oai-du,0.0033592404171301133
rfsim5g-oai-du,0.005193805550101398
rfsim5g-oai-du,0.005255954250932804
rfsim5g-oai-du,0.004226938175404359
rfsim5g-oai-du,0.003892000044654947
rfsim5g-oai-du,0.00458964707064396
rfsim5g-oai-du,0.003957879431990815
rfsim5g-oai-du,0.0040081777025279585
rfsim5g-oai-du,0.0048904101673711625
rfsim5g-oai-du,0.004861835432663075
rfsim5g-oai-du,0.0042446124795098876
rfsim5g-oai-du,0.0048295805551282055
rfsim5g-oai-du,0.003634951915258244
rfsim5g-oai-du,0.005513253653605332
rfsim5g-oai-du,0.003676689031492517
rfsim5g-oai-du,0.0039351132050404036
rfsim5g-oai-du,0.004512700223663996
rfsim5g-oai-du,0.00478594191376749
rfsim5g-oai-du,0.004064926633744607
rfsim5g-oai-du,0.005033738558887567
rfsim5g-oai-du,0.004886676930618242
rfsim5g-oai-du,0.0037204886145891965
rfsim5g-oai-du,0.004457396172184834
rfsim5g-oai-du,0.004819414097609375
rfsim5g-oai-du,0.0044054735529390305
rfsim5g-oai-du,0.0040598717643357965
rfsim5g-oai-du,0.0050644459599137204
rfsim5g-oai-du,0.003723705712532003
rfsim5g-oai-du,0.004198526789570683
rfsim5g-oai-du,0.0044948744288605
rfsim5g-oai-du,0.004971278170534845
rfsim5g-oai-du,0.004192991007070653
rfsim5g-oai-du,0.005452848813528536
rfsim5g-oai-du,0.003983717992723212
rfsim5g-oai-du,0.00415606805336242
rfsim5g-oai-du,0.005540800672888936
rfsim5g-oai-du,0.004175915042326632
rfsim5g-oai-du,0.0037065256131975305
rfsim5g-oai-du,0.003976755632732837
rfsim5g-oai-du,0.004150509722850269
rfsim5g-oai-du,0.0037859794129679954
rfsim5g-oai-du,0.005246223830135475
rfsim5g-oai-du,0.004572927880784665
rfsim5g-oai-du,0.0035630458371678692
rfsim5g-oai-du,0.004294449594828438
rfsim5g-oai-du,0.004770993535208569
rfsim5g-oai-du,0.00456885952546637
rfsim5g-oai-du,0.004082469381050719
rfsim5g-oai-du,0.004551726444434785
rfsim5g-oai-du,0.0045149450041612645
rfsim5g-oai-du,0.004058894585833631
rfsim5g-oai-du,0.0033296713557548854
rfsim5g-oai-du,0.004789297193224735
rfsim5g-oai-du,0.004579294232866712
rfsim5g-oai-du,0.004258484452556526
rfsim5g-oai-du,0.004229782257176405
rfsim5g-oai-du,0.0045683932324367856
rfsim5g-oai-du,0.004427828982442156
rfsim5g-oai-du,0.003929745269094381
rfsim5g-oai-du,0.00369858767489665
rfsim5g-oai-du,0.005153918282088978
rfsim5g-oai-du,0.0036012196680002377
rfsim5g-oai-du,0.004724658407197013
rfsim5g-oai-du,0.0029812816791859303
rfsim5g-oai-du,0.005809515000666704
rfsim5g-oai-du,0.00383092935241574
rfsim5g-oai-du,0.004340249811102836
rfsim5g-oai-du,0.0041671346166394785
rfsim5g-oai-du,0.004843846525285491
rfsim5g-oai-du,0.004800247330070711
rfsim5g-oai-du,0.003609507101685687
rfsim5g-oai-du,0.004109799375961544
rfsim5g-oai-du,0.0046949106628242435
rfsim5g-oai-du,0.0030951319364694056
rfsim5g-oai-du,0.005085670191328632
rfsim5g-oai-du,0.004269540974662223
rfsim5g-oai-du,0.004331803234324948
rfsim5g-oai-du,0.004303358438270768
rfsim5g-oai-du,0.0045487050479037835
rfsim5g-oai-du,0.003502566321901582
rfsim5g-oai-du,0.0038048484394845507
rfsim5g-oai-du,0.005598118354200473
rfsim5g-oai-du,0.004444196538740682
rfsim5g-oai-du,0.0046282424288974595
rfsim5g-oai-du,0.004325055104459165
rfsim5g-oai-du,0.004920826939957851
rfsim5g-oai-du,0.004038791147296143
rfsim5g-oai-du,0.003961483272679242
rfsim5g-oai-du,0.004155143464725631
rfsim5g-oai-du,0.004770031635024308
rfsim5g-oai-du,0.004964958455737144
rfsim5g-oai-du,0.00353117142734394
rfsim5g-oai-du,0.0046680220995662354
rfsim5g-oai-du,0.004357069563163126
rfsim5g-oai-du,0.004931742214681388
rfsim5g-oai-du,0.005125294992210309
rfsim5g-oai-du,0.0032961196527931855
rfsim5g-oai-du,0.004541466236367674
rfsim5g-oai-du,0.004493268840418238
rfsim5g-oai-du,0.004232965327149828
rfsim5g-oai-du,0.0034777595651130405
rfsim5g-oai-du,0.004538627873908973
rfsim5g-oai-du,0.005495369982280796
rfsim5g-oai-du,0.00418964124841284
rfsim5g-oai-du,0.004833241239502144
rfsim5g-oai-du,0.004808740114504505
rfsim5g-oai-du,0.0039678803047518306
rfsim5g-oai-du,0.005607180741036045
rfsim5g-oai-du,0.0050683127588422635
rfsim5g-oai-du,0.0035812760835380927
rfsim5g-oai-du,0.003560364560494202
rfsim5g-oai-du,0.00523292057534554
rfsim5g-oai-du,0.004858917810989925
rfsim5g-oai-du,0.0042100507023263
rfsim5g-oai-du,0.003246063849870697
rfsim5g-oai-du,0.004549800271346385
rfsim5g-oai-du,0.003923939703298582
rfsim5g-oai-du,0.00474820322056882
rfsim5g-oai-du,0.003978939058294858
rfsim5g-oai-du,0.00398144618347656
rfsim5g-oai-du,0.004538515850526859
rfsim5g-oai-du,0.004373035730098477
rfsim5g-oai-du,0.004345176126804163
rfsim5g-oai-du,0.0033922110071546207
rfsim5g-oai-du,0.0035872387892129966
rfsim5g-oai-du,0.005485764711062011
rfsim5g-oai-du,0.005135213626857477
rfsim5g-oai-du,0.003921293495004642
rfsim5g-oai-du,0.0039763533295189375
rfsim5g-oai-du,0.004599204062321416
rfsim5g-oai-du,0.004722103670613181
rfsim5g-oai-du,0.005213728434504721
rfsim5g-oai-du,0.004220719367322173
rfsim5g-oai-du,0.004449805809296667
rfsim5g-oai-du,0.0034843439679611054
rfsim5g-oai-du,0.004699805360349605
rfsim5g-oai-du,0.0032012373140617107
rfsim5g-oai-du,0.0037825152630295918
rfsim5g-oai-du,0.005096910616506559
rfsim5g-oai-du,0.0037093085026831717
rfsim5g-oai-du,0.0037052509017330786
rfsim5g-oai-du,0.004461089095627616
rfsim5g-oai-du,0.005287027799771183
rfsim5g-oai-du,0.004808153267502553
rfsim5g-oai-du,0.004007270919782554
rfsim5g-oai-du,0.004140841695328838
rfsim5g-oai-du,0.004417228292466559
rfsim5g-oai-du,0.002560407346430235
rfsim5g-oai-du,0.006584536698778623
rfsim5g-oai-du,0.004110157652346103
rfsim5g-oai-du,0.003860426435579675
rfsim5g-oai-du,0.0045838927631578225
rfsim5g-oai-du,0.00424104555353911
rfsim5g-oai-du,0.004602026383847307
rfsim5g-oai-du,0.0037664665607987933
rfsim5g-oai-du,0.0049630034909346876
rfsim5g-oai-du,0.00462223099077062
rfsim5g-oai-du,0.003937473741627383
rfsim5g-oai-du,0.0041638943992321695
rfsim5g-oai-du,0.003991823965505954
rfsim5g-oai-du,0.004193178630353887
rfsim5g-oai-du,0.004343923356138926
rfsim5g-oai-du,0.005152179444309883
rfsim5g-oai-du,0.004406177530724692
rfsim5g-oai-du,0.004591320015633851
rfsim5g-oai-du,0.004077038368002751
rfsim5g-oai-du,0.004340943631389303
rfsim5g-oai-du,0.005239380441398835
rfsim5g-oai-du,0.0037454935187897476
rfsim5g-oai-du,0.004083348091706329
rfsim5g-oai-du,0.00430225625014086
rfsim5g-oai-du,0.004707378005149968
rfsim5g-oai-du,0.005426998564364383
rfsim5g-oai-du,0.00406364314199127
rfsim5g-oai-du,0.004131297336098004
rfsim5g-oai-du,0.004463188533409463
rfsim5g-oai-du,0.004014092114797612
rfsim5g-oai-du,0.0047426157528378836
rfsim5g-oai-du,0.0042983240157219785
rfsim5g-oai-du,0.004288619921305156
rfsim5g-oai-du,0.004269958442017749
rfsim5g-oai-du,0.00400587758079489
rfsim5g-oai-du,0.005333052743269002
rfsim5g-oai-du,0.004247308155649141
rfsim5g-oai-du,0.0038944437048516168
rfsim5g-oai-du,0.004407400798760256
rfsim5g-oai-du,0.005099877436110117
rfsim5g-oai-du,0.0037914096755269355
rfsim5g-oai-du,0.004637839839342993
rfsim5g-oai-du,0.004153370955367898
rfsim5g-oai-du,0.0052329029965251595
rfsim5g-oai-du,0.00418202807194098
rfsim5g-oai-du,0.004649245711534967
rfsim5g-oai-du,0.004695532338526058
rfsim5g-oai-du,0.004011975319446832
rfsim5g-oai-du,0.004022075836414867
rfsim5g-oai-du,0.004474452272878191
rfsim5g-oai-du,0.00466877860195285
rfsim5g-oai-du,0.004456002125633909
rfsim5g-oai-du,0.004455054289603251
rfsim5g-oai-du,0.004624435524236083
rfsim5g-oai-du,0.003542047879346937
rfsim5g-oai-du,0.004426333201615855
rfsim5g-oai-du,0.0043957922309093905
rfsim5g-oai-du,0.003920338388048693
rfsim5g-oai-du,0.0047335695004620815
rfsim5g-oai-du,0.004419024424866335
rfsim5g-oai-du,0.0038503939320602702
rfsim5g-oai-du,0.006157183556279215
rfsim5g-oai-du,0.0031488323506116238
rfsim5g-oai-du,0.003928790966294263
rfsim5g-oai-du,0.0037083570781427555
rfsim5g-oai-du,0.0051697626274063106
rfsim5g-oai-du,0.004388236149490542
rfsim5g-oai-du,0.0036981423782558444
rfsim5g-oai-du,0.003963225330207619
rfsim5g-oai-du,0.004829414664382637
rfsim5g-oai-du,0.004218629558670993
rfsim5g-oai-du,0.004002295789568531
rfsim5g-oai-du,0.00410681622028758
rfsim5g-oai-du,0.0041691091468954635
rfsim5g-oai-du,0.00529821291065763
rfsim5g-oai-du,0.00392410657716908
rfsim5g-oai-du,0.0031621322412210997
rfsim5g-oai-du,0.005022169486587826
rfsim5g-oai-du,0.0048099624633038615
rfsim5g-oai-du,0.004136720301190037
rfsim5g-oai-du,0.004622355823093778
rfsim5g-oai-du,0.0034564151156485203
rfsim5g-oai-du,0.004185817311167107
rfsim5g-oai-du,0.004766766692265775
rfsim5g-oai-du,0.004837188032809265
rfsim5g-oai-du,0.00500494507165577
rfsim5g-oai-du,0.003637410557117064
rfsim5g-oai-du,0.004012402677296151
rfsim5g-oai-du,0.004999126294182691
rfsim5g-oai-du,0.00400428060361369
rfsim5g-oai-du,0.0044871577154716015
rfsim5g-oai-du,0.0035931828660366472
rfsim5g-oai-du,0.004060630243126639
rfsim5g-oai-du,0.004689856509884055
rfsim5g-oai-du,0.004721688888888992
rfsim5g-oai-du,0.004585989661440537
rfsim5g-oai-du,0.0029372252794887055
rfsim5g-oai-du,0.005436443166780799
rfsim5g-oai-du,0.0036464372804014614
rfsim5g-oai-du,0.005678090782568919
rfsim5g-oai-du,0.0042639558975354624
rfsim5g-oai-du,0.005168254678022928
rfsim5g-oai-du,0.0034082046393080524
rfsim5g-oai-du,0.004434366240805358
rfsim5g-oai-du,0.00394780822314213
rfsim5g-oai-du,0.005378556676016366
rfsim5g-oai-du,0.005050589800097773
rfsim5g-oai-du,0.00406291044477092
rfsim5g-oai-du,0.003166943468007578
rfsim5g-oai-du,0.005077661075019827
rfsim5g-oai-du,0.0044928029500759204
rfsim5g-oai-du,0.004691133932544215
rfsim5g-oai-du,0.004485506883490706
rfsim5g-oai-du,0.005019418180581305
rfsim5g-oai-du,0.0034426115306978953
rfsim5g-oai-du,0.004447619400784664
rfsim5g-oai-du,0.003483213290437129
rfsim5g-oai-du,0.004515927290880647
rfsim5g-oai-du,0.005827783137342138
rfsim5g-oai-du,0.0042162396494342174
rfsim5g-oai-du,0.00483978640243106
rfsim5g-oai-du,0.004088872979438976
rfsim5g-oai-du,0.0037082383292382066
rfsim5g-oai-du,0.005332925998965492
rfsim5g-oai-du,0.004696749269846946
rfsim5g-oai-du,0.0038856794406585153
rfsim5g-oai-du,0.004341778652978133
rfsim5g-oai-du,0.00445773836180196
rfsim5g-oai-du,0.0039417406487202815
rfsim5g-oai-du,0.004311335437988649
rfsim5g-oai-du,0.004323984386041036
rfsim5g-oai-du,0.004811805406760536
rfsim5g-oai-du,0.004042843080987755
rfsim5g-oai-du,0.005628088890407383
rfsim5g-oai-du,0.004204309260271588
rfsim5g-oai-du,0.0035585427029244505
rfsim5g-oai-du,0.004921264832560068
rfsim5g-oai-du,0.002796930185970452
rfsim5g-oai-du,0.005115080798637547
rfsim5g-oai-du,0.004574362926112793
rfsim5g-oai-du,0.004514849692974602
rfsim5g-oai-du,0.004882605043344881
rfsim5g-oai-du,0.004091201417735458
rfsim5g-oai-du,0.003298121320209314
rfsim5g-oai-du,0.005520903311346109
rfsim5g-oai-du,0.0042837677748685625
rfsim5g-oai-du,0.002864423514203253
rfsim5g-oai-du,0.005431351486625656
rfsim5g-oai-du,0.003577753184764447
rfsim5g-oai-du,0.0036474598639014704
rfsim5g-oai-du,0.005958961589318879
rfsim5g-oai-du,0.00406336291805044
rfsim5g-oai-du,0.005278649115618111
rfsim5g-oai-du,0.0034845630676771776
rfsim5g-oai-du,0.004996580857747924
rfsim5g-oai-du,0.0035144214641808654
rfsim5g-oai-du,0.004699636112734422
rfsim5g-oai-du,0.0034825812715111844
rfsim5g-oai-du,0.003693829436976239
rfsim5g-oai-du,0.005895889570751291
rfsim5g-oai-du,0.004719709066842916
rfsim5g-oai-du,0.0033286741892786386
rfsim5g-oai-du,0.005007414427531692
rfsim5g-oai-du,0.004379896657842216
rfsim5g-oai-du,0.004714226708485104
rfsim5g-oai-du,0.003755328194123479
rfsim5g-oai-du,0.004737476791020407
rfsim5g-oai-du,0.0041466374711126965
rfsim5g-oai-du,0.004715686462938103
rfsim5g-oai-du,0.004600614517265429
rfsim5g-oai-du,0.004763894483951561
rfsim5g-oai-du,0.0032924684476907146
rfsim5g-oai-du,0.004501468487394768
rfsim5g-oai-du,0.003928485160731239
rfsim5g-oai-du,0.0037948364345738272
rfsim5g-oai-du,0.005576978391356357
rfsim5g-oai-du,0.004855897850167121
rfsim5g-oai-du,0.004280234875794761
rfsim5g-oai-du,0.004603500589893105
rfsim5g-oai-du,0.004185870518450344
rfsim5g-oai-du,0.004204480854098779
rfsim5g-oai-du,0.0038548494182678128
rfsim5g-oai-du,0.005256992555610197
rfsim5g-oai-du,0.003846144786698134
rfsim5g-oai-du,0.0033643747041519536
rfsim5g-oai-du,0.004445374239642626
rfsim5g-oai-du,0.004860945033068516
rfsim5g-oai-du,0.004384798402972578
rfsim5g-oai-du,0.0039321234478365275
rfsim5g-oai-du,0.0037957883343224808
rfsim5g-oai-du,0.004968566009538093
rfsim5g-oai-du,0.004607322762137071
rfsim5g-oai-du,0.004460936709706038
rfsim5g-oai-du,0.005027959038290311
rfsim5g-oai-du,0.0037580269367766053
rfsim5g-oai-du,0.0037968153606411583
rfsim5g-oai-du,0.004257272540891133
rfsim5g-oai-du,0.003211234803766976
rfsim5g-oai-du,0.005177885729734624
rfsim5g-oai-du,0.0039694030775469435
rfsim5g-oai-du,0.004418297743423156
rfsim5g-oai-du,0.004273997037268027
rfsim5g-oai-du,0.0046300253725688675
rfsim5g-oai-du,0.0038604611837563248
rfsim5g-oai-du,0.00410697503882836
rfsim5g-oai-du,0.003927322365209659
rfsim5g-oai-du,0.00554820108719772
rfsim5g-oai-du,0.004376791324606107
rfsim5g-oai-du,0.0046499940319315
rfsim5g-oai-du,0.004175626843240416
rfsim5g-oai-du,0.0040443701073815536
rfsim5g-oai-du,0.004915208250746077
rfsim5g-oai-du,0.004060394311514543
rfsim5g-oai-du,0.004459518201845128
rfsim5g-oai-du,0.004485527340938522
rfsim5g-oai-du,0.004710861474033206
rfsim5g-oai-du,0.004153039279759872
rfsim5g-oai-du,0.005232741202623329
rfsim5g-oai-du,0.0038654293208847976
rfsim5g-oai-du,0.004785491074802781
rfsim5g-oai-du,0.005011748303366862
rfsim5g-oai-du,0.0048620475277631045
rfsim5g-oai-du,0.004485032897056346
rfsim5g-oai-du,0.0036602917327691865
rfsim5g-oai-du,0.00479528368419904
rfsim5g-oai-du,0.0037338524824567223
rfsim5g-oai-du,0.005425444488440047
rfsim5g-oai-du,0.004085991046877387
rfsim5g-oai-du,0.0029754647374765045
rfsim5g-oai-du,0.004879372158281417
rfsim5g-oai-du,0.00536782242683319
rfsim5g-oai-du,0.005096065943220443
rfsim5g-oai-du,0.00436680189590085
rfsim5g-oai-du,0.004185547441411176
rfsim5g-oai-du,0.004767363095760368
rfsim5g-oai-du,0.0041145441060298936
rfsim5g-oai-du,0.004685120335439291
rfsim5g-oai-du,0.00335780205445229
rfsim5g-oai-du,0.004166397141038877
rfsim5g-oai-du,0.004938165537929933
rfsim5g-oai-du,0.004455135755965797
rfsim5g-oai-du,0.004395315276084169
rfsim5g-oai-du,0.0034270914692561575
rfsim5g-oai-du,0.004809267766939671
rfsim5g-oai-du,0.00401069624433482
rfsim5g-oai-du,0.004856663994351513
rfsim5g-oai-du,0.004585923451841299
rfsim5g-oai-du,0.004025192543330134
rfsim5g-oai-du,0.0037394543265019224
rfsim5g-oai-du,0.0038642207041512766
rfsim5g-oai-du,0.004310171724470082
rfsim5g-oai-du,0.005233840208442936
rfsim5g-oai-du,0.004471068018155615
rfsim5g-oai-du,0.0040922306550864596
rfsim5g-oai-du,0.004777883014009388
rfsim5g-oai-du,0.003774485030332
rfsim5g-oai-du,0.004690779628962371
rfsim5g-oai-du,0.0037257768822047924
rfsim5g-oai-du,0.003492093862571966
rfsim5g-oai-du,0.005468651567002869
rfsim5g-oai-du,0.0037759818073826268
rfsim5g-oai-du,0.004663977429715519
rfsim5g-oai-du,0.003780380615073083
rfsim5g-oai-du,0.005184435478903481
rfsim5g-oai-du,0.00399145349379395
rfsim5g-oai-du,0.004410928392210708
rfsim5g-oai-du,0.0036595100694982487
rfsim5g-oai-du,0.004960757732531063
rfsim5g-oai-du,0.004285845597897625
rfsim5g-oai-du,0.004479227332457296
rfsim5g-oai-du,0.004493447787998244
rfsim5g-oai-du,0.0038657148050808827
rfsim5g-oai-du,0.0034497939528696123
rfsim5g-oai-du,0.004488596843459175
rfsim5g-oai-du,0.005100371024349835
rfsim5g-oai-du,0.004837651080156284
rfsim5g-oai-du,0.0036648020452405153
rfsim5g-oai-du,0.0051252893774499896
rfsim5g-oai-du,0.004832781899402335
rfsim5g-oai-du,0.004120842446405534
rfsim5g-oai-du,0.004660892471428292
rfsim5g-oai-du,0.003561323147046513
rfsim5g-oai-du,0.004357848171183479
rfsim5g-oai-du,0.005622428273121028
rfsim5g-oai-du,0.004365494211872324
rfsim5g-oai-du,0.004716088998070569
rfsim5g-oai-du,0.004294932449410052
rfsim5g-oai-du,0.004690951630995905
rfsim5g-oai-du,0.004558409554182777
rfsim5g-oai-du,0.003349106536720146
rfsim5g-oai-du,0.005334971698744371
rfsim5g-oai-du,0.004399861192265899
rfsim5g-oai-du,0.004652915239745298
rfsim5g-oai-du,0.005087568818486324
rfsim5g-oai-du,0.003105258060886989
rfsim5g-oai-du,0.004910699660238671
rfsim5g-oai-du,0.005446930160254138
rfsim5g-oai-du,0.00303685476533396
rfsim5g-oai-du,0.005332203209656442
rfsim5g-oai-du,0.004001261801888266
rfsim5g-oai-du,0.00478224146298433
rfsim5g-oai-du,0.004204280574428888
rfsim5g-oai-du,0.004543209564987288
rfsim5g-oai-du,0.004471586892261399
rfsim5g-oai-du,0.004845559671997034
rfsim5g-oai-du,0.0043870849309465675
rfsim5g-oai-du,0.0033795207386878344
rfsim5g-oai-du,0.003644097469562056
rfsim5g-oai-du,0.004746007427918644
rfsim5g-oai-du,0.003375383438818772
rfsim5g-oai-du,0.00359779981979616
rfsim5g-oai-du,0.005382351441631478
rfsim5g-oai-du,0.003749352206974774
rfsim5g-oai-du,0.003871689493870129
rfsim5g-oai-du,0.005255967410823244
rfsim5g-oai-du,0.004282322898884911
rfsim5g-oai-du,0.004512272385080294
rfsim5g-oai-du,0.004074275784191028
rfsim5g-oai-du,0.0038194223793772083
rfsim5g-oai-du,0.004499224067526001
rfsim5g-oai-du,0.0036674877566877473
rfsim5g-oai-du,0.004272194694194606
rfsim5g-oai-du,0.005828257276057443
rfsim5g-oai-du,0.004144834676434479
rfsim5g-oai-du,0.003369815714222868
rfsim5g-oai-du,0.004145305243939832
rfsim5g-oai-du,0.003070792969952979
rfsim5g-oai-du,0.004966282675640925
rfsim5g-oai-du,0.0031513869645097836
rfsim5g-oai-du,0.005050396173149335
rfsim5g-oai-du,0.004389460678437148
rfsim5g-oai-du,0.004504317104319565
rfsim5g-oai-du,0.004807475013777042
rfsim5g-oai-du,0.0037389247437450094
rfsim5g-oai-du,0.003367418406260377
rfsim5g-oai-du,0.00491823465226509
rfsim5g-oai-du,0.004320993771611148
rfsim5g-oai-du,0.004961126429648089
rfsim5g-oai-du,0.003537762656263633
rfsim5g-oai-du,0.004226099366078455
rfsim5g-oai-du,0.004697836090426928
rfsim5g-oai-du,0.004151385495161947
rfsim5g-oai-du,0.004128411156195644
rfsim5g-oai-du,0.0041482429437730926
rfsim5g-oai-du,0.00431614995521701
rfsim5g-oai-du,0.004686347447380273
rfsim5g-oai-du,0.004652888826690428
rfsim5g-oai-du,0.0037092525974024727
rfsim5g-oai-du,0.0053903864054693565
rfsim5g-oai-du,0.0040049258918400405
rfsim5g-oai-du,0.003674935445700672
rfsim5g-oai-du,0.0038841746209130053
rfsim5g-oai-du,0.004292753883715591
rfsim5g-oai-du,0.004063671823347798
rfsim5g-oai-du,0.003914316638938832
rfsim5g-oai-du,0.005553636324352548
rfsim5g-oai-du,0.004627477825888715
rfsim5g-oai-du,0.004232240815861441
rfsim5g-oai-du,0.004130782566089344
rfsim5g-oai-du,0.004448701731996216
rfsim5g-oai-du,0.003676754315775549
rfsim5g-oai-du,0.004445945182467348
rfsim5g-oai-du,0.004854287637320261
rfsim5g-oai-du,0.004666661678565802
rfsim5g-oai-du,0.006180954178628945
rfsim5g-oai-du,0.0036624115107263197
rfsim5g-oai-du,0.004696640662793458
rfsim5g-oai-du,0.003226530822614527
rfsim5g-oai-du,0.004823664992546841
rfsim5g-oai-du,0.0037787133585597777
rfsim5g-oai-du,0.0055488656576081355
rfsim5g-oai-du,0.00412168038069018
rfsim5g-oai-du,0.004747448788030393
rfsim5g-oai-du,0.004651529389986329
rfsim5g-oai-du,0.003913298691116491
rfsim5g-oai-du,0.004120393710390446
rfsim5g-oai-du,0.004308651462745212
rfsim5g-oai-du,0.004156089215183126
rfsim5g-oai-du,0.004137706469105024
rfsim5g-oai-du,0.00526489445027105
rfsim5g-oai-du,0.0057342862177241745
rfsim5g-oai-du,0.004037360313551788
rfsim5g-oai-du,0.004222914789798304
rfsim5g-oai-du,0.004048765717125668
rfsim5g-oai-du,0.0035942472503201228
rfsim5g-oai-du,0.004122624917178165
rfsim5g-oai-du,0.005143236273686727
rfsim5g-oai-du,0.004082726489685966
rfsim5g-oai-du,0.005527992047321824
rfsim5g-oai-du,0.003846504677401877
rfsim5g-oai-du,0.0036857074159273567
rfsim5g-oai-du,0.004697336992003662
rfsim5g-oai-du,0.0043236355597195885
rfsim5g-oai-du,0.004470474167675887
rfsim5g-oai-du,0.004155066174622438
rfsim5g-oai-du,0.0045834184356649986
rfsim5g-oai-du,0.0048352095107130925
rfsim5g-oai-du,0.004062223173490602
rfsim5g-oai-du,0.0036631565896288673
rfsim5g-oai-du,0.004477416492924627
rfsim5g-oai-du,0.0043874506586392015
rfsim5g-oai-du,0.003862680299669739
rfsim5g-oai-du,0.004760916459191385
rfsim5g-oai-du,0.004082267303426716
rfsim5g-oai-du,0.004007640669352559
rfsim5g-oai-du,0.0046360982510758415
rfsim5g-oai-du,0.003795608002930149
rfsim5g-oai-du,0.005115257004853095
rfsim5g-oai-du,0.005778538760464552
rfsim5g-oai-du,0.0035271769591189075
rfsim5g-oai-du,0.004249008260608748
rfsim5g-oai-du,0.003499352297204138
rfsim5g-oai-du,0.004508178145517863
rfsim5g-oai-du,0.0028221151011658644
rfsim5g-oai-du,0.005995388940998036
rfsim5g-oai-du,0.003994009736924227
rfsim5g-oai-du,0.004166411367649352
rfsim5g-oai-du,0.005395073914307042
rfsim5g-oai-du,0.004349657294204584
rfsim5g-oai-du,0.0037077390089627405
rfsim5g-oai-du,0.004020925146760554
rfsim5g-oai-du,0.003962832398577028
rfsim5g-oai-du,0.004837263535778876
rfsim5g-oai-du,0.0044291317897123235
rfsim5g-oai-du,0.0036346933463663506
rfsim5g-oai-du,0.004277707440158165
rfsim5g-oai-du,0.005724838012320768
rfsim5g-oai-du,0.0035461220931553732
rfsim5g-oai-du,0.004004941054785184
rfsim5g-oai-du,0.005013569379404573
rfsim5g-oai-du,0.0038241728120027535
rfsim5g-oai-du,0.004217089270288826
rfsim5g-oai-du,0.0038231389277700993
rfsim5g-oai-du,0.00419972207780682
rfsim5g-oai-du,0.005331616321180179
rfsim5g-oai-du,0.0047104619520541855
rfsim5g-oai-du,0.004547838590351363
rfsim5g-oai-du,0.005511037877109777
rfsim5g-oai-du,0.0037173791476543144
rfsim5g-oai-du,0.004186348336508171
rfsim5g-oai-du,0.00480700410487302
rfsim5g-oai-du,0.004244245144773987
rfsim5g-oai-du,0.004866556673728877
rfsim5g-oai-du,0.0037570592116876827
rfsim5g-oai-du,0.004405106824264164
rfsim5g-oai-du,0.004177502029438008
rfsim5g-oai-du,0.004214823550401722
rfsim5g-oai-du,0.005168649197145429
rfsim5g-oai-du,0.004785990107658257
rfsim5g-oai-du,0.0050777240844670215
rfsim5g-oai-du,0.004231269888410931
rfsim5g-oai-du,0.00380387050422552
rfsim5g-oai-du,0.003646603153744964
rfsim5g-oai-du,0.004726460162067479
rfsim5g-oai-du,0.004088651073149411
rfsim5g-oai-du,0.0053072295663600935
rfsim5g-oai-du,0.004409811810142549
rfsim5g-oai-du,0.003432968905663696
rfsim5g-oai-du,0.004897091110574813
rfsim5g-oai-du,0.005375466195606916
rfsim5g-oai-du,0.004664760055323838
rfsim5g-oai-du,0.005656115421509198
rfsim5g-oai-du,0.003599212617395694
rfsim5g-oai-du,0.00427471557320376
rfsim5g-oai-du,0.005083816341366681
rfsim5g-oai-du,0.004481751575098265
rfsim5g-oai-du,0.004048901044191014
rfsim5g-oai-du,0.004469666431687135
rfsim5g-oai-du,0.004176380153392862
rfsim5g-oai-du,0.004731751849935769
rfsim5g-oai-du,0.004443061672027095
rfsim5g-oai-du,0.0038993948629135445
rfsim5g-oai-du,0.0047166528068823136
rfsim5g-oai-du,0.005333514635491521
rfsim5g-oai-du,0.003925856490570142
rfsim5g-oai-du,0.0034528346751957826
rfsim5g-oai-du,0.00330961058504488
rfsim5g-oai-du,0.0032708728994399828
rfsim5g-oai-du,0.0048061679781275235
rfsim5g-oai-du,0.00544467849204208
rfsim5g-oai-du,0.0052363043324568205
rfsim5g-oai-du,0.004124338112807432
rfsim5g-oai-du,0.003716379051322079
rfsim5g-oai-du,0.004055688708216449
rfsim5g-oai-du,0.003377506699877787
rfsim5g-oai-du,0.004351347102101138
rfsim5g-oai-du,0.0045987743029130175
rfsim5g-oai-du,0.004899515002652137
rfsim5g-oai-du,0.0061587656168748854
rfsim5g-oai-du,0.0032050272433359396
rfsim5g-oai-du,0.004597498360878399
rfsim5g-oai-du,0.0032060143564468014
rfsim5g-oai-du,0.004067944412378701
rfsim5g-oai-du,0.003985850752564069
rfsim5g-oai-du,0.004119262975624678
rfsim5g-oai-du,0.00492485115215541
rfsim5g-oai-du,0.004834257453387285
rfsim5g-oai-du,0.0042621299843086735
rfsim5g-oai-du,0.004239532767214372
rfsim5g-oai-du,0.004139016752815135
rfsim5g-oai-du,0.004205363037573778
rfsim5g-oai-du,0.004165090651878637
rfsim5g-oai-du,0.004251006654594956
rfsim5g-oai-du,0.004645012788592004
rfsim5g-oai-du,0.004833947672744245
rfsim5g-oai-du,0.004571311593079195
rfsim5g-oai-du,0.0039145898890094845
rfsim5g-oai-du,0.004047545204811808
rfsim5g-oai-du,0.005069916501531249
rfsim5g-oai-du,0.004292442713024577
rfsim5g-oai-du,0.005313886371824869
rfsim5g-oai-du,0.0035761371599713956
rfsim5g-oai-du,0.004515742223849696
rfsim5g-oai-du,0.004357190871101174
rfsim5g-oai-du,0.00422414035843553
rfsim5g-oai-du,0.004366285024987054
rfsim5g-oai-du,0.004474431413002015
rfsim5g-oai-du,0.004554437512613876
rfsim5g-oai-du,0.005828572690781214
rfsim5g-oai-du,0.003012848608526238
rfsim5g-oai-du,0.004319849805379677
rfsim5g-oai-du,0.004255131254485012
rfsim5g-oai-du,0.0055361859655988395
rfsim5g-oai-du,0.003338486615782933
rfsim5g-oai-du,0.0039947177065617215
rfsim5g-oai-du,0.004279443917285718
rfsim5g-oai-du,0.003589662944230709
rfsim5g-oai-du,0.0057401585354939595
rfsim5g-oai-du,0.004870735113573382
rfsim5g-oai-du,0.005193558404431967
rfsim5g-oai-du,0.0035713112022159065
rfsim5g-oai-du,0.00422626012188354
rfsim5g-oai-du,0.004129420643729346
rfsim5g-oai-du,0.004206396981132106
rfsim5g-oai-du,0.004930574051054153
rfsim5g-oai-du,0.004445253007769188
rfsim5g-oai-du,0.004683649601137934
rfsim5g-oai-du,0.005165887763038029
rfsim5g-oai-du,0.004345000333311027
rfsim5g-oai-du,0.0040189804457480315
rfsim5g-oai-du,0.003956186783500842
rfsim5g-oai-du,0.003964210233592814
rfsim5g-oai-du,0.005353038500828773
rfsim5g-oai-du,0.0038582776781459433
rfsim5g-oai-du,0.004043520832429195
rfsim5g-oai-du,0.004091285122173531
rfsim5g-oai-du,0.0042384879996528076
rfsim5g-oai-du,0.0035957341261230106
rfsim5g-oai-du,0.004231977843886143
rfsim5g-oai-du,0.004023264163928683
rfsim5g-oai-du,0.0045222256904357975
rfsim5g-oai-du,0.003603845595417653
rfsim5g-oai-du,0.003118641127796365
rfsim5g-oai-du,0.004661836631495898
rfsim5g-oai-du,0.003972217744407034
rfsim5g-oai-du,0.005238608861258415
rfsim5g-oai-du,0.005379203607849974
rfsim5g-oai-du,0.004014991982555211
rfsim5g-oai-du,0.0036020627078698895
rfsim5g-oai-du,0.004404970463205765
rfsim5g-oai-du,0.003670551448641154
rfsim5g-oai-du,0.005160966516304177
rfsim5g-oai-du,0.003855954779057109
rfsim5g-oai-du,0.004798846877174146
rfsim5g-oai-du,0.00425911262306536
rfsim5g-oai-du,0.0039021688782750192
rfsim5g-oai-du,0.003966258882105262
rfsim5g-oai-du,0.005072691351071246
rfsim5g-oai-du,0.004310138521330547
rfsim5g-oai-du,0.004129521847549899
rfsim5g-oai-du,0.003792637386830965
rfsim5g-oai-du,0.00493540848740803
rfsim5g-oai-du,0.004175350612418607
rfsim5g-oai-du,0.005109645648133571
rfsim5g-oai-du,0.003686972861013407
rfsim5g-oai-du,0.004257349806310065
rfsim5g-oai-du,0.004498776237451669
rfsim5g-oai-du,0.00494889639737509
rfsim5g-oai-du,0.003402397635913358
rfsim5g-oai-du,0.004411373060709982
rfsim5g-oai-du,0.0038151459346301843
rfsim5g-oai-du,0.004894515262020527
rfsim5g-oai-du,0.004216017828201338
rfsim5g-oai-du,0.0044198594678553195
rfsim5g-oai-du,0.004079028223909673
rfsim5g-oai-du,0.0038778401317118463
rfsim5g-oai-du,0.004629780122304008
rfsim5g-oai-du,0.004975073897363456
rfsim5g-oai-du,0.004309265853047715
rfsim5g-oai-du,0.003582751861380997
rfsim5g-oai-du,0.003773447938249897
rfsim5g-oai-du,0.005959960996380145
rfsim5g-oai-du,0.004350854139433623
rfsim5g-oai-du,0.005094620653594781
rfsim5g-oai-du,0.0043092883877995595
rfsim5g-oai-du,0.004013661830065189
rfsim5g-oai-du,0.0036553421966861815
rfsim5g-oai-du,0.005795595804382638
rfsim5g-oai-du,0.0036080021824332793
rfsim5g-oai-du,0.004789479400498786
rfsim5g-oai-du,0.0042894898206552465
rfsim5g-oai-du,0.00425215429507774
rfsim5g-oai-du,0.004074065744876751
rfsim5g-oai-du,0.0053275905366882755
rfsim5g-oai-du,0.003778487911551157
rfsim5g-oai-du,0.0034075838199057497
rfsim5g-oai-du,0.006209061163776779
rfsim5g-oai-du,0.003933149812402065
rfsim5g-oai-du,0.0048748708055569795
rfsim5g-oai-du,0.004591796893587575
rfsim5g-oai-du,0.004670221646128879
rfsim5g-oai-du,0.00390566545462732
rfsim5g-oai-du,0.003793774622557465
rfsim5g-oai-du,0.005707175976909411
rfsim5g-oai-du,0.00419298687833031
rfsim5g-oai-du,0.004559321047957464
rfsim5g-oai-du,0.004954065053751814
rfsim5g-oai-du,0.003781644820202244
rfsim5g-oai-du,0.006044102227323871
rfsim5g-oai-du,0.0036554559060507745
rfsim5g-oai-du,0.005003849596412421
rfsim5g-oai-du,0.0042635304932730125
rfsim5g-oai-du,0.00417812094170372
rfsim5g-oai-du,0.0038961635874435953
rfsim5g-oai-du,0.004568213071096826
rfsim5g-oai-du,0.004855093165396911
rfsim5g-oai-du,0.0030347608871230313
rfsim5g-oai-du,0.004892128004191069
rfsim5g-oai-du,0.004097733474492047
rfsim5g-oai-du,0.0050492019894572
rfsim5g-oai-du,0.004629695052824207
rfsim5g-oai-du,0.0038654173669468083
rfsim5g-oai-du,0.004323527344700219
rfsim5g-oai-du,0.004608354187399247
rfsim5g-oai-du,0.005024536168424524
rfsim5g-oai-du,0.0037268776620448373
rfsim5g-oai-du,0.003209428758109391
rfsim5g-oai-du,0.00510193814622037
rfsim5g-oai-du,0.004850962653889745
rfsim5g-oai-du,0.0043383012448706465
rfsim5g-oai-du,0.0029935965471986404
rfsim5g-oai-du,0.004008017761788481
rfsim5g-oai-du,0.006012384559688537
rfsim5g-oai-du,0.004443964521675707
rfsim5g-oai-du,0.00432310589753699
rfsim5g-oai-du,0.0041938566959795545
rfsim5g-oai-du,0.004076080456752332
rfsim5g-oai-du,0.0040915194032461405
rfsim5g-oai-du,0.004830372621964949
rfsim5g-oai-du,0.00402901523724651
rfsim5g-oai-du,0.004077893539764032
rfsim5g-oai-du,0.00390949558921785
rfsim5g-oai-du,0.005110772696214431
rfsim5g-oai-du,0.003870934610303505
rfsim5g-oai-du,0.004184375552316351
rfsim5g-oai-du,0.004418269940327249
rfsim5g-oai-du,0.005351521843301661
rfsim5g-oai-du,0.0031291569224562686
rfsim5g-oai-du,0.004014409547907662
rfsim5g-oai-du,0.0046218793524259085
rfsim5g-oai-du,0.003303098713840266
rfsim5g-oai-du,0.0055346103628962865
rfsim5g-oai-du,0.00405002743374302
rfsim5g-oai-du,0.004571793478260601
rfsim5g-oai-du,0.003692077804019334
rfsim5g-oai-du,0.005186851009313539
rfsim5g-oai-du,0.004751501336839132
rfsim5g-oai-du,0.0042928742034670795
rfsim5g-oai-du,0.004239206144237177
rfsim5g-oai-du,0.005033014618587937
rfsim5g-oai-du,0.004833949233631577
rfsim5g-oai-du,0.004212060069105693
rfsim5g-oai-du,0.004645847333034485
rfsim5g-oai-du,0.004509435432541892
rfsim5g-oai-du,0.0037300339982069552
rfsim5g-oai-du,0.004873255356342237
rfsim5g-oai-du,0.004488458412516082
rfsim5g-oai-du,0.004631909798028775
rfsim5g-oai-du,0.0038687549829850903
rfsim5g-oai-du,0.004523570159543697
rfsim5g-oai-du,0.004221896605419121
rfsim5g-oai-du,0.0058974840058725105
rfsim5g-oai-du,0.00414602925212478
rfsim5g-oai-du,0.004128145882458011
rfsim5g-oai-du,0.00488605028819096
rfsim5g-oai-du,0.003934084804074515
rfsim5g-oai-du,0.005060768218578305
rfsim5g-oai-du,0.003976631495464611
rfsim5g-oai-du,0.00567609074353058
rfsim5g-oai-du,0.004078453830069892
rfsim5g-oai-du,0.0040462080401106
rfsim5g-oai-du,0.0040876722350882
rfsim5g-oai-du,0.005313724712134383
rfsim5g-oai-du,0.003590867692648402
rfsim5g-oai-du,0.006371229716563198
rfsim5g-oai-du,0.002692545394154271
rfsim5g-oai-du,0.0040817739909530795
rfsim5g-oai-du,0.003988287430277996
rfsim5g-oai-du,0.0036590332908784393
rfsim5g-oai-du,0.005773304712547541
rfsim5g-oai-du,0.004417217925149471
rfsim5g-oai-du,0.004134169787340335
rfsim5g-oai-du,0.003881821134336382
rfsim5g-oai-du,0.004711273915707941
rfsim5g-oai-du,0.004712977448017633
rfsim5g-oai-du,0.004360526949618963
rfsim5g-oai-du,0.004468179198051605
rfsim5g-oai-du,0.0037908934193313045
rfsim5g-oai-du,0.00520291511720108
rfsim5g-oai-du,0.004294192503679907
rfsim5g-oai-du,0.004069368791756451
rfsim5g-oai-du,0.003487606998075302
rfsim5g-oai-du,0.00406956977185042
rfsim5g-oai-du,0.004102510292379648
rfsim5g-oai-du,0.003593570284796627
rfsim5g-oai-du,0.005423884408662232
rfsim5g-oai-du,0.004157493675978145
rfsim5g-oai-du,0.0041604412737432685
rfsim5g-oai-du,0.004634195284916258
rfsim5g-oai-du,0.0043544275754185445
rfsim5g-oai-du,0.004936103182705644
rfsim5g-oai-du,0.004223902410334128
rfsim5g-oai-du,0.003651005859374572
rfsim5g-oai-du,0.004325886319247262
rfsim5g-oai-du,0.004487151224540085
rfsim5g-oai-du,0.00374665298348581
rfsim5g-oai-du,0.00475239409352695
rfsim5g-oai-du,0.004405873400703363
rfsim5g-oai-du,0.004312315039232451
rfsim5g-oai-du,0.004237897972972739
rfsim5g-oai-du,0.0037655557541408655
rfsim5g-oai-du,0.004927294790758027
rfsim5g-oai-du,0.004921473346351909
rfsim5g-oai-du,0.003915030031647372
rfsim5g-oai-du,0.0036432829439095285
rfsim5g-oai-du,0.004814908580791735
rfsim5g-oai-du,0.004715070120728836
rfsim5g-oai-du,0.004630768476856308
rfsim5g-oai-du,0.004281338218915583
rfsim5g-oai-du,0.0037620410745311857
rfsim5g-oai-du,0.004776919033782901
rfsim5g-oai-du,0.004036162864824697
rfsim5g-oai-du,0.0045980879483065945
rfsim5g-oai-du,0.0043308487141676625
rfsim5g-oai-du,0.0038044936546255495
rfsim5g-oai-du,0.004794916923213168
rfsim5g-oai-du,0.005519848729817731
rfsim5g-oai-du,0.00390912021882162
rfsim5g-oai-du,0.0045281016834863835
rfsim5g-oai-du,0.0041357380369061005
rfsim5g-oai-du,0.004562510170596209
rfsim5g-oai-du,0.0048522827088619365
rfsim5g-oai-du,0.0051287689132207374
rfsim5g-oai-du,0.0046289383209343025
rfsim5g-oai-du,0.003613136625532361
rfsim5g-oai-du,0.004565984370515782
rfsim5g-oai-du,0.0035902269860176458
rfsim5g-oai-du,0.004207770080720091
rfsim5g-oai-du,0.004818455008600772
rfsim5g-oai-du,0.0055391681002162005
rfsim5g-oai-du,0.0036660413442606283
rfsim5g-oai-du,0.00446911531065446
rfsim5g-oai-du,0.004796394098255511
rfsim5g-oai-du,0.005132271072753185
rfsim5g-oai-du,0.004016890300823963
rfsim5g-oai-du,0.004733898675659231
rfsim5g-oai-du,0.005108921276548293
rfsim5g-oai-du,0.004173952341603791
rfsim5g-oai-du,0.00358038067635025
rfsim5g-oai-du,0.004727288265705899
rfsim5g-oai-du,0.0034561501309284008
rfsim5g-oai-du,0.005365731653275842
rfsim5g-oai-du,0.0045015376501613856
rfsim5g-oai-du,0.0037652623904075888
rfsim5g-oai-du,0.005152213166850743
rfsim5g-oai-du,0.0037331937839477003
rfsim5g-oai-du,0.0036721263541459525
rfsim5g-oai-du,0.003876533549996828
rfsim5g-oai-du,0.00661266344954392
rfsim5g-oai-du,0.003493092705665339
rfsim5g-oai-du,0.004300528622754787
rfsim5g-oai-du,0.004934002292557778
rfsim5g-oai-du,0.003319240205303805
rfsim5g-oai-du,0.0054410968349014556
rfsim5g-oai-du,0.004078450010171859
rfsim5g-oai-du,0.0037228363887067363
rfsim5g-oai-du,0.004516269016026641
rfsim5g-oai-du,0.004123126630348883
rfsim5g-oai-du,0.005353395549852741
rfsim5g-oai-du,0.0038999397305600775
rfsim5g-oai-du,0.004391254988688598
rfsim5g-oai-du,0.003988321268190264
rfsim5g-oai-du,0.005230602638815988
rfsim5g-oai-du,0.0033316118386586538
rfsim5g-oai-du,0.003939963888161483
rfsim5g-oai-du,0.005097585974332155
rfsim5g-oai-du,0.00561967739324107
rfsim5g-oai-du,0.003463827059300159
rfsim5g-oai-du,0.005065108581259065
rfsim5g-oai-du,0.0035100359576339833
rfsim5g-oai-du,0.0031470808568315445
rfsim5g-oai-du,0.004544035734356367
rfsim5g-oai-du,0.004411327856930576
rfsim5g-oai-du,0.00513605345277841
rfsim5g-oai-du,0.005761839433771642
rfsim5g-oai-du,0.003239780013481184
rfsim5g-oai-du,0.004272929052915033
rfsim5g-oai-du,0.0039427400741488565
rfsim5g-oai-du,0.004864550301235008
rfsim5g-oai-du,0.004078065699572828
rfsim5g-oai-du,0.004554814109251539
rfsim5g-oai-du,0.004298489549324873
rfsim5g-oai-du,0.0033809187973476455
rfsim5g-oai-du,0.003934488399621421
rfsim5g-oai-du,0.005758622294372605
rfsim5g-oai-du,0.005002193959686438
rfsim5g-oai-du,0.004014545014010973
rfsim5g-oai-du,0.0039613423241057055
rfsim5g-oai-du,0.0029338897629896843
rfsim5g-oai-du,0.004629663559175415
rfsim5g-oai-du,0.003390433507083427
rfsim5g-oai-du,0.005661249108972689
rfsim5g-oai-du,0.0038405108259828447
rfsim5g-oai-du,0.004431373139980301
rfsim5g-oai-du,0.003930164981407747
rfsim5g-oai-du,0.005107201230782271
rfsim5g-oai-du,0.003671790549503245
rfsim5g-oai-du,0.0044125270185051985
rfsim5g-oai-du,0.0047991275347423895
rfsim5g-oai-du,0.0036066957880992834
rfsim5g-oai-du,0.004934117791910346
rfsim5g-oai-du,0.003833244191772743
rfsim5g-oai-du,0.004344731382272318
rfsim5g-oai-du,0.004016388559284685
rfsim5g-oai-du,0.004128591339768191
rfsim5g-oai-du,0.0048368030195694665
rfsim5g-oai-du,0.0049881501473554805
rfsim5g-oai-du,0.00431976110704861
rfsim5g-oai-du,0.003716457355581052
rfsim5g-oai-du,0.0037525397637882024
rfsim5g-oai-du,0.004344437040923419
rfsim5g-oai-du,0.005057606002973238
rfsim5g-oai-du,0.0035869102833160633
rfsim5g-oai-du,0.004350431575725818
rfsim5g-oai-du,0.00418698921314317
rfsim5g-oai-du,0.004258054193688295
rfsim5g-oai-du,0.004797050345871117
rfsim5g-oai-du,0.003535330998703449
rfsim5g-oai-du,0.003455552688613738
rfsim5g-oai-du,0.005118145118974577
rfsim5g-oai-du,0.004600879405927129
rfsim5g-oai-du,0.00429788328428361
rfsim5g-oai-du,0.004137569590149816
rfsim5g-oai-du,0.004795209548363869
rfsim5g-oai-du,0.00398524024270949
rfsim5g-oai-du,0.004371614375889118
rfsim5g-oai-du,0.004977161883049802
rfsim5g-oai-du,0.0031696804057907797
rfsim5g-oai-du,0.004838031505755848
rfsim5g-oai-du,0.0037869755613818583
rfsim5g-oai-du,0.004695425617886577
rfsim5g-oai-du,0.00418726006240603
rfsim5g-oai-du,0.003998339327002679
rfsim5g-oai-du,0.0044626911576531566
rfsim5g-oai-du,0.004072914374822541
rfsim5g-oai-du,0.004811724542540319
rfsim5g-oai-du,0.004640967808771638
rfsim5g-oai-du,0.004019788576039771
rfsim5g-oai-du,0.003665725621372589
rfsim5g-oai-du,0.0044731202649418685
rfsim5g-oai-du,0.005467754818129251
rfsim5g-oai-du,0.003726528421425413
rfsim5g-oai-du,0.005113512109658881
rfsim5g-oai-du,0.002968970337395325
rfsim5g-oai-du,0.004842617449368376
rfsim5g-oai-du,0.0045922054565091415
rfsim5g-oai-du,0.003950921253524563
rfsim5g-oai-du,0.004613474610852693
rfsim5g-oai-du,0.005188073359161785
rfsim5g-oai-du,0.004672480823456606
rfsim5g-oai-du,0.004207587304649771
rfsim5g-oai-du,0.005128893798100517
rfsim5g-oai-du,0.004971545994383069
rfsim5g-oai-du,0.004168548309644802
rfsim5g-oai-du,0.005302917752550423
rfsim5g-oai-du,0.004548803900348767
rfsim5g-oai-du,0.0044898548743317595
rfsim5g-oai-du,0.0027124784001059873
rfsim5g-oai-du,0.003890092045377743
rfsim5g-oai-du,0.0034410183637883156
rfsim5g-oai-du,0.004257706813395964
rfsim5g-oai-du,0.005450248035686053
rfsim5g-oai-du,0.004370307673536719
rfsim5g-oai-du,0.003935597400004461
rfsim5g-oai-du,0.0048989525478625295
rfsim5g-oai-du,0.004208579497304822
rfsim5g-oai-du,0.00522790188329309
rfsim5g-oai-du,0.0036301023336937606
rfsim5g-oai-du,0.004730300068443159
rfsim5g-oai-du,0.0034713885810167236
rfsim5g-oai-du,0.004219507658740903
rfsim5g-oai-du,0.004036632692136025
rfsim5g-oai-du,0.0040568476934717875
rfsim5g-oai-du,0.0050259043993229075
rfsim5g-oai-du,0.0031924339825865006
rfsim5g-oai-du,0.004761480365316908
rfsim5g-oai-du,0.005265158850192508
rfsim5g-oai-du,0.004603672650570032
rfsim5g-oai-du,0.0038628353159853193
rfsim5g-oai-du,0.0037330755740214686
rfsim5g-oai-du,0.004396462038049768
rfsim5g-oai-du,0.004457453684670732
rfsim5g-oai-du,0.005000500146346988
rfsim5g-oai-du,0.0037241841945287978
rfsim5g-oai-du,0.004244417201395852
rfsim5g-oai-du,0.004645567510976217
rfsim5g-oai-du,0.003399451687958551
rfsim5g-oai-du,0.00457913532200731
rfsim5g-oai-du,0.0042644160630408625
rfsim5g-oai-du,0.004646016879581677
rfsim5g-oai-du,0.0033213759141330922
rfsim5g-oai-du,0.004957386332440561
rfsim5g-oai-du,0.004274260525190627
rfsim5g-oai-du,0.004892412456965206
rfsim5g-oai-du,0.00446539924040843
rfsim5g-oai-du,0.004280304996475428
rfsim5g-oai-du,0.00404341568306368
rfsim5g-oai-du,0.0039983448409179586
rfsim5g-oai-du,0.003877457446578744
rfsim5g-oai-du,0.004470255471771304
rfsim5g-oai-du,0.005473515156753009
rfsim5g-oai-du,0.0037226363027461724
rfsim5g-oai-du,0.003135940278461471
rfsim5g-oai-du,0.004750675157810404
rfsim5g-oai-du,0.00491683466893473
rfsim5g-oai-du,0.005091106348211757
rfsim5g-oai-du,0.003303136601746186
rfsim5g-oai-du,0.006231719140362779
rfsim5g-oai-du,0.003886738661293794
rfsim5g-oai-du,0.004808691202148913
rfsim5g-oai-du,0.004387048434692465
rfsim5g-oai-du,0.004274077122761686
rfsim5g-oai-du,0.004325339641898942
rfsim5g-oai-du,0.0046766526813251654
rfsim5g-oai-du,0.004953734849486939
rfsim5g-oai-du,0.004742178544669333
rfsim5g-oai-du,0.0038686034642338024
rfsim5g-oai-du,0.0040407716955348045
rfsim5g-oai-du,0.0038426361817662387
rfsim5g-oai-du,0.00567782221293983
rfsim5g-oai-du,0.0035988207619759
rfsim5g-oai-du,0.0049314131070413835
rfsim5g-oai-du,0.004303300154049214
rfsim5g-oai-du,0.004854780611796163
rfsim5g-oai-du,0.005219914260563001
rfsim5g-oai-du,0.003463945774648376
rfsim5g-oai-du,0.00348015662969975
rfsim5g-oai-du,0.004514264458976014
rfsim5g-oai-du,0.004480225975345454
rfsim5g-oai-du,0.005200402509610226
rfsim5g-oai-du,0.004373999401967365
rfsim5g-oai-du,0.004838240077079688
rfsim5g-oai-du,0.004829087777974575
rfsim5g-oai-du,0.003826633538583822
rfsim5g-oai-du,0.0041233823742822424
rfsim5g-oai-du,0.005307404120583397
rfsim5g-oai-du,0.003604152334044591
rfsim5g-oai-du,0.004962919017569102
rfsim5g-oai-du,0.0048078748296583335
rfsim5g-oai-du,0.0045667911891515926
rfsim5g-oai-du,0.0037583356790206477
rfsim5g-oai-du,0.0038705028706740243
rfsim5g-oai-du,0.0031710721862698104
rfsim5g-oai-du,0.004882117686303382
rfsim5g-oai-du,0.004823688193564152
rfsim5g-oai-du,0.004106455912113081
rfsim5g-oai-du,0.004807160957758066
rfsim5g-oai-du,0.004498562537656559
rfsim5g-oai-du,0.004223441925334729
rfsim5g-oai-du,0.0037755906321826423
rfsim5g-oai-du,0.0041747920778605644
rfsim5g-oai-du,0.00602964645295931
rfsim5g-oai-du,0.0033032709680345974
rfsim5g-oai-du,0.003796436579777192
rfsim5g-oai-du,0.004933403559555396
rfsim5g-oai-du,0.0026508869264346485
rfsim5g-oai-du,0.004407495940658764
rfsim5g-oai-du,0.005031658201225566
rfsim5g-oai-du,0.0045687955991396715
rfsim5g-oai-du,0.004504336207275048
rfsim5g-oai-du,0.0036826213198188594
rfsim5g-oai-du,0.004248781010047763
rfsim5g-oai-du,0.0047451812475044
rfsim5g-oai-du,0.004210118339914046
rfsim5g-oai-du,0.0047400267068894485
rfsim5g-oai-du,0.003388346324474782
rfsim5g-oai-du,0.004432253295216483
rfsim5g-oai-du,0.003701021757158113
rfsim5g-oai-du,0.004090889359287378
rfsim5g-oai-du,0.0050759832620459085
rfsim5g-oai-du,0.003983039974239185
rfsim5g-oai-du,0.004760545404072876
rfsim5g-oai-du,0.004753680650247245
rfsim5g-oai-du,0.003798476204224206
rfsim5g-oai-du,0.00431667385360178
rfsim5g-oai-du,0.0036548104800752344
rfsim5g-oai-du,0.004356568783898952
rfsim5g-oai-du,0.004879395333721303
rfsim5g-oai-du,0.004301672488212972
rfsim5g-oai-du,0.004334722447262874
rfsim5g-oai-du,0.005617368218341579
rfsim5g-oai-du,0.003547492817141753
rfsim5g-oai-du,0.004773413908392367
rfsim5g-oai-du,0.002731225298116248
rfsim5g-oai-du,0.004883324551432286
rfsim5g-oai-du,0.005427056480552797
rfsim5g-oai-du,0.004373287599761255
rfsim5g-oai-du,0.004554066632768376
rfsim5g-oai-du,0.004251229102646463
rfsim5g-oai-du,0.004968612517410126
rfsim5g-oai-du,0.005434196860764145
rfsim5g-oai-du,0.004798077595699397
rfsim5g-oai-du,0.003958302869356962
rfsim5g-oai-du,0.0035865155126626256
rfsim5g-oai-du,0.003888810680137887
rfsim5g-oai-du,0.004231188907920193
rfsim5g-oai-du,0.0058439508054550894
rfsim5g-oai-du,0.002741173210762998
rfsim5g-oai-du,0.0032218883991539287
rfsim5g-oai-du,0.0037072909247180532
rfsim5g-oai-du,0.005587928376234267
rfsim5g-oai-du,0.00516093258550817
rfsim5g-oai-du,0.004089107401679327
rfsim5g-oai-du,0.004963986875828545
rfsim5g-oai-du,0.004511143901900149
rfsim5g-oai-du,0.004067850861688086
rfsim5g-oai-du,0.004474539631346709
rfsim5g-oai-du,0.00428951580102566
rfsim5g-oai-du,0.004233374319693213
rfsim5g-oai-du,0.004952064816681097
rfsim5g-oai-du,0.0038601654496923884
rfsim5g-oai-du,0.005618076724536975
rfsim5g-oai-du,0.0036323389292097852
rfsim5g-oai-du,0.004481520570911532
rfsim5g-oai-du,0.004529895072273377
rfsim5g-oai-du,0.004766216009636158
rfsim5g-oai-du,0.004603284625493201
rfsim5g-oai-du,0.004087694218134118
rfsim5g-oai-du,0.00392489697768424
rfsim5g-oai-du,0.004682929702683153
rfsim5g-oai-du,0.004423706882301737
rfsim5g-oai-du,0.004002088100609768
rfsim5g-oai-du,0.004522290041700102
rfsim5g-oai-du,0.004808617008405173
rfsim5g-oai-du,0.00387175051314704
rfsim5g-oai-du,0.004056673184538899
rfsim5g-oai-du,0.005156146029372727
rfsim5g-oai-du,0.004304397304546879
rfsim5g-oai-du,0.003892923181778084
rfsim5g-oai-du,0.003909769391434388
rfsim5g-oai-du,0.004004732595042574
rfsim5g-oai-du,0.003802809605184131
rfsim5g-oai-du,0.005399390288288511
rfsim5g-oai-du,0.003953958987105559
rfsim5g-oai-du,0.0039028970736861
rfsim5g-oai-du,0.003508041230246338
rfsim5g-oai-du,0.004509886002388715
rfsim5g-oai-du,0.0052102194505700625
rfsim5g-oai-du,0.004292915853143701
rfsim5g-oai-du,0.004073050634881954
rfsim5g-oai-du,0.004132042562654275
rfsim5g-oai-du,0.00480406348818071
rfsim5g-oai-du,0.0038048688517137216
rfsim5g-oai-du,0.005041219519956277
rfsim5g-oai-du,0.00402027754795891
rfsim5g-oai-du,0.004585538026183828
rfsim5g-oai-du,0.005210134723052013
rfsim5g-oai-du,0.004522090309588859
rfsim5g-oai-du,0.0040897395826416825
rfsim5g-oai-du,0.004223748921198029
rfsim5g-oai-du,0.005656030466070248
rfsim5g-oai-du,0.004092543053780723
rfsim5g-oai-du,0.0038961838500684402
rfsim5g-oai-du,0.0035295451162368568
rfsim5g-oai-du,0.005267361431237309
rfsim5g-oai-du,0.0032370586104709838
rfsim5g-oai-du,0.0038985252551862752
rfsim5g-oai-du,0.0053607944901766175
rfsim5g-oai-du,0.003211125410649234
rfsim5g-oai-du,0.004583354249806999
rfsim5g-oai-du,0.004428758571271272
rfsim5g-oai-du,0.005465591158637606
rfsim5g-oai-du,0.004457920647391383
rfsim5g-oai-du,0.004463107120409247
rfsim5g-oai-du,0.003970845357816769
rfsim5g-oai-du,0.004744809665978838
rfsim5g-oai-du,0.004398809959237822
rfsim5g-oai-du,0.00489407749256352
rfsim5g-oai-du,0.003834637545445044
rfsim5g-oai-du,0.004676584311997923
rfsim5g-oai-du,0.005076340164480855
rfsim5g-oai-du,0.004365499755501101
rfsim5g-oai-du,0.004684247499443957
rfsim5g-oai-du,0.0039910582573905555
rfsim5g-oai-du,0.005129553935413538
rfsim5g-oai-du,0.003439660098521681
rfsim5g-oai-du,0.005198882123700053
rfsim5g-oai-du,0.004406279671593041
rfsim5g-oai-du,0.003907330209541889
rfsim5g-oai-du,0.003734045455540917
rfsim5g-oai-du,0.0057021627947716836
rfsim5g-oai-du,0.004710989906067093
rfsim5g-oai-du,0.004510872212693097
rfsim5g-oai-du,0.0039638316400579035
rfsim5g-oai-du,0.004235681840172065
rfsim5g-oai-du,0.004909957162334006
rfsim5g-oai-du,0.005246332332041012
rfsim5g-oai-du,0.004752454840951658
rfsim5g-oai-du,0.004182725234817709
rfsim5g-oai-du,0.003527046851532248
rfsim5g-oai-du,0.005527961232388105
rfsim5g-oai-du,0.0037452990954950165
rfsim5g-oai-du,0.004575180727082943
rfsim5g-oai-du,0.003744294007653763
rfsim5g-oai-du,0.003717747861845669
rfsim5g-oai-du,0.003889796268346859
rfsim5g-oai-du,0.004706998643830803
rfsim5g-oai-du,0.004703734825120113
rfsim5g-oai-du,0.004400385165229018
rfsim5g-oai-du,0.004145649510070476
rfsim5g-oai-du,0.004604579529406707
rfsim5g-oai-du,0.004450846394507666
rfsim5g-oai-du,0.004585963256645509
rfsim5g-oai-du,0.004898399419253837
rfsim5g-oai-du,0.004887303707839936
rfsim5g-oai-du,0.0031918225820864784
rfsim5g-oai-du,0.003828347844557404
rfsim5g-oai-du,0.00463597222967538
rfsim5g-oai-du,0.004445349655666291
rfsim5g-oai-du,0.0045304604686521935
rfsim5g-oai-du,0.00422836742677041
rfsim5g-oai-du,0.004219746726799646
rfsim5g-oai-du,0.003928861455625074
rfsim5g-oai-du,0.004638735221702929
rfsim5g-oai-du,0.003961605648226325
rfsim5g-oai-du,0.004500548824613952
rfsim5g-oai-du,0.004811482397651471
rfsim5g-oai-du,0.00368784768905203
rfsim5g-oai-du,0.004089163093755337
rfsim5g-oai-du,0.005357833948585639
rfsim5g-oai-du,0.003832407867816703
rfsim5g-oai-du,0.004352708703967026
rfsim5g-oai-du,0.004018144878750892
rfsim5g-oai-du,0.0030771757723399838
rfsim5g-oai-du,0.005300209301295526
rfsim5g-oai-du,0.004607165208725474
